enrollment_number,payment_date,amount,currency,payment_method,transaction_reference,receipt_number,payment_status,payment_type,notes,discount_kind,discount_value_type,discount_value,original_amount,discount_amount,final_amount,is_complete
STU-00001,2026-05-01,100000,UZS,Cash,,RCPT-N-00001,Completed,Tuition,May tuition; source: TEMURBEK SCHOOL -  Mirzayev Mirzabek 50% (1).csv line 4,monthly_discount,fixed,300000,400000,300000,100000,true
STU-00002,2026-05-01,400000,UZS,Cash,,RCPT-N-00002,Completed,Tuition,May tuition; source: TEMURBEK SCHOOL -  Mirzayev Mirzabek 50% (1).csv line 5,,,,,,,
STU-00003,2026-05-01,400000,UZS,Cash,,RCPT-N-00003,Completed,Tuition,May tuition; source: TEMURBEK SCHOOL -  Mirzayev Mirzabek 50% (1).csv line 6,,,,,,,
STU-00004,2026-05-01,400000,UZS,Cash,,RCPT-N-00004,Completed,Tuition,May tuition; source: TEMURBEK SCHOOL -  Mirzayev Mirzabek 50% (1).csv line 7,,,,,,,
STU-00005,2026-04-01,400000,UZS,Cash,,RCPT-N-00005,Completed,Tuition,Aprel tuition; source: TEMURBEK SCHOOL -  Mirzayev Mirzabek 50% (1).csv line 8,,,,,,,
STU-00005,2026-05-01,400000,UZS,Cash,,RCPT-N-00006,Completed,Tuition,May tuition; source: TEMURBEK SCHOOL -  Mirzayev Mirzabek 50% (1).csv line 8,,,,,,,
STU-00006,2026-04-01,265000,UZS,Cash,,RCPT-N-00007,Completed,Tuition,Aprel tuition; source: TEMURBEK SCHOOL -  Mirzayev Mirzabek 50% (1).csv line 9,monthly_discount,fixed,135000,400000,135000,265000,true
STU-00006,2026-05-01,400000,UZS,Cash,,RCPT-N-00008,Completed,Tuition,May tuition; source: TEMURBEK SCHOOL -  Mirzayev Mirzabek 50% (1).csv line 9,,,,,,,
STU-00007,2026-04-01,300000,UZS,Cash,,RCPT-N-00009,Completed,Tuition,Aprel tuition; source: TEMURBEK SCHOOL -  Mirzayev Mirzabek 50% (1).csv line 10,monthly_discount,fixed,100000,400000,100000,300000,true
STU-00007,2026-05-01,400000,UZS,Cash,,RCPT-N-00010,Completed,Tuition,May tuition; source: TEMURBEK SCHOOL -  Mirzayev Mirzabek 50% (1).csv line 10,,,,,,,
STU-00008,2026-04-01,300000,UZS,Cash,,RCPT-N-00011,Completed,Tuition,Aprel tuition; source: TEMURBEK SCHOOL -  Mirzayev Mirzabek 50% (1).csv line 11,monthly_discount,fixed,100000,400000,100000,300000,true
STU-00008,2026-05-01,400000,UZS,Cash,,RCPT-N-00012,Completed,Tuition,May tuition; source: TEMURBEK SCHOOL -  Mirzayev Mirzabek 50% (1).csv line 11,,,,,,,
STU-00010,2026-02-01,300000,UZS,Cash,,RCPT-N-00013,Completed,Tuition,Fevral tuition; source: TEMURBEK SCHOOL -  Mirzayev Mirzabek 50% (1).csv line 17,monthly_discount,fixed,100000,400000,100000,300000,true
STU-00010,2026-03-01,400000,UZS,Cash,,RCPT-N-00014,Completed,Tuition,Mart tuition; source: TEMURBEK SCHOOL -  Mirzayev Mirzabek 50% (1).csv line 17,,,,,,,
STU-00010,2026-04-01,400000,UZS,Cash,,RCPT-N-00015,Completed,Tuition,Aprel tuition; source: TEMURBEK SCHOOL -  Mirzayev Mirzabek 50% (1).csv line 17,,,,,,,
STU-00010,2026-05-01,400000,UZS,Cash,,RCPT-N-00016,Completed,Tuition,May tuition; source: TEMURBEK SCHOOL -  Mirzayev Mirzabek 50% (1).csv line 17,,,,,,,
STU-00011,2026-02-01,350000,UZS,Cash,,RCPT-N-00017,Completed,Tuition,Fevral tuition; source: TEMURBEK SCHOOL -  Mirzayev Mirzabek 50% (1).csv line 18,monthly_discount,fixed,50000,400000,50000,350000,true
STU-00011,2026-03-01,400000,UZS,Cash,,RCPT-N-00018,Completed,Tuition,Mart tuition; source: TEMURBEK SCHOOL -  Mirzayev Mirzabek 50% (1).csv line 18,,,,,,,
STU-00011,2026-04-01,400000,UZS,Cash,,RCPT-N-00019,Completed,Tuition,Aprel tuition; source: TEMURBEK SCHOOL -  Mirzayev Mirzabek 50% (1).csv line 18,,,,,,,
STU-00011,2026-05-01,400000,UZS,Cash,,RCPT-N-00020,Completed,Tuition,May tuition; source: TEMURBEK SCHOOL -  Mirzayev Mirzabek 50% (1).csv line 18,,,,,,,
STU-00012,2026-02-01,350000,UZS,Cash,,RCPT-N-00021,Completed,Tuition,Fevral tuition; source: TEMURBEK SCHOOL -  Mirzayev Mirzabek 50% (1).csv line 19,monthly_discount,fixed,50000,400000,50000,350000,true
STU-00012,2026-03-01,350000,UZS,Cash,,RCPT-N-00022,Completed,Tuition,Mart tuition; source: TEMURBEK SCHOOL -  Mirzayev Mirzabek 50% (1).csv line 19,monthly_discount,fixed,50000,400000,50000,350000,true
STU-00012,2026-04-01,400000,UZS,Cash,,RCPT-N-00023,Completed,Tuition,Aprel tuition; source: TEMURBEK SCHOOL -  Mirzayev Mirzabek 50% (1).csv line 19,,,,,,,
STU-00012,2026-05-01,400000,UZS,Cash,,RCPT-N-00024,Completed,Tuition,May tuition; source: TEMURBEK SCHOOL -  Mirzayev Mirzabek 50% (1).csv line 19,,,,,,,
STU-00013,2026-02-01,150000,UZS,Cash,,RCPT-N-00025,Completed,Tuition,Fevral tuition; source: TEMURBEK SCHOOL -  Mirzayev Mirzabek 50% (1).csv line 20,monthly_discount,fixed,250000,400000,250000,150000,true
STU-00013,2026-03-01,400000,UZS,Cash,,RCPT-N-00026,Completed,Tuition,Mart tuition; source: TEMURBEK SCHOOL -  Mirzayev Mirzabek 50% (1).csv line 20,,,,,,,
STU-00013,2026-04-01,400000,UZS,Cash,,RCPT-N-00027,Completed,Tuition,Aprel tuition; source: TEMURBEK SCHOOL -  Mirzayev Mirzabek 50% (1).csv line 20,,,,,,,
STU-00013,2026-05-01,400000,UZS,Cash,,RCPT-N-00028,Completed,Tuition,May tuition; source: TEMURBEK SCHOOL -  Mirzayev Mirzabek 50% (1).csv line 20,,,,,,,
STU-00014,2026-02-01,350000,UZS,Cash,,RCPT-N-00029,Completed,Tuition,Fevral tuition; source: TEMURBEK SCHOOL -  Mirzayev Mirzabek 50% (1).csv line 21,monthly_discount,fixed,50000,400000,50000,350000,true
STU-00014,2026-03-01,400000,UZS,Cash,,RCPT-N-00030,Completed,Tuition,Mart tuition; source: TEMURBEK SCHOOL -  Mirzayev Mirzabek 50% (1).csv line 21,,,,,,,
STU-00015,2026-05-01,260000,UZS,Cash,,RCPT-N-00031,Completed,Tuition,May tuition; source: TEMURBEK SCHOOL -  Mirzayev Mirzabek 50% (1).csv line 30,monthly_discount,fixed,140000,400000,140000,260000,true
STU-00016,2026-05-01,260000,UZS,Cash,,RCPT-N-00032,Completed,Tuition,May tuition; source: TEMURBEK SCHOOL -  Mirzayev Mirzabek 50% (1).csv line 31,monthly_discount,fixed,140000,400000,140000,260000,true
STU-00017,2026-02-01,310000,UZS,Cash,,RCPT-N-00033,Completed,Tuition,Fevral tuition; source: TEMURBEK SCHOOL -  Mirzayev Mirzabek 50% (1).csv line 32,monthly_discount,fixed,90000,400000,90000,310000,true
STU-00017,2026-03-01,400000,UZS,Cash,,RCPT-N-00034,Completed,Tuition,Mart tuition; source: TEMURBEK SCHOOL -  Mirzayev Mirzabek 50% (1).csv line 32,,,,,,,
STU-00017,2026-04-01,400000,UZS,Cash,,RCPT-N-00035,Completed,Tuition,Aprel tuition; source: TEMURBEK SCHOOL -  Mirzayev Mirzabek 50% (1).csv line 32,,,,,,,
STU-00017,2026-05-01,400000,UZS,Cash,,RCPT-N-00036,Completed,Tuition,May tuition; source: TEMURBEK SCHOOL -  Mirzayev Mirzabek 50% (1).csv line 32,,,,,,,
STU-00018,2026-02-01,350000,UZS,Cash,,RCPT-N-00037,Completed,Tuition,Fevral tuition; source: TEMURBEK SCHOOL -  Mirzayev Mirzabek 50% (1).csv line 33,monthly_discount,fixed,50000,400000,50000,350000,true
STU-00018,2026-03-01,400000,UZS,Cash,,RCPT-N-00038,Completed,Tuition,Mart tuition; source: TEMURBEK SCHOOL -  Mirzayev Mirzabek 50% (1).csv line 33,,,,,,,
STU-00018,2026-04-01,400000,UZS,Cash,,RCPT-N-00039,Completed,Tuition,Aprel tuition; source: TEMURBEK SCHOOL -  Mirzayev Mirzabek 50% (1).csv line 33,,,,,,,
STU-00018,2026-05-01,400000,UZS,Cash,,RCPT-N-00040,Completed,Tuition,May tuition; source: TEMURBEK SCHOOL -  Mirzayev Mirzabek 50% (1).csv line 33,,,,,,,
STU-00019,2026-02-01,300000,UZS,Cash,,RCPT-N-00041,Completed,Tuition,Fevral tuition; source: TEMURBEK SCHOOL -  Mirzayev Mirzabek 50% (1).csv line 34,monthly_discount,fixed,100000,400000,100000,300000,true
STU-00019,2026-03-01,300000,UZS,Cash,,RCPT-N-00042,Completed,Tuition,Mart tuition; source: TEMURBEK SCHOOL -  Mirzayev Mirzabek 50% (1).csv line 34,monthly_discount,fixed,100000,400000,100000,300000,true
STU-00019,2026-05-01,150000,UZS,Cash,,RCPT-N-00043,Completed,Tuition,May tuition; source: TEMURBEK SCHOOL -  Mirzayev Mirzabek 50% (1).csv line 34,monthly_discount,fixed,250000,400000,250000,150000,true
STU-00020,2025-12-01,350000,UZS,Cash,,RCPT-N-00044,Completed,Tuition,Dekabr tuition; source: TEMURBEK SCHOOL -  Mirzayev Mirzabek 50% (1).csv line 35,monthly_discount,fixed,50000,400000,50000,350000,true
STU-00020,2026-01-01,350000,UZS,Cash,,RCPT-N-00045,Completed,Tuition,Yan tuition; source: TEMURBEK SCHOOL -  Mirzayev Mirzabek 50% (1).csv line 35,monthly_discount,fixed,50000,400000,50000,350000,true
STU-00020,2026-02-01,350000,UZS,Cash,,RCPT-N-00046,Completed,Tuition,Fevral tuition; source: TEMURBEK SCHOOL -  Mirzayev Mirzabek 50% (1).csv line 35,monthly_discount,fixed,50000,400000,50000,350000,true
STU-00020,2026-03-01,400000,UZS,Cash,,RCPT-N-00047,Completed,Tuition,Mart tuition; source: TEMURBEK SCHOOL -  Mirzayev Mirzabek 50% (1).csv line 35,,,,,,,
STU-00020,2026-04-01,400000,UZS,Cash,,RCPT-N-00048,Completed,Tuition,Aprel tuition; source: TEMURBEK SCHOOL -  Mirzayev Mirzabek 50% (1).csv line 35,,,,,,,
STU-00020,2026-05-01,400000,UZS,Cash,,RCPT-N-00049,Completed,Tuition,May tuition; source: TEMURBEK SCHOOL -  Mirzayev Mirzabek 50% (1).csv line 35,,,,,,,
STU-00021,2025-12-01,350000,UZS,Cash,,RCPT-N-00050,Completed,Tuition,Dekabr tuition; source: TEMURBEK SCHOOL -  Mirzayev Mirzabek 50% (1).csv line 36,monthly_discount,fixed,50000,400000,50000,350000,true
STU-00021,2026-01-01,350000,UZS,Cash,,RCPT-N-00051,Completed,Tuition,Yan tuition; source: TEMURBEK SCHOOL -  Mirzayev Mirzabek 50% (1).csv line 36,monthly_discount,fixed,50000,400000,50000,350000,true
STU-00021,2026-02-01,350000,UZS,Cash,,RCPT-N-00052,Completed,Tuition,Fevral tuition; source: TEMURBEK SCHOOL -  Mirzayev Mirzabek 50% (1).csv line 36,monthly_discount,fixed,50000,400000,50000,350000,true
STU-00021,2026-03-01,400000,UZS,Cash,,RCPT-N-00053,Completed,Tuition,Mart tuition; source: TEMURBEK SCHOOL -  Mirzayev Mirzabek 50% (1).csv line 36,,,,,,,
STU-00021,2026-04-01,400000,UZS,Cash,,RCPT-N-00054,Completed,Tuition,Aprel tuition; source: TEMURBEK SCHOOL -  Mirzayev Mirzabek 50% (1).csv line 36,,,,,,,
STU-00021,2026-05-01,400000,UZS,Cash,,RCPT-N-00055,Completed,Tuition,May tuition; source: TEMURBEK SCHOOL -  Mirzayev Mirzabek 50% (1).csv line 36,,,,,,,
STU-00022,2025-12-01,350000,UZS,Cash,,RCPT-N-00056,Completed,Tuition,Dekabr tuition; source: TEMURBEK SCHOOL -  Mirzayev Mirzabek 50% (1).csv line 37,monthly_discount,fixed,50000,400000,50000,350000,true
STU-00022,2026-01-01,350000,UZS,Cash,,RCPT-N-00057,Completed,Tuition,Yan tuition; source: TEMURBEK SCHOOL -  Mirzayev Mirzabek 50% (1).csv line 37,monthly_discount,fixed,50000,400000,50000,350000,true
STU-00022,2026-02-01,350000,UZS,Cash,,RCPT-N-00058,Completed,Tuition,Fevral tuition; source: TEMURBEK SCHOOL -  Mirzayev Mirzabek 50% (1).csv line 37,monthly_discount,fixed,50000,400000,50000,350000,true
STU-00022,2026-03-01,400000,UZS,Cash,,RCPT-N-00059,Completed,Tuition,Mart tuition; source: TEMURBEK SCHOOL -  Mirzayev Mirzabek 50% (1).csv line 37,,,,,,,
STU-00022,2026-04-01,400000,UZS,Cash,,RCPT-N-00060,Completed,Tuition,Aprel tuition; source: TEMURBEK SCHOOL -  Mirzayev Mirzabek 50% (1).csv line 37,,,,,,,
STU-00022,2026-05-01,400000,UZS,Cash,,RCPT-N-00061,Completed,Tuition,May tuition; source: TEMURBEK SCHOOL -  Mirzayev Mirzabek 50% (1).csv line 37,,,,,,,
STU-00024,2026-06-01,400000,UZS,Cash,,RCPT-N-00062,Completed,Tuition,Iyun tuition; source: TEMURBEK SCHOOL -  Mirzayev Mirzabek 50% (1).csv line 56,,,,,,,
STU-00025,2026-06-01,280000,UZS,Cash,,RCPT-N-00063,Completed,Tuition,Iyun tuition; source: TEMURBEK SCHOOL -  Mirzayev Mirzabek 50% (1).csv line 57,monthly_discount,fixed,120000,400000,120000,280000,true
STU-00029,2026-06-01,400000,UZS,Cash,,RCPT-N-00064,Completed,Tuition,Iyun tuition; source: TEMURBEK SCHOOL -  Mirzayev Mirzabek 50% (1).csv line 61,,,,,,,
STU-00030,2026-03-01,280000,UZS,Cash,,RCPT-N-00065,Completed,Tuition,Mart tuition; source: TEMURBEK SCHOOL - A'zamov Muhammad 45% (1).csv line 6,,,,,,,
STU-00030,2026-04-01,280000,UZS,Cash,,RCPT-N-00066,Completed,Tuition,Aprel tuition; source: TEMURBEK SCHOOL - A'zamov Muhammad 45% (1).csv line 6,,,,,,,
STU-00030,2026-05-01,280000,UZS,Cash,,RCPT-N-00067,Completed,Tuition,May tuition; source: TEMURBEK SCHOOL - A'zamov Muhammad 45% (1).csv line 6,,,,,,,
STU-00031,2026-03-01,280000,UZS,Cash,,RCPT-N-00068,Completed,Tuition,Mart tuition; source: TEMURBEK SCHOOL - A'zamov Muhammad 45% (1).csv line 7,,,,,,,
STU-00031,2026-04-01,280000,UZS,Cash,,RCPT-N-00069,Completed,Tuition,Aprel tuition; source: TEMURBEK SCHOOL - A'zamov Muhammad 45% (1).csv line 7,,,,,,,
STU-00031,2026-05-01,280000,UZS,Cash,,RCPT-N-00070,Completed,Tuition,May tuition; source: TEMURBEK SCHOOL - A'zamov Muhammad 45% (1).csv line 7,,,,,,,
STU-00032,2026-03-01,280000,UZS,Cash,,RCPT-N-00071,Completed,Tuition,Mart tuition; source: TEMURBEK SCHOOL - A'zamov Muhammad 45% (1).csv line 8,,,,,,,
STU-00032,2026-04-01,280000,UZS,Cash,,RCPT-N-00072,Completed,Tuition,Aprel tuition; source: TEMURBEK SCHOOL - A'zamov Muhammad 45% (1).csv line 8,,,,,,,
STU-00032,2026-05-01,280000,UZS,Cash,,RCPT-N-00073,Completed,Tuition,May tuition; source: TEMURBEK SCHOOL - A'zamov Muhammad 45% (1).csv line 8,,,,,,,
STU-00033,2026-03-01,250000,UZS,Cash,,RCPT-N-00074,Completed,Tuition,Mart tuition; source: TEMURBEK SCHOOL - A'zamov Muhammad 45% (1).csv line 9,serial_discount,fixed,30000,280000,30000,250000,true
STU-00033,2026-04-01,250000,UZS,Cash,,RCPT-N-00075,Completed,Tuition,Aprel tuition; source: TEMURBEK SCHOOL - A'zamov Muhammad 45% (1).csv line 9,serial_discount,fixed,30000,280000,30000,250000,true
STU-00033,2026-05-01,250000,UZS,Cash,,RCPT-N-00076,Completed,Tuition,May tuition; source: TEMURBEK SCHOOL - A'zamov Muhammad 45% (1).csv line 9,serial_discount,fixed,30000,280000,30000,250000,true
STU-00034,2026-03-01,280000,UZS,Cash,,RCPT-N-00077,Completed,Tuition,Mart tuition; source: TEMURBEK SCHOOL - A'zamov Muhammad 45% (1).csv line 10,,,,,,,
STU-00034,2026-04-01,280000,UZS,Cash,,RCPT-N-00078,Completed,Tuition,Aprel tuition; source: TEMURBEK SCHOOL - A'zamov Muhammad 45% (1).csv line 10,,,,,,,
STU-00034,2026-05-01,280000,UZS,Cash,,RCPT-N-00079,Completed,Tuition,May tuition; source: TEMURBEK SCHOOL - A'zamov Muhammad 45% (1).csv line 10,,,,,,,
STU-00035,2026-03-01,280000,UZS,Cash,,RCPT-N-00080,Completed,Tuition,Mart tuition; source: TEMURBEK SCHOOL - A'zamov Muhammad 45% (1).csv line 11,,,,,,,
STU-00035,2026-04-01,280000,UZS,Cash,,RCPT-N-00081,Completed,Tuition,Aprel tuition; source: TEMURBEK SCHOOL - A'zamov Muhammad 45% (1).csv line 11,,,,,,,
STU-00035,2026-05-01,280000,UZS,Cash,,RCPT-N-00082,Completed,Tuition,May tuition; source: TEMURBEK SCHOOL - A'zamov Muhammad 45% (1).csv line 11,,,,,,,
STU-00036,2026-03-01,280000,UZS,Cash,,RCPT-N-00083,Completed,Tuition,Mart tuition; source: TEMURBEK SCHOOL - A'zamov Muhammad 45% (1).csv line 12,,,,,,,
STU-00036,2026-04-01,280000,UZS,Cash,,RCPT-N-00084,Completed,Tuition,Aprel tuition; source: TEMURBEK SCHOOL - A'zamov Muhammad 45% (1).csv line 12,,,,,,,
STU-00036,2026-05-01,280000,UZS,Cash,,RCPT-N-00085,Completed,Tuition,May tuition; source: TEMURBEK SCHOOL - A'zamov Muhammad 45% (1).csv line 12,,,,,,,
STU-00037,2026-03-01,270000,UZS,Cash,,RCPT-N-00086,Completed,Tuition,Mart tuition; source: TEMURBEK SCHOOL - A'zamov Muhammad 45% (1).csv line 13,monthly_discount,fixed,10000,280000,10000,270000,true
STU-00037,2026-04-01,270000,UZS,Cash,,RCPT-N-00087,Completed,Tuition,Aprel tuition; source: TEMURBEK SCHOOL - A'zamov Muhammad 45% (1).csv line 13,monthly_discount,fixed,10000,280000,10000,270000,true
STU-00037,2026-05-01,280000,UZS,Cash,,RCPT-N-00088,Completed,Tuition,May tuition; source: TEMURBEK SCHOOL - A'zamov Muhammad 45% (1).csv line 13,,,,,,,
STU-00038,2026-03-01,280000,UZS,Cash,,RCPT-N-00089,Completed,Tuition,Mart tuition; source: TEMURBEK SCHOOL - A'zamov Muhammad 45% (1).csv line 14,,,,,,,
STU-00038,2026-04-01,280000,UZS,Cash,,RCPT-N-00090,Completed,Tuition,Aprel tuition; source: TEMURBEK SCHOOL - A'zamov Muhammad 45% (1).csv line 14,,,,,,,
STU-00038,2026-05-01,280000,UZS,Cash,,RCPT-N-00091,Completed,Tuition,May tuition; source: TEMURBEK SCHOOL - A'zamov Muhammad 45% (1).csv line 14,,,,,,,
STU-00039,2026-03-01,280000,UZS,Cash,,RCPT-N-00092,Completed,Tuition,Mart tuition; source: TEMURBEK SCHOOL - A'zamov Muhammad 45% (1).csv line 15,,,,,,,
STU-00039,2026-04-01,280000,UZS,Cash,,RCPT-N-00093,Completed,Tuition,Aprel tuition; source: TEMURBEK SCHOOL - A'zamov Muhammad 45% (1).csv line 15,,,,,,,
STU-00039,2026-05-01,280000,UZS,Cash,,RCPT-N-00094,Completed,Tuition,May tuition; source: TEMURBEK SCHOOL - A'zamov Muhammad 45% (1).csv line 15,,,,,,,
STU-00040,2026-04-01,280000,UZS,Cash,,RCPT-N-00095,Completed,Tuition,Aprel tuition; source: TEMURBEK SCHOOL - A'zamov Muhammad 45% (1).csv line 16,,,,,,,
STU-00040,2026-05-01,280000,UZS,Cash,,RCPT-N-00096,Completed,Tuition,May tuition; source: TEMURBEK SCHOOL - A'zamov Muhammad 45% (1).csv line 16,,,,,,,
STU-00041,2026-04-01,270000,UZS,Cash,,RCPT-N-00097,Completed,Tuition,Aprel tuition; source: TEMURBEK SCHOOL - A'zamov Muhammad 45% (1).csv line 17,monthly_discount,fixed,10000,280000,10000,270000,true
STU-00041,2026-05-01,280000,UZS,Cash,,RCPT-N-00098,Completed,Tuition,May tuition; source: TEMURBEK SCHOOL - A'zamov Muhammad 45% (1).csv line 17,,,,,,,
STU-00042,2026-03-01,135000,UZS,Cash,,RCPT-N-00099,Completed,Tuition,Mart tuition; source: TEMURBEK SCHOOL - A'zamov Muhammad 45% (1).csv line 26,monthly_discount,fixed,135000,270000,135000,135000,true
STU-00042,2026-04-01,270000,UZS,Cash,,RCPT-N-00100,Completed,Tuition,Aprel tuition; source: TEMURBEK SCHOOL - A'zamov Muhammad 45% (1).csv line 26,,,,,,,
STU-00042,2026-05-01,270000,UZS,Cash,,RCPT-N-00101,Completed,Tuition,May tuition; source: TEMURBEK SCHOOL - A'zamov Muhammad 45% (1).csv line 26,,,,,,,
STU-00043,2026-05-01,270000,UZS,Cash,,RCPT-N-00102,Completed,Tuition,May tuition; source: TEMURBEK SCHOOL - A'zamov Muhammad 45% (1).csv line 27,,,,,,,
STU-00044,2026-03-01,270000,UZS,Cash,,RCPT-N-00103,Completed,Tuition,Mart tuition; source: TEMURBEK SCHOOL - A'zamov Muhammad 45% (1).csv line 28,,,,,,,
STU-00044,2026-04-01,270000,UZS,Cash,,RCPT-N-00104,Completed,Tuition,Aprel tuition; source: TEMURBEK SCHOOL - A'zamov Muhammad 45% (1).csv line 28,,,,,,,
STU-00044,2026-05-01,270000,UZS,Cash,,RCPT-N-00105,Completed,Tuition,May tuition; source: TEMURBEK SCHOOL - A'zamov Muhammad 45% (1).csv line 28,,,,,,,
STU-00045,2026-03-01,270000,UZS,Cash,,RCPT-N-00106,Completed,Tuition,Mart tuition; source: TEMURBEK SCHOOL - A'zamov Muhammad 45% (1).csv line 29,,,,,,,
STU-00045,2026-04-01,270000,UZS,Cash,,RCPT-N-00107,Completed,Tuition,Aprel tuition; source: TEMURBEK SCHOOL - A'zamov Muhammad 45% (1).csv line 29,,,,,,,
STU-00045,2026-05-01,270000,UZS,Cash,,RCPT-N-00108,Completed,Tuition,May tuition; source: TEMURBEK SCHOOL - A'zamov Muhammad 45% (1).csv line 29,,,,,,,
STU-00046,2026-03-01,270000,UZS,Cash,,RCPT-N-00109,Completed,Tuition,Mart tuition; source: TEMURBEK SCHOOL - A'zamov Muhammad 45% (1).csv line 30,,,,,,,
STU-00046,2026-04-01,270000,UZS,Cash,,RCPT-N-00110,Completed,Tuition,Aprel tuition; source: TEMURBEK SCHOOL - A'zamov Muhammad 45% (1).csv line 30,,,,,,,
STU-00046,2026-05-01,270000,UZS,Cash,,RCPT-N-00111,Completed,Tuition,May tuition; source: TEMURBEK SCHOOL - A'zamov Muhammad 45% (1).csv line 30,,,,,,,
STU-00047,2026-03-01,270000,UZS,Cash,,RCPT-N-00112,Completed,Tuition,Mart tuition; source: TEMURBEK SCHOOL - A'zamov Muhammad 45% (1).csv line 31,,,,,,,
STU-00047,2026-04-01,270000,UZS,Cash,,RCPT-N-00113,Completed,Tuition,Aprel tuition; source: TEMURBEK SCHOOL - A'zamov Muhammad 45% (1).csv line 31,,,,,,,
STU-00047,2026-05-01,270000,UZS,Cash,,RCPT-N-00114,Completed,Tuition,May tuition; source: TEMURBEK SCHOOL - A'zamov Muhammad 45% (1).csv line 31,,,,,,,
STU-00048,2026-03-01,270000,UZS,Cash,,RCPT-N-00115,Completed,Tuition,Mart tuition; source: TEMURBEK SCHOOL - A'zamov Muhammad 45% (1).csv line 32,,,,,,,
STU-00048,2026-04-01,270000,UZS,Cash,,RCPT-N-00116,Completed,Tuition,Aprel tuition; source: TEMURBEK SCHOOL - A'zamov Muhammad 45% (1).csv line 32,,,,,,,
STU-00048,2026-05-01,270000,UZS,Cash,,RCPT-N-00117,Completed,Tuition,May tuition; source: TEMURBEK SCHOOL - A'zamov Muhammad 45% (1).csv line 32,,,,,,,
STU-00049,2026-03-01,270000,UZS,Cash,,RCPT-N-00118,Completed,Tuition,Mart tuition; source: TEMURBEK SCHOOL - A'zamov Muhammad 45% (1).csv line 33,,,,,,,
STU-00049,2026-04-01,270000,UZS,Cash,,RCPT-N-00119,Completed,Tuition,Aprel tuition; source: TEMURBEK SCHOOL - A'zamov Muhammad 45% (1).csv line 33,,,,,,,
STU-00049,2026-05-01,270000,UZS,Cash,,RCPT-N-00120,Completed,Tuition,May tuition; source: TEMURBEK SCHOOL - A'zamov Muhammad 45% (1).csv line 33,,,,,,,
STU-00050,2026-03-01,270000,UZS,Cash,,RCPT-N-00121,Completed,Tuition,Mart tuition; source: TEMURBEK SCHOOL - A'zamov Muhammad 45% (1).csv line 34,,,,,,,
STU-00050,2026-04-01,270000,UZS,Cash,,RCPT-N-00122,Completed,Tuition,Aprel tuition; source: TEMURBEK SCHOOL - A'zamov Muhammad 45% (1).csv line 34,,,,,,,
STU-00050,2026-05-01,270000,UZS,Cash,,RCPT-N-00123,Completed,Tuition,May tuition; source: TEMURBEK SCHOOL - A'zamov Muhammad 45% (1).csv line 34,,,,,,,
STU-00051,2026-05-01,270000,UZS,Cash,,RCPT-N-00124,Completed,Tuition,May tuition; source: TEMURBEK SCHOOL - A'zamov Muhammad 45% (1).csv line 35,,,,,,,
STU-00052,2026-04-01,180000,UZS,Cash,,RCPT-N-00125,Completed,Tuition,Aprel tuition; source: TEMURBEK SCHOOL - A'zamov Muhammad 45% (1).csv line 41,monthly_discount,fixed,90000,270000,90000,180000,true
STU-00052,2026-05-01,270000,UZS,Cash,,RCPT-N-00126,Completed,Tuition,May tuition; source: TEMURBEK SCHOOL - A'zamov Muhammad 45% (1).csv line 41,,,,,,,
STU-00053,2026-04-01,180000,UZS,Cash,,RCPT-N-00127,Completed,Tuition,Aprel tuition; source: TEMURBEK SCHOOL - A'zamov Muhammad 45% (1).csv line 42,monthly_discount,fixed,90000,270000,90000,180000,true
STU-00053,2026-05-01,270000,UZS,Cash,,RCPT-N-00128,Completed,Tuition,May tuition; source: TEMURBEK SCHOOL - A'zamov Muhammad 45% (1).csv line 42,,,,,,,
STU-00054,2026-04-01,180000,UZS,Cash,,RCPT-N-00129,Completed,Tuition,Aprel tuition; source: TEMURBEK SCHOOL - A'zamov Muhammad 45% (1).csv line 43,monthly_discount,fixed,90000,270000,90000,180000,true
STU-00054,2026-05-01,270000,UZS,Cash,,RCPT-N-00130,Completed,Tuition,May tuition; source: TEMURBEK SCHOOL - A'zamov Muhammad 45% (1).csv line 43,,,,,,,
STU-00055,2026-04-01,180000,UZS,Cash,,RCPT-N-00131,Completed,Tuition,Aprel tuition; source: TEMURBEK SCHOOL - A'zamov Muhammad 45% (1).csv line 44,monthly_discount,fixed,90000,270000,90000,180000,true
STU-00055,2026-05-01,270000,UZS,Cash,,RCPT-N-00132,Completed,Tuition,May tuition; source: TEMURBEK SCHOOL - A'zamov Muhammad 45% (1).csv line 44,,,,,,,
STU-00056,2026-04-01,180000,UZS,Cash,,RCPT-N-00133,Completed,Tuition,Aprel tuition; source: TEMURBEK SCHOOL - A'zamov Muhammad 45% (1).csv line 45,monthly_discount,fixed,90000,270000,90000,180000,true
STU-00056,2026-05-01,270000,UZS,Cash,,RCPT-N-00134,Completed,Tuition,May tuition; source: TEMURBEK SCHOOL - A'zamov Muhammad 45% (1).csv line 45,,,,,,,
STU-00057,2026-04-01,180000,UZS,Cash,,RCPT-N-00135,Completed,Tuition,Aprel tuition; source: TEMURBEK SCHOOL - A'zamov Muhammad 45% (1).csv line 46,monthly_discount,fixed,90000,270000,90000,180000,true
STU-00057,2026-05-01,270000,UZS,Cash,,RCPT-N-00136,Completed,Tuition,May tuition; source: TEMURBEK SCHOOL - A'zamov Muhammad 45% (1).csv line 46,,,,,,,
STU-00058,2026-04-01,180000,UZS,Cash,,RCPT-N-00137,Completed,Tuition,Aprel tuition; source: TEMURBEK SCHOOL - A'zamov Muhammad 45% (1).csv line 47,monthly_discount,fixed,90000,270000,90000,180000,true
STU-00058,2026-05-01,270000,UZS,Cash,,RCPT-N-00138,Completed,Tuition,May tuition; source: TEMURBEK SCHOOL - A'zamov Muhammad 45% (1).csv line 47,,,,,,,
STU-00059,2026-05-01,270000,UZS,Cash,,RCPT-N-00139,Completed,Tuition,May tuition; source: TEMURBEK SCHOOL - A'zamov Muhammad 45% (1).csv line 48,,,,,,,
STU-00060,2026-04-01,114000,UZS,Cash,,RCPT-N-00140,Completed,Tuition,Aprel tuition; source: TEMURBEK SCHOOL - A'zamov Muhammad 45% (1).csv line 49,monthly_discount,fixed,156000,270000,156000,114000,true
STU-00060,2026-05-01,270000,UZS,Cash,,RCPT-N-00141,Completed,Tuition,May tuition; source: TEMURBEK SCHOOL - A'zamov Muhammad 45% (1).csv line 49,,,,,,,
STU-00061,2026-04-01,135000,UZS,Cash,,RCPT-N-00142,Completed,Tuition,Aprel tuition; source: TEMURBEK SCHOOL - A'zamov Muhammad 45% (1).csv line 50,monthly_discount,fixed,135000,270000,135000,135000,true
STU-00061,2026-05-01,270000,UZS,Cash,,RCPT-N-00143,Completed,Tuition,May tuition; source: TEMURBEK SCHOOL - A'zamov Muhammad 45% (1).csv line 50,,,,,,,
STU-00063,2026-05-01,270000,UZS,Cash,,RCPT-N-00144,Completed,Tuition,May tuition; source: TEMURBEK SCHOOL - A'zamov Muhammad 45% (1).csv line 52,,,,,,,
STU-00064,2026-05-01,270000,UZS,Cash,,RCPT-N-00145,Completed,Tuition,May tuition; source: TEMURBEK SCHOOL - A'zamov Muhammad 45% (1).csv line 53,,,,,,,
STU-00065,2026-05-01,140000,UZS,Cash,,RCPT-N-00146,Completed,Tuition,May tuition; source: TEMURBEK SCHOOL - A'zamov Muhammad 45% (1).csv line 63,,,,,,,
STU-00066,2026-05-01,200000,UZS,Cash,,RCPT-N-00147,Completed,Tuition,May tuition; source: TEMURBEK SCHOOL - A'zamov Muhammad 45% (1).csv line 64,,,,,,,
STU-00084,2026-03-01,650000,UZS,Cash,,RCPT-N-00148,Completed,Tuition,Mart tuition; source: TEMURBEK SCHOOL - A'zamov Muhammad 45% (1).csv line 84,,,,,,,
STU-00084,2026-04-01,485000,UZS,Cash,,RCPT-N-00149,Completed,Tuition,Aprel tuition; source: TEMURBEK SCHOOL - A'zamov Muhammad 45% (1).csv line 84,monthly_discount,fixed,165000,650000,165000,485000,true
STU-00084,2026-05-01,650000,UZS,Cash,,RCPT-N-00150,Completed,Tuition,May tuition; source: TEMURBEK SCHOOL - A'zamov Muhammad 45% (1).csv line 84,,,,,,,
STU-00085,2026-03-01,650000,UZS,Cash,,RCPT-N-00151,Completed,Tuition,Mart tuition; source: TEMURBEK SCHOOL - A'zamov Muhammad 45% (1).csv line 85,,,,,,,
STU-00085,2026-04-01,650000,UZS,Cash,,RCPT-N-00152,Completed,Tuition,Aprel tuition; source: TEMURBEK SCHOOL - A'zamov Muhammad 45% (1).csv line 85,,,,,,,
STU-00086,2026-03-01,500000,UZS,Cash,,RCPT-N-00153,Completed,Tuition,Mart tuition; source: TEMURBEK SCHOOL - A'zamov Muhammad 45% (1).csv line 86,serial_discount,fixed,150000,650000,150000,500000,true
STU-00086,2026-04-01,500000,UZS,Cash,,RCPT-N-00154,Completed,Tuition,Aprel tuition; source: TEMURBEK SCHOOL - A'zamov Muhammad 45% (1).csv line 86,serial_discount,fixed,150000,650000,150000,500000,true
STU-00086,2026-05-01,500000,UZS,Cash,,RCPT-N-00155,Completed,Tuition,May tuition; source: TEMURBEK SCHOOL - A'zamov Muhammad 45% (1).csv line 86,serial_discount,fixed,150000,650000,150000,500000,true
STU-00087,2026-03-01,600000,UZS,Cash,,RCPT-N-00156,Completed,Tuition,Mart tuition; source: TEMURBEK SCHOOL - A'zamov Muhammad 45% (1).csv line 87,serial_discount,fixed,50000,650000,50000,600000,true
STU-00087,2026-04-01,600000,UZS,Cash,,RCPT-N-00157,Completed,Tuition,Aprel tuition; source: TEMURBEK SCHOOL - A'zamov Muhammad 45% (1).csv line 87,serial_discount,fixed,50000,650000,50000,600000,true
STU-00087,2026-05-01,600000,UZS,Cash,,RCPT-N-00158,Completed,Tuition,May tuition; source: TEMURBEK SCHOOL - A'zamov Muhammad 45% (1).csv line 87,serial_discount,fixed,50000,650000,50000,600000,true
STU-00090,2026-04-01,270000,UZS,Cash,,RCPT-N-00159,Completed,Tuition,Aprel tuition; source: TEMURBEK SCHOOL - Ahatova Farangiz 40% (1).csv line 7,,,,,,,
STU-00090,2026-05-01,270000,UZS,Cash,,RCPT-N-00160,Completed,Tuition,May tuition; source: TEMURBEK SCHOOL - Ahatova Farangiz 40% (1).csv line 7,,,,,,,
STU-00090,2026-06-01,300000,UZS,Cash,,RCPT-N-00161,Completed,Tuition,Iyun tuition; source: TEMURBEK SCHOOL - Ahatova Farangiz 40% (1).csv line 7,,,,,,,
STU-00091,2026-04-01,270000,UZS,Cash,,RCPT-N-00162,Completed,Tuition,Aprel tuition; source: TEMURBEK SCHOOL - Ahatova Farangiz 40% (1).csv line 8,,,,,,,
STU-00091,2026-05-01,270000,UZS,Cash,,RCPT-N-00163,Completed,Tuition,May tuition; source: TEMURBEK SCHOOL - Ahatova Farangiz 40% (1).csv line 8,,,,,,,
STU-00092,2026-04-01,270000,UZS,Cash,,RCPT-N-00164,Completed,Tuition,Aprel tuition; source: TEMURBEK SCHOOL - Ahatova Farangiz 40% (1).csv line 9,,,,,,,
STU-00092,2026-05-01,135000,UZS,Cash,,RCPT-N-00165,Completed,Tuition,May tuition; source: TEMURBEK SCHOOL - Ahatova Farangiz 40% (1).csv line 9,monthly_discount,fixed,135000,270000,135000,135000,true
STU-00092,2026-06-01,300000,UZS,Cash,,RCPT-N-00166,Completed,Tuition,Iyun tuition; source: TEMURBEK SCHOOL - Ahatova Farangiz 40% (1).csv line 9,,,,,,,
STU-00094,2026-04-01,65000,UZS,Cash,,RCPT-N-00167,Completed,Tuition,Aprel tuition; source: TEMURBEK SCHOOL - Ahatova Farangiz 40% (1).csv line 11,monthly_discount,fixed,205000,270000,205000,65000,true
STU-00094,2026-05-01,270000,UZS,Cash,,RCPT-N-00168,Completed,Tuition,May tuition; source: TEMURBEK SCHOOL - Ahatova Farangiz 40% (1).csv line 11,,,,,,,
STU-00096,2026-04-01,270000,UZS,Cash,,RCPT-N-00169,Completed,Tuition,Aprel tuition; source: TEMURBEK SCHOOL - Ahatova Farangiz 40% (1).csv line 13,,,,,,,
STU-00096,2026-05-01,260000,UZS,Cash,,RCPT-N-00170,Completed,Tuition,May tuition; source: TEMURBEK SCHOOL - Ahatova Farangiz 40% (1).csv line 13,monthly_discount,fixed,10000,270000,10000,260000,true
STU-00097,2026-04-01,270000,UZS,Cash,,RCPT-N-00171,Completed,Tuition,Aprel tuition; source: TEMURBEK SCHOOL - Ahatova Farangiz 40% (1).csv line 14,,,,,,,
STU-00097,2026-05-01,270000,UZS,Cash,,RCPT-N-00172,Completed,Tuition,May tuition; source: TEMURBEK SCHOOL - Ahatova Farangiz 40% (1).csv line 14,,,,,,,
STU-00098,2026-04-01,270000,UZS,Cash,,RCPT-N-00173,Completed,Tuition,Aprel tuition; source: TEMURBEK SCHOOL - Ahatova Farangiz 40% (1).csv line 15,,,,,,,
STU-00098,2026-05-01,270000,UZS,Cash,,RCPT-N-00174,Completed,Tuition,May tuition; source: TEMURBEK SCHOOL - Ahatova Farangiz 40% (1).csv line 15,,,,,,,
STU-00098,2026-06-01,270000,UZS,Cash,,RCPT-N-00175,Completed,Tuition,Iyun tuition; source: TEMURBEK SCHOOL - Ahatova Farangiz 40% (1).csv line 15,,,,,,,
STU-00099,2026-04-01,270000,UZS,Cash,,RCPT-N-00176,Completed,Tuition,Aprel tuition; source: TEMURBEK SCHOOL - Ahatova Farangiz 40% (1).csv line 16,,,,,,,
STU-00099,2026-05-01,270000,UZS,Cash,,RCPT-N-00177,Completed,Tuition,May tuition; source: TEMURBEK SCHOOL - Ahatova Farangiz 40% (1).csv line 16,,,,,,,
STU-00099,2026-06-01,270000,UZS,Cash,,RCPT-N-00178,Completed,Tuition,Iyun tuition; source: TEMURBEK SCHOOL - Ahatova Farangiz 40% (1).csv line 16,,,,,,,
STU-00100,2026-04-01,270000,UZS,Cash,,RCPT-N-00179,Completed,Tuition,Aprel tuition; source: TEMURBEK SCHOOL - Ahatova Farangiz 40% (1).csv line 17,,,,,,,
STU-00100,2026-05-01,270000,UZS,Cash,,RCPT-N-00180,Completed,Tuition,May tuition; source: TEMURBEK SCHOOL - Ahatova Farangiz 40% (1).csv line 17,,,,,,,
STU-00100,2026-06-01,270000,UZS,Cash,,RCPT-N-00181,Completed,Tuition,Iyun tuition; source: TEMURBEK SCHOOL - Ahatova Farangiz 40% (1).csv line 17,,,,,,,
STU-00101,2026-04-01,270000,UZS,Cash,,RCPT-N-00182,Completed,Tuition,Aprel tuition; source: TEMURBEK SCHOOL - Ahatova Farangiz 40% (1).csv line 18,,,,,,,
STU-00101,2026-05-01,260000,UZS,Cash,,RCPT-N-00183,Completed,Tuition,May tuition; source: TEMURBEK SCHOOL - Ahatova Farangiz 40% (1).csv line 18,monthly_discount,fixed,10000,270000,10000,260000,true
STU-00102,2026-04-01,270000,UZS,Cash,,RCPT-N-00184,Completed,Tuition,Aprel tuition; source: TEMURBEK SCHOOL - Ahatova Farangiz 40% (1).csv line 19,,,,,,,
STU-00102,2026-05-01,270000,UZS,Cash,,RCPT-N-00185,Completed,Tuition,May tuition; source: TEMURBEK SCHOOL - Ahatova Farangiz 40% (1).csv line 19,,,,,,,
STU-00102,2026-06-01,300000,UZS,Cash,,RCPT-N-00186,Completed,Tuition,Iyun tuition; source: TEMURBEK SCHOOL - Ahatova Farangiz 40% (1).csv line 19,,,,,,,
STU-00103,2026-05-01,270000,UZS,Cash,,RCPT-N-00187,Completed,Tuition,May tuition; source: TEMURBEK SCHOOL - Ahatova Farangiz 40% (1).csv line 20,,,,,,,
STU-00103,2026-06-01,270000,UZS,Cash,,RCPT-N-00188,Completed,Tuition,Iyun tuition; source: TEMURBEK SCHOOL - Ahatova Farangiz 40% (1).csv line 20,,,,,,,
STU-00105,2026-04-01,1268000,UZS,Cash,,RCPT-N-00189,Completed,Tuition,Aprel tuition; source: TEMURBEK SCHOOL - Ahatova Farangiz 40% (1).csv line 22,,,,,,,
STU-00105,2026-05-01,270000,UZS,Cash,,RCPT-N-00190,Completed,Tuition,May tuition; source: TEMURBEK SCHOOL - Ahatova Farangiz 40% (1).csv line 22,,,,,,,
STU-00105,2026-06-01,270000,UZS,Cash,,RCPT-N-00191,Completed,Tuition,Iyun tuition; source: TEMURBEK SCHOOL - Ahatova Farangiz 40% (1).csv line 22,,,,,,,
STU-00106,2026-05-01,300000,UZS,Cash,,RCPT-N-00192,Completed,Tuition,May tuition; source: TEMURBEK SCHOOL - Ahatova Farangiz 40% (1).csv line 28,,,,,,,
STU-00106,2026-06-01,270000,UZS,Cash,,RCPT-N-00193,Completed,Tuition,Iyun tuition; source: TEMURBEK SCHOOL - Ahatova Farangiz 40% (1).csv line 28,monthly_discount,fixed,30000,300000,30000,270000,true
STU-00107,2026-05-01,240000,UZS,Cash,,RCPT-N-00194,Completed,Tuition,May tuition; source: TEMURBEK SCHOOL - Ahatova Farangiz 40% (1).csv line 29,monthly_discount,fixed,60000,300000,60000,240000,true
STU-00107,2026-06-01,270000,UZS,Cash,,RCPT-N-00195,Completed,Tuition,Iyun tuition; source: TEMURBEK SCHOOL - Ahatova Farangiz 40% (1).csv line 29,monthly_discount,fixed,30000,300000,30000,270000,true
STU-00108,2026-05-01,270000,UZS,Cash,,RCPT-N-00196,Completed,Tuition,May tuition; source: TEMURBEK SCHOOL - Ahatova Farangiz 40% (1).csv line 30,monthly_discount,fixed,30000,300000,30000,270000,true
STU-00108,2026-06-01,300000,UZS,Cash,,RCPT-N-00197,Completed,Tuition,Iyun tuition; source: TEMURBEK SCHOOL - Ahatova Farangiz 40% (1).csv line 30,,,,,,,
STU-00109,2026-05-01,250000,UZS,Cash,,RCPT-N-00198,Completed,Tuition,May tuition; source: TEMURBEK SCHOOL - Ahatova Farangiz 40% (1).csv line 31,monthly_discount,fixed,50000,300000,50000,250000,true
STU-00109,2026-06-01,270000,UZS,Cash,,RCPT-N-00199,Completed,Tuition,Iyun tuition; source: TEMURBEK SCHOOL - Ahatova Farangiz 40% (1).csv line 31,monthly_discount,fixed,30000,300000,30000,270000,true
STU-00110,2026-05-01,200000,UZS,Cash,,RCPT-N-00200,Completed,Tuition,May tuition; source: TEMURBEK SCHOOL - Ahatova Farangiz 40% (1).csv line 32,monthly_discount,fixed,100000,300000,100000,200000,true
STU-00110,2026-06-01,300000,UZS,Cash,,RCPT-N-00201,Completed,Tuition,Iyun tuition; source: TEMURBEK SCHOOL - Ahatova Farangiz 40% (1).csv line 32,,,,,,,
STU-00111,2026-05-01,280000,UZS,Cash,,RCPT-N-00202,Completed,Tuition,May tuition; source: TEMURBEK SCHOOL - Ahatova Farangiz 40% (1).csv line 33,monthly_discount,fixed,20000,300000,20000,280000,true
STU-00112,2026-05-01,135000,UZS,Cash,,RCPT-N-00203,Completed,Tuition,May tuition; source: TEMURBEK SCHOOL - Ahatova Farangiz 40% (1).csv line 34,monthly_discount,fixed,165000,300000,165000,135000,true
STU-00112,2026-06-01,300000,UZS,Cash,,RCPT-N-00204,Completed,Tuition,Iyun tuition; source: TEMURBEK SCHOOL - Ahatova Farangiz 40% (1).csv line 34,,,,,,,
STU-00113,2026-06-01,300000,UZS,Cash,,RCPT-N-00205,Completed,Tuition,Iyun tuition; source: TEMURBEK SCHOOL - Ahatova Farangiz 40% (1).csv line 35,,,,,,,
STU-00114,2026-06-01,270000,UZS,Cash,,RCPT-N-00206,Completed,Tuition,Iyun tuition; source: TEMURBEK SCHOOL - Ahatova Farangiz 40% (1).csv line 36,monthly_discount,fixed,30000,300000,30000,270000,true
STU-00115,2026-06-01,300000,UZS,Cash,,RCPT-N-00207,Completed,Tuition,Iyun tuition; source: TEMURBEK SCHOOL - Ahatova Farangiz 40% (1).csv line 37,,,,,,,
STU-00116,2026-06-01,300000,UZS,Cash,,RCPT-N-00208,Completed,Tuition,Iyun tuition; source: TEMURBEK SCHOOL - Ahatova Farangiz 40% (1).csv line 38,,,,,,,
STU-00117,2026-06-01,300000,UZS,Cash,,RCPT-N-00209,Completed,Tuition,Iyun tuition; source: TEMURBEK SCHOOL - Ahatova Farangiz 40% (1).csv line 39,,,,,,,
STU-00119,2026-05-01,2012000,UZS,Cash,,RCPT-N-00210,Completed,Tuition,May tuition; source: TEMURBEK SCHOOL - Ahatova Farangiz 40% (1).csv line 41,,,,,,,
STU-00119,2026-06-01,300000,UZS,Cash,,RCPT-N-00211,Completed,Tuition,Iyun tuition; source: TEMURBEK SCHOOL - Ahatova Farangiz 40% (1).csv line 41,,,,,,,
STU-00122,2026-04-01,290000,UZS,Cash,,RCPT-N-00212,Completed,Tuition,Aprel tuition; source: TEMURBEK SCHOOL - Amonov Erkin 50% (1).csv line 6,,,,,,,
STU-00122,2026-05-01,290000,UZS,Cash,,RCPT-N-00213,Completed,Tuition,May tuition; source: TEMURBEK SCHOOL - Amonov Erkin 50% (1).csv line 6,,,,,,,
STU-00123,2026-04-01,290000,UZS,Cash,,RCPT-N-00214,Completed,Tuition,Aprel tuition; source: TEMURBEK SCHOOL - Amonov Erkin 50% (1).csv line 7,,,,,,,
STU-00123,2026-05-01,290000,UZS,Cash,,RCPT-N-00215,Completed,Tuition,May tuition; source: TEMURBEK SCHOOL - Amonov Erkin 50% (1).csv line 7,,,,,,,
STU-00124,2026-04-01,140000,UZS,Cash,,RCPT-N-00216,Completed,Tuition,Aprel tuition; source: TEMURBEK SCHOOL - Amonov Erkin 50% (1).csv line 8,monthly_discount,fixed,150000,290000,150000,140000,true
STU-00124,2026-05-01,300000,UZS,Cash,,RCPT-N-00217,Completed,Tuition,May tuition; source: TEMURBEK SCHOOL - Amonov Erkin 50% (1).csv line 8,,,,,,,
STU-00125,2026-04-01,290000,UZS,Cash,,RCPT-N-00218,Completed,Tuition,Aprel tuition; source: TEMURBEK SCHOOL - Amonov Erkin 50% (1).csv line 9,,,,,,,
STU-00125,2026-05-01,290000,UZS,Cash,,RCPT-N-00219,Completed,Tuition,May tuition; source: TEMURBEK SCHOOL - Amonov Erkin 50% (1).csv line 9,,,,,,,
STU-00126,2026-04-01,290000,UZS,Cash,,RCPT-N-00220,Completed,Tuition,Aprel tuition; source: TEMURBEK SCHOOL - Amonov Erkin 50% (1).csv line 10,,,,,,,
STU-00126,2026-05-01,290000,UZS,Cash,,RCPT-N-00221,Completed,Tuition,May tuition; source: TEMURBEK SCHOOL - Amonov Erkin 50% (1).csv line 10,,,,,,,
STU-00127,2026-04-01,290000,UZS,Cash,,RCPT-N-00222,Completed,Tuition,Aprel tuition; source: TEMURBEK SCHOOL - Amonov Erkin 50% (1).csv line 11,,,,,,,
STU-00127,2026-05-01,290000,UZS,Cash,,RCPT-N-00223,Completed,Tuition,May tuition; source: TEMURBEK SCHOOL - Amonov Erkin 50% (1).csv line 11,,,,,,,
STU-00128,2026-04-01,290000,UZS,Cash,,RCPT-N-00224,Completed,Tuition,Aprel tuition; source: TEMURBEK SCHOOL - Amonov Erkin 50% (1).csv line 12,,,,,,,
STU-00128,2026-05-01,290000,UZS,Cash,,RCPT-N-00225,Completed,Tuition,May tuition; source: TEMURBEK SCHOOL - Amonov Erkin 50% (1).csv line 12,,,,,,,
STU-00129,2026-04-01,300000,UZS,Cash,,RCPT-N-00226,Completed,Tuition,Aprel tuition; source: TEMURBEK SCHOOL - Amonov Erkin 50% (1).csv line 13,,,,,,,
STU-00129,2026-05-01,300000,UZS,Cash,,RCPT-N-00227,Completed,Tuition,May tuition; source: TEMURBEK SCHOOL - Amonov Erkin 50% (1).csv line 13,,,,,,,
STU-00130,2026-04-01,290000,UZS,Cash,,RCPT-N-00228,Completed,Tuition,Aprel tuition; source: TEMURBEK SCHOOL - Amonov Erkin 50% (1).csv line 14,,,,,,,
STU-00130,2026-05-01,300000,UZS,Cash,,RCPT-N-00229,Completed,Tuition,May tuition; source: TEMURBEK SCHOOL - Amonov Erkin 50% (1).csv line 14,,,,,,,
STU-00131,2026-04-01,290000,UZS,Cash,,RCPT-N-00230,Completed,Tuition,Aprel tuition; source: TEMURBEK SCHOOL - Amonov Erkin 50% (1).csv line 15,,,,,,,
STU-00131,2026-05-01,300000,UZS,Cash,,RCPT-N-00231,Completed,Tuition,May tuition; source: TEMURBEK SCHOOL - Amonov Erkin 50% (1).csv line 15,,,,,,,
STU-00132,2026-04-01,300000,UZS,Cash,,RCPT-N-00232,Completed,Tuition,Aprel tuition; source: TEMURBEK SCHOOL - Amonov Erkin 50% (1).csv line 16,,,,,,,
STU-00132,2026-05-01,300000,UZS,Cash,,RCPT-N-00233,Completed,Tuition,May tuition; source: TEMURBEK SCHOOL - Amonov Erkin 50% (1).csv line 16,,,,,,,
STU-00133,2026-04-01,290000,UZS,Cash,,RCPT-N-00234,Completed,Tuition,Aprel tuition; source: TEMURBEK SCHOOL - Amonov Erkin 50% (1).csv line 17,,,,,,,
STU-00133,2026-05-01,300000,UZS,Cash,,RCPT-N-00235,Completed,Tuition,May tuition; source: TEMURBEK SCHOOL - Amonov Erkin 50% (1).csv line 17,,,,,,,
STU-00134,2026-04-01,200000,UZS,Cash,,RCPT-N-00236,Completed,Tuition,Aprel tuition; source: TEMURBEK SCHOOL - Amonov Erkin 50% (1).csv line 18,serial_discount,fixed,90000,290000,90000,200000,true
STU-00134,2026-05-01,200000,UZS,Cash,,RCPT-N-00237,Completed,Tuition,May tuition; source: TEMURBEK SCHOOL - Amonov Erkin 50% (1).csv line 18,serial_discount,fixed,90000,290000,90000,200000,true
STU-00135,2026-04-01,300000,UZS,Cash,,RCPT-N-00238,Completed,Tuition,Aprel tuition; source: TEMURBEK SCHOOL - Amonov Erkin 50% (1).csv line 19,,,,,,,
STU-00135,2026-05-01,300000,UZS,Cash,,RCPT-N-00239,Completed,Tuition,May tuition; source: TEMURBEK SCHOOL - Amonov Erkin 50% (1).csv line 19,,,,,,,
STU-00136,2026-04-01,300000,UZS,Cash,,RCPT-N-00240,Completed,Tuition,Aprel tuition; source: TEMURBEK SCHOOL - Amonov Erkin 50% (1).csv line 20,,,,,,,
STU-00136,2026-05-01,300000,UZS,Cash,,RCPT-N-00241,Completed,Tuition,May tuition; source: TEMURBEK SCHOOL - Amonov Erkin 50% (1).csv line 20,,,,,,,
STU-00137,2026-05-01,290000,UZS,Cash,,RCPT-N-00242,Completed,Tuition,May tuition; source: TEMURBEK SCHOOL - Amonov Erkin 50% (1).csv line 21,,,,,,,
STU-00138,2026-05-01,150000,UZS,Cash,,RCPT-N-00243,Completed,Tuition,May tuition; source: TEMURBEK SCHOOL - Amonov Erkin 50% (1).csv line 22,monthly_discount,fixed,140000,290000,140000,150000,true
STU-00139,2026-05-01,290000,UZS,Cash,,RCPT-N-00244,Completed,Tuition,May tuition; source: TEMURBEK SCHOOL - Amonov Erkin 50% (1).csv line 23,,,,,,,
STU-00140,2026-05-01,300000,UZS,Cash,,RCPT-N-00245,Completed,Tuition,May tuition; source: TEMURBEK SCHOOL - Amonov Erkin 50% (1).csv line 24,,,,,,,
STU-00141,2026-05-01,290000,UZS,Cash,,RCPT-N-00246,Completed,Tuition,May tuition; source: TEMURBEK SCHOOL - Amonov Erkin 50% (1).csv line 32,,,,,,,
STU-00142,2025-12-01,290000,UZS,Cash,,RCPT-N-00247,Completed,Tuition,Dekabr tuition; source: TEMURBEK SCHOOL - Amonov Erkin 50% (1).csv line 33,,,,,,,
STU-00142,2026-01-01,290000,UZS,Cash,,RCPT-N-00248,Completed,Tuition,Yanvar tuition; source: TEMURBEK SCHOOL - Amonov Erkin 50% (1).csv line 33,,,,,,,
STU-00142,2026-02-01,290000,UZS,Cash,,RCPT-N-00249,Completed,Tuition,Fevral tuition; source: TEMURBEK SCHOOL - Amonov Erkin 50% (1).csv line 33,,,,,,,
STU-00142,2026-03-01,290000,UZS,Cash,,RCPT-N-00250,Completed,Tuition,Mart tuition; source: TEMURBEK SCHOOL - Amonov Erkin 50% (1).csv line 33,,,,,,,
STU-00142,2026-04-01,290000,UZS,Cash,,RCPT-N-00251,Completed,Tuition,Aprel tuition; source: TEMURBEK SCHOOL - Amonov Erkin 50% (1).csv line 33,,,,,,,
STU-00142,2026-05-01,290000,UZS,Cash,,RCPT-N-00252,Completed,Tuition,May tuition; source: TEMURBEK SCHOOL - Amonov Erkin 50% (1).csv line 33,,,,,,,
STU-00143,2025-12-01,250000,UZS,Cash,,RCPT-N-00253,Completed,Tuition,Dekabr tuition; source: TEMURBEK SCHOOL - Amonov Erkin 50% (1).csv line 34,monthly_discount,fixed,40000,290000,40000,250000,true
STU-00143,2026-01-01,250000,UZS,Cash,,RCPT-N-00254,Completed,Tuition,Yanvar tuition; source: TEMURBEK SCHOOL - Amonov Erkin 50% (1).csv line 34,monthly_discount,fixed,40000,290000,40000,250000,true
STU-00143,2026-02-01,270000,UZS,Cash,,RCPT-N-00255,Completed,Tuition,Fevral tuition; source: TEMURBEK SCHOOL - Amonov Erkin 50% (1).csv line 34,monthly_discount,fixed,20000,290000,20000,270000,true
STU-00143,2026-03-01,270000,UZS,Cash,,RCPT-N-00256,Completed,Tuition,Mart tuition; source: TEMURBEK SCHOOL - Amonov Erkin 50% (1).csv line 34,monthly_discount,fixed,20000,290000,20000,270000,true
STU-00143,2026-04-01,270000,UZS,Cash,,RCPT-N-00257,Completed,Tuition,Aprel tuition; source: TEMURBEK SCHOOL - Amonov Erkin 50% (1).csv line 34,monthly_discount,fixed,20000,290000,20000,270000,true
STU-00143,2026-05-01,145000,UZS,Cash,,RCPT-N-00258,Completed,Tuition,May tuition; source: TEMURBEK SCHOOL - Amonov Erkin 50% (1).csv line 34,monthly_discount,fixed,145000,290000,145000,145000,true
STU-00144,2025-12-01,290000,UZS,Cash,,RCPT-N-00259,Completed,Tuition,Dekabr tuition; source: TEMURBEK SCHOOL - Amonov Erkin 50% (1).csv line 35,,,,,,,
STU-00144,2026-01-01,290000,UZS,Cash,,RCPT-N-00260,Completed,Tuition,Yanvar tuition; source: TEMURBEK SCHOOL - Amonov Erkin 50% (1).csv line 35,,,,,,,
STU-00144,2026-02-01,290000,UZS,Cash,,RCPT-N-00261,Completed,Tuition,Fevral tuition; source: TEMURBEK SCHOOL - Amonov Erkin 50% (1).csv line 35,,,,,,,
STU-00144,2026-03-01,290000,UZS,Cash,,RCPT-N-00262,Completed,Tuition,Mart tuition; source: TEMURBEK SCHOOL - Amonov Erkin 50% (1).csv line 35,,,,,,,
STU-00144,2026-04-01,290000,UZS,Cash,,RCPT-N-00263,Completed,Tuition,Aprel tuition; source: TEMURBEK SCHOOL - Amonov Erkin 50% (1).csv line 35,,,,,,,
STU-00144,2026-05-01,290000,UZS,Cash,,RCPT-N-00264,Completed,Tuition,May tuition; source: TEMURBEK SCHOOL - Amonov Erkin 50% (1).csv line 35,,,,,,,
STU-00145,2025-12-01,290000,UZS,Cash,,RCPT-N-00265,Completed,Tuition,Dekabr tuition; source: TEMURBEK SCHOOL - Amonov Erkin 50% (1).csv line 36,,,,,,,
STU-00145,2026-01-01,290000,UZS,Cash,,RCPT-N-00266,Completed,Tuition,Yanvar tuition; source: TEMURBEK SCHOOL - Amonov Erkin 50% (1).csv line 36,,,,,,,
STU-00145,2026-02-01,290000,UZS,Cash,,RCPT-N-00267,Completed,Tuition,Fevral tuition; source: TEMURBEK SCHOOL - Amonov Erkin 50% (1).csv line 36,,,,,,,
STU-00145,2026-03-01,290000,UZS,Cash,,RCPT-N-00268,Completed,Tuition,Mart tuition; source: TEMURBEK SCHOOL - Amonov Erkin 50% (1).csv line 36,,,,,,,
STU-00145,2026-04-01,290000,UZS,Cash,,RCPT-N-00269,Completed,Tuition,Aprel tuition; source: TEMURBEK SCHOOL - Amonov Erkin 50% (1).csv line 36,,,,,,,
STU-00145,2026-05-01,290000,UZS,Cash,,RCPT-N-00270,Completed,Tuition,May tuition; source: TEMURBEK SCHOOL - Amonov Erkin 50% (1).csv line 36,,,,,,,
STU-00146,2025-12-01,290000,UZS,Cash,,RCPT-N-00271,Completed,Tuition,Dekabr tuition; source: TEMURBEK SCHOOL - Amonov Erkin 50% (1).csv line 37,,,,,,,
STU-00146,2026-01-01,290000,UZS,Cash,,RCPT-N-00272,Completed,Tuition,Yanvar tuition; source: TEMURBEK SCHOOL - Amonov Erkin 50% (1).csv line 37,,,,,,,
STU-00146,2026-02-01,290000,UZS,Cash,,RCPT-N-00273,Completed,Tuition,Fevral tuition; source: TEMURBEK SCHOOL - Amonov Erkin 50% (1).csv line 37,,,,,,,
STU-00146,2026-03-01,300000,UZS,Cash,,RCPT-N-00274,Completed,Tuition,Mart tuition; source: TEMURBEK SCHOOL - Amonov Erkin 50% (1).csv line 37,,,,,,,
STU-00146,2026-04-01,300000,UZS,Cash,,RCPT-N-00275,Completed,Tuition,Aprel tuition; source: TEMURBEK SCHOOL - Amonov Erkin 50% (1).csv line 37,,,,,,,
STU-00146,2026-05-01,300000,UZS,Cash,,RCPT-N-00276,Completed,Tuition,May tuition; source: TEMURBEK SCHOOL - Amonov Erkin 50% (1).csv line 37,,,,,,,
STU-00147,2025-12-01,290000,UZS,Cash,,RCPT-N-00277,Completed,Tuition,Dekabr tuition; source: TEMURBEK SCHOOL - Amonov Erkin 50% (1).csv line 38,,,,,,,
STU-00147,2026-01-01,290000,UZS,Cash,,RCPT-N-00278,Completed,Tuition,Yanvar tuition; source: TEMURBEK SCHOOL - Amonov Erkin 50% (1).csv line 38,,,,,,,
STU-00147,2026-02-01,290000,UZS,Cash,,RCPT-N-00279,Completed,Tuition,Fevral tuition; source: TEMURBEK SCHOOL - Amonov Erkin 50% (1).csv line 38,,,,,,,
STU-00147,2026-03-01,290000,UZS,Cash,,RCPT-N-00280,Completed,Tuition,Mart tuition; source: TEMURBEK SCHOOL - Amonov Erkin 50% (1).csv line 38,,,,,,,
STU-00147,2026-04-01,290000,UZS,Cash,,RCPT-N-00281,Completed,Tuition,Aprel tuition; source: TEMURBEK SCHOOL - Amonov Erkin 50% (1).csv line 38,,,,,,,
STU-00147,2026-05-01,290000,UZS,Cash,,RCPT-N-00282,Completed,Tuition,May tuition; source: TEMURBEK SCHOOL - Amonov Erkin 50% (1).csv line 38,,,,,,,
STU-00148,2025-12-01,280000,UZS,Cash,,RCPT-N-00283,Completed,Tuition,Dekabr tuition; source: TEMURBEK SCHOOL - Amonov Erkin 50% (1).csv line 39,monthly_discount,fixed,10000,290000,10000,280000,true
STU-00148,2026-01-01,290000,UZS,Cash,,RCPT-N-00284,Completed,Tuition,Yanvar tuition; source: TEMURBEK SCHOOL - Amonov Erkin 50% (1).csv line 39,,,,,,,
STU-00148,2026-02-01,290000,UZS,Cash,,RCPT-N-00285,Completed,Tuition,Fevral tuition; source: TEMURBEK SCHOOL - Amonov Erkin 50% (1).csv line 39,,,,,,,
STU-00148,2026-03-01,300000,UZS,Cash,,RCPT-N-00286,Completed,Tuition,Mart tuition; source: TEMURBEK SCHOOL - Amonov Erkin 50% (1).csv line 39,,,,,,,
STU-00148,2026-04-01,300000,UZS,Cash,,RCPT-N-00287,Completed,Tuition,Aprel tuition; source: TEMURBEK SCHOOL - Amonov Erkin 50% (1).csv line 39,,,,,,,
STU-00148,2026-05-01,290000,UZS,Cash,,RCPT-N-00288,Completed,Tuition,May tuition; source: TEMURBEK SCHOOL - Amonov Erkin 50% (1).csv line 39,,,,,,,
STU-00149,2025-12-01,290000,UZS,Cash,,RCPT-N-00289,Completed,Tuition,Dekabr tuition; source: TEMURBEK SCHOOL - Amonov Erkin 50% (1).csv line 40,,,,,,,
STU-00149,2026-01-01,290000,UZS,Cash,,RCPT-N-00290,Completed,Tuition,Yanvar tuition; source: TEMURBEK SCHOOL - Amonov Erkin 50% (1).csv line 40,,,,,,,
STU-00149,2026-02-01,290000,UZS,Cash,,RCPT-N-00291,Completed,Tuition,Fevral tuition; source: TEMURBEK SCHOOL - Amonov Erkin 50% (1).csv line 40,,,,,,,
STU-00149,2026-03-01,270000,UZS,Cash,,RCPT-N-00292,Completed,Tuition,Mart tuition; source: TEMURBEK SCHOOL - Amonov Erkin 50% (1).csv line 40,serial_discount,fixed,20000,290000,20000,270000,true
STU-00149,2026-04-01,270000,UZS,Cash,,RCPT-N-00293,Completed,Tuition,Aprel tuition; source: TEMURBEK SCHOOL - Amonov Erkin 50% (1).csv line 40,serial_discount,fixed,20000,290000,20000,270000,true
STU-00150,2025-12-01,290000,UZS,Cash,,RCPT-N-00294,Completed,Tuition,Dekabr tuition; source: TEMURBEK SCHOOL - Amonov Erkin 50% (1).csv line 41,,,,,,,
STU-00150,2026-01-01,270000,UZS,Cash,,RCPT-N-00295,Completed,Tuition,Yanvar tuition; source: TEMURBEK SCHOOL - Amonov Erkin 50% (1).csv line 41,monthly_discount,fixed,20000,290000,20000,270000,true
STU-00150,2026-02-01,270000,UZS,Cash,,RCPT-N-00296,Completed,Tuition,Fevral tuition; source: TEMURBEK SCHOOL - Amonov Erkin 50% (1).csv line 41,monthly_discount,fixed,20000,290000,20000,270000,true
STU-00150,2026-04-01,290000,UZS,Cash,,RCPT-N-00297,Completed,Tuition,Aprel tuition; source: TEMURBEK SCHOOL - Amonov Erkin 50% (1).csv line 41,,,,,,,
STU-00150,2026-05-01,290000,UZS,Cash,,RCPT-N-00298,Completed,Tuition,May tuition; source: TEMURBEK SCHOOL - Amonov Erkin 50% (1).csv line 41,,,,,,,
STU-00151,2025-12-01,290000,UZS,Cash,,RCPT-N-00299,Completed,Tuition,Dekabr tuition; source: TEMURBEK SCHOOL - Amonov Erkin 50% (1).csv line 42,,,,,,,
STU-00151,2026-01-01,290000,UZS,Cash,,RCPT-N-00300,Completed,Tuition,Yanvar tuition; source: TEMURBEK SCHOOL - Amonov Erkin 50% (1).csv line 42,,,,,,,
STU-00151,2026-02-01,290000,UZS,Cash,,RCPT-N-00301,Completed,Tuition,Fevral tuition; source: TEMURBEK SCHOOL - Amonov Erkin 50% (1).csv line 42,,,,,,,
STU-00151,2026-03-01,290000,UZS,Cash,,RCPT-N-00302,Completed,Tuition,Mart tuition; source: TEMURBEK SCHOOL - Amonov Erkin 50% (1).csv line 42,,,,,,,
STU-00151,2026-04-01,290000,UZS,Cash,,RCPT-N-00303,Completed,Tuition,Aprel tuition; source: TEMURBEK SCHOOL - Amonov Erkin 50% (1).csv line 42,,,,,,,
STU-00151,2026-05-01,290000,UZS,Cash,,RCPT-N-00304,Completed,Tuition,May tuition; source: TEMURBEK SCHOOL - Amonov Erkin 50% (1).csv line 42,,,,,,,
STU-00152,2025-12-01,280000,UZS,Cash,,RCPT-N-00305,Completed,Tuition,Dekabr tuition; source: TEMURBEK SCHOOL - Amonov Erkin 50% (1).csv line 43,monthly_discount,fixed,10000,290000,10000,280000,true
STU-00152,2026-01-01,290000,UZS,Cash,,RCPT-N-00306,Completed,Tuition,Yanvar tuition; source: TEMURBEK SCHOOL - Amonov Erkin 50% (1).csv line 43,,,,,,,
STU-00152,2026-02-01,290000,UZS,Cash,,RCPT-N-00307,Completed,Tuition,Fevral tuition; source: TEMURBEK SCHOOL - Amonov Erkin 50% (1).csv line 43,,,,,,,
STU-00152,2026-03-01,290000,UZS,Cash,,RCPT-N-00308,Completed,Tuition,Mart tuition; source: TEMURBEK SCHOOL - Amonov Erkin 50% (1).csv line 43,,,,,,,
STU-00152,2026-04-01,290000,UZS,Cash,,RCPT-N-00309,Completed,Tuition,Aprel tuition; source: TEMURBEK SCHOOL - Amonov Erkin 50% (1).csv line 43,,,,,,,
STU-00152,2026-05-01,290000,UZS,Cash,,RCPT-N-00310,Completed,Tuition,May tuition; source: TEMURBEK SCHOOL - Amonov Erkin 50% (1).csv line 43,,,,,,,
STU-00153,2026-03-01,290000,UZS,Cash,,RCPT-N-00311,Completed,Tuition,Mart tuition; source: TEMURBEK SCHOOL - Amonov Erkin 50% (1).csv line 44,,,,,,,
STU-00153,2026-04-01,193000,UZS,Cash,,RCPT-N-00312,Completed,Tuition,Aprel tuition; source: TEMURBEK SCHOOL - Amonov Erkin 50% (1).csv line 44,monthly_discount,fixed,97000,290000,97000,193000,true
STU-00153,2026-05-01,290000,UZS,Cash,,RCPT-N-00313,Completed,Tuition,May tuition; source: TEMURBEK SCHOOL - Amonov Erkin 50% (1).csv line 44,,,,,,,
STU-00154,2026-04-01,200000,UZS,Cash,,RCPT-N-00314,Completed,Tuition,Aprel tuition; source: TEMURBEK SCHOOL - Amonov Erkin 50% (1).csv line 45,serial_discount,fixed,90000,290000,90000,200000,true
STU-00154,2026-05-01,200000,UZS,Cash,,RCPT-N-00315,Completed,Tuition,May tuition; source: TEMURBEK SCHOOL - Amonov Erkin 50% (1).csv line 45,serial_discount,fixed,90000,290000,90000,200000,true
STU-00155,2025-12-01,280000,UZS,Cash,,RCPT-N-00316,Completed,Tuition,Dekabr tuition; source: TEMURBEK SCHOOL - Amonov Erkin 50% (1).csv line 46,monthly_discount,fixed,10000,290000,10000,280000,true
STU-00155,2026-01-01,290000,UZS,Cash,,RCPT-N-00317,Completed,Tuition,Yanvar tuition; source: TEMURBEK SCHOOL - Amonov Erkin 50% (1).csv line 46,,,,,,,
STU-00155,2026-02-01,290000,UZS,Cash,,RCPT-N-00318,Completed,Tuition,Fevral tuition; source: TEMURBEK SCHOOL - Amonov Erkin 50% (1).csv line 46,,,,,,,
STU-00155,2026-03-01,300000,UZS,Cash,,RCPT-N-00319,Completed,Tuition,Mart tuition; source: TEMURBEK SCHOOL - Amonov Erkin 50% (1).csv line 46,,,,,,,
STU-00155,2026-04-01,300000,UZS,Cash,,RCPT-N-00320,Completed,Tuition,Aprel tuition; source: TEMURBEK SCHOOL - Amonov Erkin 50% (1).csv line 46,,,,,,,
STU-00155,2026-05-01,290000,UZS,Cash,,RCPT-N-00321,Completed,Tuition,May tuition; source: TEMURBEK SCHOOL - Amonov Erkin 50% (1).csv line 46,,,,,,,
STU-00156,2026-04-01,650000,UZS,Cash,,RCPT-N-00322,Completed,Tuition,Aprel tuition; source: TEMURBEK SCHOOL - Amonov Erkin 50% (1).csv line 61,,,,,,,
STU-00157,2026-04-01,650000,UZS,Cash,,RCPT-N-00323,Completed,Tuition,Aprel tuition; source: TEMURBEK SCHOOL - Amonov Erkin 50% (1).csv line 62,,,,,,,
STU-00158,2026-04-01,600000,UZS,Cash,,RCPT-N-00324,Completed,Tuition,Aprel tuition; source: TEMURBEK SCHOOL - Amonov Erkin 50% (1).csv line 63,monthly_discount,fixed,50000,650000,50000,600000,true
STU-00159,2026-04-01,600000,UZS,Cash,,RCPT-N-00325,Completed,Tuition,Aprel tuition; source: TEMURBEK SCHOOL - Amonov Erkin 50% (1).csv line 64,monthly_discount,fixed,50000,650000,50000,600000,true
STU-00160,2026-03-01,125000,UZS,Cash,,RCPT-N-00326,Completed,Tuition,Mart tuition; source: TEMURBEK SCHOOL - Amonov Erkin 50% (1).csv line 111,monthly_discount,fixed,125000,250000,125000,125000,true
STU-00160,2026-04-01,250000,UZS,Cash,,RCPT-N-00327,Completed,Tuition,Aprel tuition; source: TEMURBEK SCHOOL - Amonov Erkin 50% (1).csv line 111,,,,,,,
STU-00160,2026-05-01,250000,UZS,Cash,,RCPT-N-00328,Completed,Tuition,May tuition; source: TEMURBEK SCHOOL - Amonov Erkin 50% (1).csv line 111,,,,,,,
STU-00160,2026-06-01,270000,UZS,Cash,,RCPT-N-00329,Completed,Tuition,Iyun tuition; source: TEMURBEK SCHOOL - Amonov Erkin 50% (1).csv line 111,,,,,,,
STU-00160,2026-07-01,270000,UZS,Cash,,RCPT-N-00330,Completed,Tuition,Iyul tuition; source: TEMURBEK SCHOOL - Amonov Erkin 50% (1).csv line 111,,,,,,,
STU-00161,2026-01-01,83000,UZS,Cash,,RCPT-N-00331,Completed,Tuition,Yanvar tuition; source: TEMURBEK SCHOOL - Amonov Erkin 50% (1).csv line 112,monthly_discount,fixed,167000,250000,167000,83000,true
STU-00161,2026-02-01,250000,UZS,Cash,,RCPT-N-00332,Completed,Tuition,Fevral tuition; source: TEMURBEK SCHOOL - Amonov Erkin 50% (1).csv line 112,,,,,,,
STU-00161,2026-03-01,250000,UZS,Cash,,RCPT-N-00333,Completed,Tuition,Mart tuition; source: TEMURBEK SCHOOL - Amonov Erkin 50% (1).csv line 112,,,,,,,
STU-00161,2026-04-01,250000,UZS,Cash,,RCPT-N-00334,Completed,Tuition,Aprel tuition; source: TEMURBEK SCHOOL - Amonov Erkin 50% (1).csv line 112,,,,,,,
STU-00161,2026-05-01,250000,UZS,Cash,,RCPT-N-00335,Completed,Tuition,May tuition; source: TEMURBEK SCHOOL - Amonov Erkin 50% (1).csv line 112,,,,,,,
STU-00161,2026-06-01,250000,UZS,Cash,,RCPT-N-00336,Completed,Tuition,Iyun tuition; source: TEMURBEK SCHOOL - Amonov Erkin 50% (1).csv line 112,,,,,,,
STU-00161,2026-07-01,270000,UZS,Cash,,RCPT-N-00337,Completed,Tuition,Iyul tuition; source: TEMURBEK SCHOOL - Amonov Erkin 50% (1).csv line 112,,,,,,,
STU-00161,2026-08-01,270000,UZS,Cash,,RCPT-N-00338,Completed,Tuition,Avgust tuition; source: TEMURBEK SCHOOL - Amonov Erkin 50% (1).csv line 112,,,,,,,
STU-00161,2026-09-01,270000,UZS,Cash,,RCPT-N-00339,Completed,Tuition,Sentabr tuition; source: TEMURBEK SCHOOL - Amonov Erkin 50% (1).csv line 112,,,,,,,
STU-00162,2026-03-01,250000,UZS,Cash,,RCPT-N-00340,Completed,Tuition,Mart tuition; source: TEMURBEK SCHOOL - Amonov Erkin 50% (1).csv line 113,,,,,,,
STU-00162,2026-04-01,250000,UZS,Cash,,RCPT-N-00341,Completed,Tuition,Aprel tuition; source: TEMURBEK SCHOOL - Amonov Erkin 50% (1).csv line 113,,,,,,,
STU-00162,2026-05-01,250000,UZS,Cash,,RCPT-N-00342,Completed,Tuition,May tuition; source: TEMURBEK SCHOOL - Amonov Erkin 50% (1).csv line 113,,,,,,,
STU-00162,2026-06-01,250000,UZS,Cash,,RCPT-N-00343,Completed,Tuition,Iyun tuition; source: TEMURBEK SCHOOL - Amonov Erkin 50% (1).csv line 113,,,,,,,
STU-00162,2026-07-01,250000,UZS,Cash,,RCPT-N-00344,Completed,Tuition,Iyul tuition; source: TEMURBEK SCHOOL - Amonov Erkin 50% (1).csv line 113,,,,,,,
STU-00162,2026-08-01,270000,UZS,Cash,,RCPT-N-00345,Completed,Tuition,Avgust tuition; source: TEMURBEK SCHOOL - Amonov Erkin 50% (1).csv line 113,,,,,,,
STU-00163,2026-03-01,250000,UZS,Cash,,RCPT-N-00346,Completed,Tuition,Mart tuition; source: TEMURBEK SCHOOL - Amonov Erkin 50% (1).csv line 114,,,,,,,
STU-00163,2026-04-01,250000,UZS,Cash,,RCPT-N-00347,Completed,Tuition,Aprel tuition; source: TEMURBEK SCHOOL - Amonov Erkin 50% (1).csv line 114,,,,,,,
STU-00163,2026-05-01,250000,UZS,Cash,,RCPT-N-00348,Completed,Tuition,May tuition; source: TEMURBEK SCHOOL - Amonov Erkin 50% (1).csv line 114,,,,,,,
STU-00163,2026-06-01,250000,UZS,Cash,,RCPT-N-00349,Completed,Tuition,Iyun tuition; source: TEMURBEK SCHOOL - Amonov Erkin 50% (1).csv line 114,,,,,,,
STU-00163,2026-07-01,270000,UZS,Cash,,RCPT-N-00350,Completed,Tuition,Iyul tuition; source: TEMURBEK SCHOOL - Amonov Erkin 50% (1).csv line 114,,,,,,,
STU-00163,2026-08-01,270000,UZS,Cash,,RCPT-N-00351,Completed,Tuition,Avgust tuition; source: TEMURBEK SCHOOL - Amonov Erkin 50% (1).csv line 114,,,,,,,
STU-00164,2026-02-01,250000,UZS,Cash,,RCPT-N-00352,Completed,Tuition,Fevral tuition; source: TEMURBEK SCHOOL - Amonov Erkin 50% (1).csv line 115,,,,,,,
STU-00164,2026-03-01,250000,UZS,Cash,,RCPT-N-00353,Completed,Tuition,Mart tuition; source: TEMURBEK SCHOOL - Amonov Erkin 50% (1).csv line 115,,,,,,,
STU-00164,2026-04-01,250000,UZS,Cash,,RCPT-N-00354,Completed,Tuition,Aprel tuition; source: TEMURBEK SCHOOL - Amonov Erkin 50% (1).csv line 115,,,,,,,
STU-00164,2026-05-01,250000,UZS,Cash,,RCPT-N-00355,Completed,Tuition,May tuition; source: TEMURBEK SCHOOL - Amonov Erkin 50% (1).csv line 115,,,,,,,
STU-00164,2026-06-01,270000,UZS,Cash,,RCPT-N-00356,Completed,Tuition,Iyun tuition; source: TEMURBEK SCHOOL - Amonov Erkin 50% (1).csv line 115,,,,,,,
STU-00164,2026-07-01,270000,UZS,Cash,,RCPT-N-00357,Completed,Tuition,Iyul tuition; source: TEMURBEK SCHOOL - Amonov Erkin 50% (1).csv line 115,,,,,,,
STU-00164,2026-08-01,270000,UZS,Cash,,RCPT-N-00358,Completed,Tuition,Avgust tuition; source: TEMURBEK SCHOOL - Amonov Erkin 50% (1).csv line 115,,,,,,,
STU-00165,2026-03-01,250000,UZS,Cash,,RCPT-N-00359,Completed,Tuition,Mart tuition; source: TEMURBEK SCHOOL - Amonov Erkin 50% (1).csv line 116,,,,,,,
STU-00165,2026-04-01,250000,UZS,Cash,,RCPT-N-00360,Completed,Tuition,Aprel tuition; source: TEMURBEK SCHOOL - Amonov Erkin 50% (1).csv line 116,,,,,,,
STU-00165,2026-06-01,250000,UZS,Cash,,RCPT-N-00361,Completed,Tuition,Iyun tuition; source: TEMURBEK SCHOOL - Amonov Erkin 50% (1).csv line 116,,,,,,,
STU-00165,2026-07-01,270000,UZS,Cash,,RCPT-N-00362,Completed,Tuition,Iyul tuition; source: TEMURBEK SCHOOL - Amonov Erkin 50% (1).csv line 116,,,,,,,
STU-00165,2026-08-01,270000,UZS,Cash,,RCPT-N-00363,Completed,Tuition,Avgust tuition; source: TEMURBEK SCHOOL - Amonov Erkin 50% (1).csv line 116,,,,,,,
STU-00166,2026-03-01,250000,UZS,Cash,,RCPT-N-00364,Completed,Tuition,Mart tuition; source: TEMURBEK SCHOOL - Amonov Erkin 50% (1).csv line 117,,,,,,,
STU-00166,2026-04-01,250000,UZS,Cash,,RCPT-N-00365,Completed,Tuition,Aprel tuition; source: TEMURBEK SCHOOL - Amonov Erkin 50% (1).csv line 117,,,,,,,
STU-00166,2026-05-01,250000,UZS,Cash,,RCPT-N-00366,Completed,Tuition,May tuition; source: TEMURBEK SCHOOL - Amonov Erkin 50% (1).csv line 117,,,,,,,
STU-00166,2026-06-01,270000,UZS,Cash,,RCPT-N-00367,Completed,Tuition,Iyun tuition; source: TEMURBEK SCHOOL - Amonov Erkin 50% (1).csv line 117,,,,,,,
STU-00166,2026-07-01,270000,UZS,Cash,,RCPT-N-00368,Completed,Tuition,Iyul tuition; source: TEMURBEK SCHOOL - Amonov Erkin 50% (1).csv line 117,,,,,,,
STU-00166,2026-08-01,250000,UZS,Cash,,RCPT-N-00369,Completed,Tuition,Avgust tuition; source: TEMURBEK SCHOOL - Amonov Erkin 50% (1).csv line 117,,,,,,,
STU-00167,2026-02-01,240000,UZS,Cash,,RCPT-N-00370,Completed,Tuition,Fevral tuition; source: TEMURBEK SCHOOL - Amonov Erkin 50% (1).csv line 118,monthly_discount,fixed,10000,250000,10000,240000,true
STU-00167,2026-03-01,240000,UZS,Cash,,RCPT-N-00371,Completed,Tuition,Mart tuition; source: TEMURBEK SCHOOL - Amonov Erkin 50% (1).csv line 118,monthly_discount,fixed,10000,250000,10000,240000,true
STU-00167,2026-04-01,240000,UZS,Cash,,RCPT-N-00372,Completed,Tuition,Aprel tuition; source: TEMURBEK SCHOOL - Amonov Erkin 50% (1).csv line 118,monthly_discount,fixed,10000,250000,10000,240000,true
STU-00167,2026-05-01,240000,UZS,Cash,,RCPT-N-00373,Completed,Tuition,May tuition; source: TEMURBEK SCHOOL - Amonov Erkin 50% (1).csv line 118,monthly_discount,fixed,10000,250000,10000,240000,true
STU-00167,2026-06-01,260000,UZS,Cash,,RCPT-N-00374,Completed,Tuition,Iyun tuition; source: TEMURBEK SCHOOL - Amonov Erkin 50% (1).csv line 118,,,,,,,
STU-00167,2026-07-01,260000,UZS,Cash,,RCPT-N-00375,Completed,Tuition,Iyul tuition; source: TEMURBEK SCHOOL - Amonov Erkin 50% (1).csv line 118,,,,,,,
STU-00167,2026-08-01,260000,UZS,Cash,,RCPT-N-00376,Completed,Tuition,Avgust tuition; source: TEMURBEK SCHOOL - Amonov Erkin 50% (1).csv line 118,,,,,,,
STU-00168,2026-02-01,250000,UZS,Cash,,RCPT-N-00377,Completed,Tuition,Fevral tuition; source: TEMURBEK SCHOOL - Amonov Erkin 50% (1).csv line 119,,,,,,,
STU-00168,2026-03-01,250000,UZS,Cash,,RCPT-N-00378,Completed,Tuition,Mart tuition; source: TEMURBEK SCHOOL - Amonov Erkin 50% (1).csv line 119,,,,,,,
STU-00168,2026-04-01,250000,UZS,Cash,,RCPT-N-00379,Completed,Tuition,Aprel tuition; source: TEMURBEK SCHOOL - Amonov Erkin 50% (1).csv line 119,,,,,,,
STU-00168,2026-05-01,250000,UZS,Cash,,RCPT-N-00380,Completed,Tuition,May tuition; source: TEMURBEK SCHOOL - Amonov Erkin 50% (1).csv line 119,,,,,,,
STU-00168,2026-06-01,270000,UZS,Cash,,RCPT-N-00381,Completed,Tuition,Iyun tuition; source: TEMURBEK SCHOOL - Amonov Erkin 50% (1).csv line 119,,,,,,,
STU-00168,2026-07-01,270000,UZS,Cash,,RCPT-N-00382,Completed,Tuition,Iyul tuition; source: TEMURBEK SCHOOL - Amonov Erkin 50% (1).csv line 119,,,,,,,
STU-00168,2026-08-01,270000,UZS,Cash,,RCPT-N-00383,Completed,Tuition,Avgust tuition; source: TEMURBEK SCHOOL - Amonov Erkin 50% (1).csv line 119,,,,,,,
STU-00169,2026-02-01,240000,UZS,Cash,,RCPT-N-00384,Completed,Tuition,Fevral tuition; source: TEMURBEK SCHOOL - Amonov Erkin 50% (1).csv line 120,monthly_discount,fixed,10000,250000,10000,240000,true
STU-00169,2026-03-01,240000,UZS,Cash,,RCPT-N-00385,Completed,Tuition,Mart tuition; source: TEMURBEK SCHOOL - Amonov Erkin 50% (1).csv line 120,monthly_discount,fixed,10000,250000,10000,240000,true
STU-00169,2026-04-01,240000,UZS,Cash,,RCPT-N-00386,Completed,Tuition,Aprel tuition; source: TEMURBEK SCHOOL - Amonov Erkin 50% (1).csv line 120,monthly_discount,fixed,10000,250000,10000,240000,true
STU-00169,2026-05-01,240000,UZS,Cash,,RCPT-N-00387,Completed,Tuition,May tuition; source: TEMURBEK SCHOOL - Amonov Erkin 50% (1).csv line 120,monthly_discount,fixed,10000,250000,10000,240000,true
STU-00169,2026-06-01,260000,UZS,Cash,,RCPT-N-00388,Completed,Tuition,Iyun tuition; source: TEMURBEK SCHOOL - Amonov Erkin 50% (1).csv line 120,,,,,,,
STU-00169,2026-07-01,260000,UZS,Cash,,RCPT-N-00389,Completed,Tuition,Iyul tuition; source: TEMURBEK SCHOOL - Amonov Erkin 50% (1).csv line 120,,,,,,,
STU-00169,2026-08-01,260000,UZS,Cash,,RCPT-N-00390,Completed,Tuition,Avgust tuition; source: TEMURBEK SCHOOL - Amonov Erkin 50% (1).csv line 120,,,,,,,
STU-00170,2026-02-01,250000,UZS,Cash,,RCPT-N-00391,Completed,Tuition,Fevral tuition; source: TEMURBEK SCHOOL - Amonov Erkin 50% (1).csv line 121,,,,,,,
STU-00170,2026-03-01,250000,UZS,Cash,,RCPT-N-00392,Completed,Tuition,Mart tuition; source: TEMURBEK SCHOOL - Amonov Erkin 50% (1).csv line 121,,,,,,,
STU-00170,2026-04-01,250000,UZS,Cash,,RCPT-N-00393,Completed,Tuition,Aprel tuition; source: TEMURBEK SCHOOL - Amonov Erkin 50% (1).csv line 121,,,,,,,
STU-00170,2026-05-01,250000,UZS,Cash,,RCPT-N-00394,Completed,Tuition,May tuition; source: TEMURBEK SCHOOL - Amonov Erkin 50% (1).csv line 121,,,,,,,
STU-00170,2026-06-01,270000,UZS,Cash,,RCPT-N-00395,Completed,Tuition,Iyun tuition; source: TEMURBEK SCHOOL - Amonov Erkin 50% (1).csv line 121,,,,,,,
STU-00170,2026-07-01,270000,UZS,Cash,,RCPT-N-00396,Completed,Tuition,Iyul tuition; source: TEMURBEK SCHOOL - Amonov Erkin 50% (1).csv line 121,,,,,,,
STU-00170,2026-08-01,270000,UZS,Cash,,RCPT-N-00397,Completed,Tuition,Avgust tuition; source: TEMURBEK SCHOOL - Amonov Erkin 50% (1).csv line 121,,,,,,,
STU-00171,2026-06-01,270000,UZS,Cash,,RCPT-N-00398,Completed,Tuition,Iyun tuition; source: TEMURBEK SCHOOL - Amonov Erkin 50% (1).csv line 122,,,,,,,
STU-00171,2026-07-01,205000,UZS,Cash,,RCPT-N-00399,Completed,Tuition,Iyul tuition; source: TEMURBEK SCHOOL - Amonov Erkin 50% (1).csv line 122,monthly_discount,fixed,45000,250000,45000,205000,true
STU-00172,2026-06-01,270000,UZS,Cash,,RCPT-N-00400,Completed,Tuition,Iyun tuition; source: TEMURBEK SCHOOL - Amonov Erkin 50% (1).csv line 123,,,,,,,
STU-00172,2026-07-01,135000,UZS,Cash,,RCPT-N-00401,Completed,Tuition,Iyul tuition; source: TEMURBEK SCHOOL - Amonov Erkin 50% (1).csv line 123,monthly_discount,fixed,115000,250000,115000,135000,true
STU-00172,2026-08-01,270000,UZS,Cash,,RCPT-N-00402,Completed,Tuition,Avgust tuition; source: TEMURBEK SCHOOL - Amonov Erkin 50% (1).csv line 123,,,,,,,
STU-00173,2026-06-01,70000,UZS,Cash,,RCPT-N-00403,Completed,Tuition,Iyun tuition; source: TEMURBEK SCHOOL - Amonov Erkin 50% (1).csv line 124,monthly_discount,fixed,180000,250000,180000,70000,true
STU-00173,2026-07-01,270000,UZS,Cash,,RCPT-N-00404,Completed,Tuition,Iyul tuition; source: TEMURBEK SCHOOL - Amonov Erkin 50% (1).csv line 124,,,,,,,
STU-00173,2026-08-01,270000,UZS,Cash,,RCPT-N-00405,Completed,Tuition,Avgust tuition; source: TEMURBEK SCHOOL - Amonov Erkin 50% (1).csv line 124,,,,,,,
STU-00173,2026-09-01,280000,UZS,Cash,,RCPT-N-00406,Completed,Tuition,Sentabr tuition; source: TEMURBEK SCHOOL - Amonov Erkin 50% (1).csv line 124,,,,,,,
STU-00174,2026-01-01,55000,UZS,Cash,,RCPT-N-00407,Completed,Tuition,Yanvar tuition; source: TEMURBEK SCHOOL - Amonov Erkin 50% (1).csv line 125,monthly_discount,fixed,195000,250000,195000,55000,true
STU-00174,2026-02-01,240000,UZS,Cash,,RCPT-N-00408,Completed,Tuition,Fevral tuition; source: TEMURBEK SCHOOL - Amonov Erkin 50% (1).csv line 125,monthly_discount,fixed,10000,250000,10000,240000,true
STU-00174,2026-03-01,240000,UZS,Cash,,RCPT-N-00409,Completed,Tuition,Mart tuition; source: TEMURBEK SCHOOL - Amonov Erkin 50% (1).csv line 125,monthly_discount,fixed,10000,250000,10000,240000,true
STU-00174,2026-04-01,240000,UZS,Cash,,RCPT-N-00410,Completed,Tuition,Aprel tuition; source: TEMURBEK SCHOOL - Amonov Erkin 50% (1).csv line 125,monthly_discount,fixed,10000,250000,10000,240000,true
STU-00174,2026-05-01,250000,UZS,Cash,,RCPT-N-00411,Completed,Tuition,May tuition; source: TEMURBEK SCHOOL - Amonov Erkin 50% (1).csv line 125,,,,,,,
STU-00174,2026-06-01,250000,UZS,Cash,,RCPT-N-00412,Completed,Tuition,Iyun tuition; source: TEMURBEK SCHOOL - Amonov Erkin 50% (1).csv line 125,,,,,,,
STU-00174,2026-07-01,270000,UZS,Cash,,RCPT-N-00413,Completed,Tuition,Iyul tuition; source: TEMURBEK SCHOOL - Amonov Erkin 50% (1).csv line 125,,,,,,,
STU-00174,2026-08-01,260000,UZS,Cash,,RCPT-N-00414,Completed,Tuition,Avgust tuition; source: TEMURBEK SCHOOL - Amonov Erkin 50% (1).csv line 125,,,,,,,
STU-00175,2026-07-01,270000,UZS,Cash,,RCPT-N-00415,Completed,Tuition,Iyul tuition; source: TEMURBEK SCHOOL - Amonov Erkin 50% (1).csv line 126,,,,,,,
STU-00175,2026-08-01,270000,UZS,Cash,,RCPT-N-00416,Completed,Tuition,Avgust tuition; source: TEMURBEK SCHOOL - Amonov Erkin 50% (1).csv line 126,,,,,,,
STU-00177,2026-02-01,125000,UZS,Cash,,RCPT-N-00417,Completed,Tuition,Fevral tuition; source: TEMURBEK SCHOOL - Amonov Erkin 50% (1).csv line 133,monthly_discount,fixed,125000,250000,125000,125000,true
STU-00177,2026-03-01,250000,UZS,Cash,,RCPT-N-00418,Completed,Tuition,Mart tuition; source: TEMURBEK SCHOOL - Amonov Erkin 50% (1).csv line 133,,,,,,,
STU-00177,2026-04-01,250000,UZS,Cash,,RCPT-N-00419,Completed,Tuition,Aprel tuition; source: TEMURBEK SCHOOL - Amonov Erkin 50% (1).csv line 133,,,,,,,
STU-00177,2026-05-01,250000,UZS,Cash,,RCPT-N-00420,Completed,Tuition,May tuition; source: TEMURBEK SCHOOL - Amonov Erkin 50% (1).csv line 133,,,,,,,
STU-00177,2026-06-01,270000,UZS,Cash,,RCPT-N-00421,Completed,Tuition,Iyun tuition; source: TEMURBEK SCHOOL - Amonov Erkin 50% (1).csv line 133,,,,,,,
STU-00177,2026-07-01,270000,UZS,Cash,,RCPT-N-00422,Completed,Tuition,Iyul tuition; source: TEMURBEK SCHOOL - Amonov Erkin 50% (1).csv line 133,,,,,,,
STU-00177,2026-08-01,270000,UZS,Cash,,RCPT-N-00423,Completed,Tuition,Avgust tuition; source: TEMURBEK SCHOOL - Amonov Erkin 50% (1).csv line 133,,,,,,,
STU-00178,2026-03-01,400000,UZS,Cash,,RCPT-N-00424,Completed,Tuition,Mart tuition; source: TEMURBEK SCHOOL - Amonov Erkin 50% (1).csv line 134,,,,,,,
STU-00178,2026-04-01,250000,UZS,Cash,,RCPT-N-00425,Completed,Tuition,Aprel tuition; source: TEMURBEK SCHOOL - Amonov Erkin 50% (1).csv line 134,,,,,,,
STU-00178,2026-05-01,250000,UZS,Cash,,RCPT-N-00426,Completed,Tuition,May tuition; source: TEMURBEK SCHOOL - Amonov Erkin 50% (1).csv line 134,,,,,,,
STU-00178,2026-06-01,270000,UZS,Cash,,RCPT-N-00427,Completed,Tuition,Iyun tuition; source: TEMURBEK SCHOOL - Amonov Erkin 50% (1).csv line 134,,,,,,,
STU-00178,2026-07-01,270000,UZS,Cash,,RCPT-N-00428,Completed,Tuition,Iyul tuition; source: TEMURBEK SCHOOL - Amonov Erkin 50% (1).csv line 134,,,,,,,
STU-00178,2026-08-01,270000,UZS,Cash,,RCPT-N-00429,Completed,Tuition,Avgust tuition; source: TEMURBEK SCHOOL - Amonov Erkin 50% (1).csv line 134,,,,,,,
STU-00179,2026-02-01,210000,UZS,Cash,,RCPT-N-00430,Completed,Tuition,Fevral tuition; source: TEMURBEK SCHOOL - Amonov Erkin 50% (1).csv line 135,monthly_discount,fixed,40000,250000,40000,210000,true
STU-00179,2026-03-01,250000,UZS,Cash,,RCPT-N-00431,Completed,Tuition,Mart tuition; source: TEMURBEK SCHOOL - Amonov Erkin 50% (1).csv line 135,,,,,,,
STU-00179,2026-04-01,250000,UZS,Cash,,RCPT-N-00432,Completed,Tuition,Aprel tuition; source: TEMURBEK SCHOOL - Amonov Erkin 50% (1).csv line 135,,,,,,,
STU-00179,2026-05-01,250000,UZS,Cash,,RCPT-N-00433,Completed,Tuition,May tuition; source: TEMURBEK SCHOOL - Amonov Erkin 50% (1).csv line 135,,,,,,,
STU-00179,2026-06-01,250000,UZS,Cash,,RCPT-N-00434,Completed,Tuition,Iyun tuition; source: TEMURBEK SCHOOL - Amonov Erkin 50% (1).csv line 135,,,,,,,
STU-00179,2026-07-01,270000,UZS,Cash,,RCPT-N-00435,Completed,Tuition,Iyul tuition; source: TEMURBEK SCHOOL - Amonov Erkin 50% (1).csv line 135,,,,,,,
STU-00180,2026-03-01,250000,UZS,Cash,,RCPT-N-00436,Completed,Tuition,Mart tuition; source: TEMURBEK SCHOOL - Amonov Erkin 50% (1).csv line 136,,,,,,,
STU-00180,2026-04-01,187000,UZS,Cash,,RCPT-N-00437,Completed,Tuition,Aprel tuition; source: TEMURBEK SCHOOL - Amonov Erkin 50% (1).csv line 136,monthly_discount,fixed,63000,250000,63000,187000,true
STU-00180,2026-05-01,230000,UZS,Cash,,RCPT-N-00438,Completed,Tuition,May tuition; source: TEMURBEK SCHOOL - Amonov Erkin 50% (1).csv line 136,monthly_discount,fixed,20000,250000,20000,230000,true
STU-00180,2026-06-01,250000,UZS,Cash,,RCPT-N-00439,Completed,Tuition,Iyun tuition; source: TEMURBEK SCHOOL - Amonov Erkin 50% (1).csv line 136,,,,,,,
STU-00180,2026-07-01,250000,UZS,Cash,,RCPT-N-00440,Completed,Tuition,Iyul tuition; source: TEMURBEK SCHOOL - Amonov Erkin 50% (1).csv line 136,,,,,,,
STU-00181,2026-03-01,250000,UZS,Cash,,RCPT-N-00441,Completed,Tuition,Mart tuition; source: TEMURBEK SCHOOL - Amonov Erkin 50% (1).csv line 137,,,,,,,
STU-00181,2026-04-01,250000,UZS,Cash,,RCPT-N-00442,Completed,Tuition,Aprel tuition; source: TEMURBEK SCHOOL - Amonov Erkin 50% (1).csv line 137,,,,,,,
STU-00181,2026-05-01,200000,UZS,Cash,,RCPT-N-00443,Completed,Tuition,May tuition; source: TEMURBEK SCHOOL - Amonov Erkin 50% (1).csv line 137,monthly_discount,fixed,50000,250000,50000,200000,true
STU-00181,2026-06-01,250000,UZS,Cash,,RCPT-N-00444,Completed,Tuition,Iyun tuition; source: TEMURBEK SCHOOL - Amonov Erkin 50% (1).csv line 137,,,,,,,
STU-00181,2026-07-01,220000,UZS,Cash,,RCPT-N-00445,Completed,Tuition,Iyul tuition; source: TEMURBEK SCHOOL - Amonov Erkin 50% (1).csv line 137,monthly_discount,fixed,30000,250000,30000,220000,true
STU-00181,2026-08-01,270000,UZS,Cash,,RCPT-N-00446,Completed,Tuition,Avgust tuition; source: TEMURBEK SCHOOL - Amonov Erkin 50% (1).csv line 137,,,,,,,
STU-00182,2026-03-01,250000,UZS,Cash,,RCPT-N-00447,Completed,Tuition,Mart tuition; source: TEMURBEK SCHOOL - Amonov Erkin 50% (1).csv line 138,,,,,,,
STU-00182,2026-04-01,250000,UZS,Cash,,RCPT-N-00448,Completed,Tuition,Aprel tuition; source: TEMURBEK SCHOOL - Amonov Erkin 50% (1).csv line 138,,,,,,,
STU-00182,2026-05-01,250000,UZS,Cash,,RCPT-N-00449,Completed,Tuition,May tuition; source: TEMURBEK SCHOOL - Amonov Erkin 50% (1).csv line 138,,,,,,,
STU-00182,2026-06-01,265000,UZS,Cash,,RCPT-N-00450,Completed,Tuition,Iyun tuition; source: TEMURBEK SCHOOL - Amonov Erkin 50% (1).csv line 138,,,,,,,
STU-00182,2026-07-01,270000,UZS,Cash,,RCPT-N-00451,Completed,Tuition,Iyul tuition; source: TEMURBEK SCHOOL - Amonov Erkin 50% (1).csv line 138,,,,,,,
STU-00183,2026-08-01,270000,UZS,Cash,,RCPT-N-00452,Completed,Tuition,Avgust tuition; source: TEMURBEK SCHOOL - Amonov Erkin 50% (1).csv line 139,,,,,,,
STU-00184,2026-03-01,270000,UZS,Cash,,RCPT-N-00453,Completed,Tuition,Mart tuition; source: TEMURBEK SCHOOL - Amonov Erkin 50% (1).csv line 140,,,,,,,
STU-00184,2026-04-01,250000,UZS,Cash,,RCPT-N-00454,Completed,Tuition,Aprel tuition; source: TEMURBEK SCHOOL - Amonov Erkin 50% (1).csv line 140,,,,,,,
STU-00184,2026-05-01,250000,UZS,Cash,,RCPT-N-00455,Completed,Tuition,May tuition; source: TEMURBEK SCHOOL - Amonov Erkin 50% (1).csv line 140,,,,,,,
STU-00184,2026-06-01,270000,UZS,Cash,,RCPT-N-00456,Completed,Tuition,Iyun tuition; source: TEMURBEK SCHOOL - Amonov Erkin 50% (1).csv line 140,,,,,,,
STU-00184,2026-07-01,130000,UZS,Cash,,RCPT-N-00457,Completed,Tuition,Iyul tuition; source: TEMURBEK SCHOOL - Amonov Erkin 50% (1).csv line 140,monthly_discount,fixed,120000,250000,120000,130000,true
STU-00185,2026-06-01,270000,UZS,Cash,,RCPT-N-00458,Completed,Tuition,Iyun tuition; source: TEMURBEK SCHOOL - Amonov Erkin 50% (1).csv line 141,,,,,,,
STU-00185,2026-07-01,270000,UZS,Cash,,RCPT-N-00459,Completed,Tuition,Iyul tuition; source: TEMURBEK SCHOOL - Amonov Erkin 50% (1).csv line 141,,,,,,,
STU-00185,2026-08-01,270000,UZS,Cash,,RCPT-N-00460,Completed,Tuition,Avgust tuition; source: TEMURBEK SCHOOL - Amonov Erkin 50% (1).csv line 141,,,,,,,
STU-00186,2026-07-01,45000,UZS,Cash,,RCPT-N-00461,Completed,Tuition,Iyul tuition; source: TEMURBEK SCHOOL - Amonov Erkin 50% (1).csv line 142,monthly_discount,fixed,205000,250000,205000,45000,true
STU-00187,2026-03-01,250000,UZS,Cash,,RCPT-N-00462,Completed,Tuition,Mart tuition; source: TEMURBEK SCHOOL - Amonov Erkin 50% (1).csv line 143,,,,,,,
STU-00187,2026-04-01,250000,UZS,Cash,,RCPT-N-00463,Completed,Tuition,Aprel tuition; source: TEMURBEK SCHOOL - Amonov Erkin 50% (1).csv line 143,,,,,,,
STU-00187,2026-05-01,250000,UZS,Cash,,RCPT-N-00464,Completed,Tuition,May tuition; source: TEMURBEK SCHOOL - Amonov Erkin 50% (1).csv line 143,,,,,,,
STU-00187,2026-06-01,270000,UZS,Cash,,RCPT-N-00465,Completed,Tuition,Iyun tuition; source: TEMURBEK SCHOOL - Amonov Erkin 50% (1).csv line 143,,,,,,,
STU-00188,2025-12-01,290000,UZS,Cash,,RCPT-N-00466,Completed,Tuition,Dekabr tuition; source: TEMURBEK SCHOOL - Bahrillayeva Mubina 45% (1).csv line 6,,,,,,,
STU-00188,2026-01-01,290000,UZS,Cash,,RCPT-N-00467,Completed,Tuition,Yanvar tuition; source: TEMURBEK SCHOOL - Bahrillayeva Mubina 45% (1).csv line 6,,,,,,,
STU-00188,2026-02-01,290000,UZS,Cash,,RCPT-N-00468,Completed,Tuition,Fevral tuition; source: TEMURBEK SCHOOL - Bahrillayeva Mubina 45% (1).csv line 6,,,,,,,
STU-00188,2026-03-01,290000,UZS,Cash,,RCPT-N-00469,Completed,Tuition,Mart tuition; source: TEMURBEK SCHOOL - Bahrillayeva Mubina 45% (1).csv line 6,,,,,,,
STU-00188,2026-04-01,290000,UZS,Cash,,RCPT-N-00470,Completed,Tuition,Aprel tuition; source: TEMURBEK SCHOOL - Bahrillayeva Mubina 45% (1).csv line 6,,,,,,,
STU-00188,2026-05-01,290000,UZS,Cash,,RCPT-N-00471,Completed,Tuition,May tuition; source: TEMURBEK SCHOOL - Bahrillayeva Mubina 45% (1).csv line 6,,,,,,,
STU-00189,2025-12-01,290000,UZS,Cash,,RCPT-N-00472,Completed,Tuition,Dekabr tuition; source: TEMURBEK SCHOOL - Bahrillayeva Mubina 45% (1).csv line 7,,,,,,,
STU-00189,2026-01-01,290000,UZS,Cash,,RCPT-N-00473,Completed,Tuition,Yanvar tuition; source: TEMURBEK SCHOOL - Bahrillayeva Mubina 45% (1).csv line 7,,,,,,,
STU-00189,2026-02-01,290000,UZS,Cash,,RCPT-N-00474,Completed,Tuition,Fevral tuition; source: TEMURBEK SCHOOL - Bahrillayeva Mubina 45% (1).csv line 7,,,,,,,
STU-00189,2026-03-01,290000,UZS,Cash,,RCPT-N-00475,Completed,Tuition,Mart tuition; source: TEMURBEK SCHOOL - Bahrillayeva Mubina 45% (1).csv line 7,,,,,,,
STU-00189,2026-04-01,290000,UZS,Cash,,RCPT-N-00476,Completed,Tuition,Aprel tuition; source: TEMURBEK SCHOOL - Bahrillayeva Mubina 45% (1).csv line 7,,,,,,,
STU-00190,2025-12-01,290000,UZS,Cash,,RCPT-N-00477,Completed,Tuition,Dekabr tuition; source: TEMURBEK SCHOOL - Bahrillayeva Mubina 45% (1).csv line 8,,,,,,,
STU-00190,2026-01-01,290000,UZS,Cash,,RCPT-N-00478,Completed,Tuition,Yanvar tuition; source: TEMURBEK SCHOOL - Bahrillayeva Mubina 45% (1).csv line 8,,,,,,,
STU-00190,2026-02-01,290000,UZS,Cash,,RCPT-N-00479,Completed,Tuition,Fevral tuition; source: TEMURBEK SCHOOL - Bahrillayeva Mubina 45% (1).csv line 8,,,,,,,
STU-00190,2026-03-01,290000,UZS,Cash,,RCPT-N-00480,Completed,Tuition,Mart tuition; source: TEMURBEK SCHOOL - Bahrillayeva Mubina 45% (1).csv line 8,,,,,,,
STU-00190,2026-04-01,290000,UZS,Cash,,RCPT-N-00481,Completed,Tuition,Aprel tuition; source: TEMURBEK SCHOOL - Bahrillayeva Mubina 45% (1).csv line 8,,,,,,,
STU-00190,2026-05-01,290000,UZS,Cash,,RCPT-N-00482,Completed,Tuition,May tuition; source: TEMURBEK SCHOOL - Bahrillayeva Mubina 45% (1).csv line 8,,,,,,,
STU-00191,2025-12-01,290000,UZS,Cash,,RCPT-N-00483,Completed,Tuition,Dekabr tuition; source: TEMURBEK SCHOOL - Bahrillayeva Mubina 45% (1).csv line 9,,,,,,,
STU-00191,2026-01-01,290000,UZS,Cash,,RCPT-N-00484,Completed,Tuition,Yanvar tuition; source: TEMURBEK SCHOOL - Bahrillayeva Mubina 45% (1).csv line 9,,,,,,,
STU-00191,2026-02-01,290000,UZS,Cash,,RCPT-N-00485,Completed,Tuition,Fevral tuition; source: TEMURBEK SCHOOL - Bahrillayeva Mubina 45% (1).csv line 9,,,,,,,
STU-00191,2026-03-01,290000,UZS,Cash,,RCPT-N-00486,Completed,Tuition,Mart tuition; source: TEMURBEK SCHOOL - Bahrillayeva Mubina 45% (1).csv line 9,,,,,,,
STU-00191,2026-04-01,290000,UZS,Cash,,RCPT-N-00487,Completed,Tuition,Aprel tuition; source: TEMURBEK SCHOOL - Bahrillayeva Mubina 45% (1).csv line 9,,,,,,,
STU-00191,2026-05-01,290000,UZS,Cash,,RCPT-N-00488,Completed,Tuition,May tuition; source: TEMURBEK SCHOOL - Bahrillayeva Mubina 45% (1).csv line 9,,,,,,,
STU-00192,2025-12-01,290000,UZS,Cash,,RCPT-N-00489,Completed,Tuition,Dekabr tuition; source: TEMURBEK SCHOOL - Bahrillayeva Mubina 45% (1).csv line 10,,,,,,,
STU-00192,2026-01-01,290000,UZS,Cash,,RCPT-N-00490,Completed,Tuition,Yanvar tuition; source: TEMURBEK SCHOOL - Bahrillayeva Mubina 45% (1).csv line 10,,,,,,,
STU-00192,2026-02-01,290000,UZS,Cash,,RCPT-N-00491,Completed,Tuition,Fevral tuition; source: TEMURBEK SCHOOL - Bahrillayeva Mubina 45% (1).csv line 10,,,,,,,
STU-00192,2026-03-01,290000,UZS,Cash,,RCPT-N-00492,Completed,Tuition,Mart tuition; source: TEMURBEK SCHOOL - Bahrillayeva Mubina 45% (1).csv line 10,,,,,,,
STU-00192,2026-04-01,290000,UZS,Cash,,RCPT-N-00493,Completed,Tuition,Aprel tuition; source: TEMURBEK SCHOOL - Bahrillayeva Mubina 45% (1).csv line 10,,,,,,,
STU-00192,2026-05-01,290000,UZS,Cash,,RCPT-N-00494,Completed,Tuition,May tuition; source: TEMURBEK SCHOOL - Bahrillayeva Mubina 45% (1).csv line 10,,,,,,,
STU-00193,2025-12-01,280000,UZS,Cash,,RCPT-N-00495,Completed,Tuition,Dekabr tuition; source: TEMURBEK SCHOOL - Bahrillayeva Mubina 45% (1).csv line 11,monthly_discount,fixed,10000,290000,10000,280000,true
STU-00193,2026-01-01,280000,UZS,Cash,,RCPT-N-00496,Completed,Tuition,Yanvar tuition; source: TEMURBEK SCHOOL - Bahrillayeva Mubina 45% (1).csv line 11,monthly_discount,fixed,10000,290000,10000,280000,true
STU-00193,2026-02-01,290000,UZS,Cash,,RCPT-N-00497,Completed,Tuition,Fevral tuition; source: TEMURBEK SCHOOL - Bahrillayeva Mubina 45% (1).csv line 11,,,,,,,
STU-00193,2026-03-01,290000,UZS,Cash,,RCPT-N-00498,Completed,Tuition,Mart tuition; source: TEMURBEK SCHOOL - Bahrillayeva Mubina 45% (1).csv line 11,,,,,,,
STU-00193,2026-04-01,290000,UZS,Cash,,RCPT-N-00499,Completed,Tuition,Aprel tuition; source: TEMURBEK SCHOOL - Bahrillayeva Mubina 45% (1).csv line 11,,,,,,,
STU-00193,2026-05-01,290000,UZS,Cash,,RCPT-N-00500,Completed,Tuition,May tuition; source: TEMURBEK SCHOOL - Bahrillayeva Mubina 45% (1).csv line 11,,,,,,,
STU-00194,2025-12-01,290000,UZS,Cash,,RCPT-N-00501,Completed,Tuition,Dekabr tuition; source: TEMURBEK SCHOOL - Bahrillayeva Mubina 45% (1).csv line 12,,,,,,,
STU-00194,2026-01-01,290000,UZS,Cash,,RCPT-N-00502,Completed,Tuition,Yanvar tuition; source: TEMURBEK SCHOOL - Bahrillayeva Mubina 45% (1).csv line 12,,,,,,,
STU-00194,2026-02-01,290000,UZS,Cash,,RCPT-N-00503,Completed,Tuition,Fevral tuition; source: TEMURBEK SCHOOL - Bahrillayeva Mubina 45% (1).csv line 12,,,,,,,
STU-00194,2026-03-01,290000,UZS,Cash,,RCPT-N-00504,Completed,Tuition,Mart tuition; source: TEMURBEK SCHOOL - Bahrillayeva Mubina 45% (1).csv line 12,,,,,,,
STU-00194,2026-04-01,290000,UZS,Cash,,RCPT-N-00505,Completed,Tuition,Aprel tuition; source: TEMURBEK SCHOOL - Bahrillayeva Mubina 45% (1).csv line 12,,,,,,,
STU-00194,2026-05-01,290000,UZS,Cash,,RCPT-N-00506,Completed,Tuition,May tuition; source: TEMURBEK SCHOOL - Bahrillayeva Mubina 45% (1).csv line 12,,,,,,,
STU-00195,2025-12-01,290000,UZS,Cash,,RCPT-N-00507,Completed,Tuition,Dekabr tuition; source: TEMURBEK SCHOOL - Bahrillayeva Mubina 45% (1).csv line 13,,,,,,,
STU-00195,2026-01-01,290000,UZS,Cash,,RCPT-N-00508,Completed,Tuition,Yanvar tuition; source: TEMURBEK SCHOOL - Bahrillayeva Mubina 45% (1).csv line 13,,,,,,,
STU-00195,2026-02-01,290000,UZS,Cash,,RCPT-N-00509,Completed,Tuition,Fevral tuition; source: TEMURBEK SCHOOL - Bahrillayeva Mubina 45% (1).csv line 13,,,,,,,
STU-00195,2026-03-01,290000,UZS,Cash,,RCPT-N-00510,Completed,Tuition,Mart tuition; source: TEMURBEK SCHOOL - Bahrillayeva Mubina 45% (1).csv line 13,,,,,,,
STU-00195,2026-04-01,290000,UZS,Cash,,RCPT-N-00511,Completed,Tuition,Aprel tuition; source: TEMURBEK SCHOOL - Bahrillayeva Mubina 45% (1).csv line 13,,,,,,,
STU-00195,2026-05-01,290000,UZS,Cash,,RCPT-N-00512,Completed,Tuition,May tuition; source: TEMURBEK SCHOOL - Bahrillayeva Mubina 45% (1).csv line 13,,,,,,,
STU-00196,2025-12-01,290000,UZS,Cash,,RCPT-N-00513,Completed,Tuition,Dekabr tuition; source: TEMURBEK SCHOOL - Bahrillayeva Mubina 45% (1).csv line 14,,,,,,,
STU-00196,2026-01-01,290000,UZS,Cash,,RCPT-N-00514,Completed,Tuition,Yanvar tuition; source: TEMURBEK SCHOOL - Bahrillayeva Mubina 45% (1).csv line 14,,,,,,,
STU-00196,2026-02-01,290000,UZS,Cash,,RCPT-N-00515,Completed,Tuition,Fevral tuition; source: TEMURBEK SCHOOL - Bahrillayeva Mubina 45% (1).csv line 14,,,,,,,
STU-00196,2026-03-01,290000,UZS,Cash,,RCPT-N-00516,Completed,Tuition,Mart tuition; source: TEMURBEK SCHOOL - Bahrillayeva Mubina 45% (1).csv line 14,,,,,,,
STU-00196,2026-04-01,290000,UZS,Cash,,RCPT-N-00517,Completed,Tuition,Aprel tuition; source: TEMURBEK SCHOOL - Bahrillayeva Mubina 45% (1).csv line 14,,,,,,,
STU-00196,2026-05-01,290000,UZS,Cash,,RCPT-N-00518,Completed,Tuition,May tuition; source: TEMURBEK SCHOOL - Bahrillayeva Mubina 45% (1).csv line 14,,,,,,,
STU-00197,2025-12-01,200000,UZS,Cash,,RCPT-N-00519,Completed,Tuition,Dekabr tuition; source: TEMURBEK SCHOOL - Bahrillayeva Mubina 45% (1).csv line 15,serial_discount,fixed,90000,290000,90000,200000,true
STU-00197,2026-01-01,200000,UZS,Cash,,RCPT-N-00520,Completed,Tuition,Yanvar tuition; source: TEMURBEK SCHOOL - Bahrillayeva Mubina 45% (1).csv line 15,serial_discount,fixed,90000,290000,90000,200000,true
STU-00197,2026-02-01,200000,UZS,Cash,,RCPT-N-00521,Completed,Tuition,Fevral tuition; source: TEMURBEK SCHOOL - Bahrillayeva Mubina 45% (1).csv line 15,serial_discount,fixed,90000,290000,90000,200000,true
STU-00197,2026-03-01,200000,UZS,Cash,,RCPT-N-00522,Completed,Tuition,Mart tuition; source: TEMURBEK SCHOOL - Bahrillayeva Mubina 45% (1).csv line 15,serial_discount,fixed,90000,290000,90000,200000,true
STU-00197,2026-04-01,200000,UZS,Cash,,RCPT-N-00523,Completed,Tuition,Aprel tuition; source: TEMURBEK SCHOOL - Bahrillayeva Mubina 45% (1).csv line 15,serial_discount,fixed,90000,290000,90000,200000,true
STU-00197,2026-05-01,200000,UZS,Cash,,RCPT-N-00524,Completed,Tuition,May tuition; source: TEMURBEK SCHOOL - Bahrillayeva Mubina 45% (1).csv line 15,serial_discount,fixed,90000,290000,90000,200000,true
STU-00198,2025-12-01,270000,UZS,Cash,,RCPT-N-00525,Completed,Tuition,Dekabr tuition; source: TEMURBEK SCHOOL - Bahrillayeva Mubina 45% (1).csv line 16,monthly_discount,fixed,20000,290000,20000,270000,true
STU-00198,2026-01-01,290000,UZS,Cash,,RCPT-N-00526,Completed,Tuition,Yanvar tuition; source: TEMURBEK SCHOOL - Bahrillayeva Mubina 45% (1).csv line 16,,,,,,,
STU-00198,2026-02-01,290000,UZS,Cash,,RCPT-N-00527,Completed,Tuition,Fevral tuition; source: TEMURBEK SCHOOL - Bahrillayeva Mubina 45% (1).csv line 16,,,,,,,
STU-00198,2026-03-01,290000,UZS,Cash,,RCPT-N-00528,Completed,Tuition,Mart tuition; source: TEMURBEK SCHOOL - Bahrillayeva Mubina 45% (1).csv line 16,,,,,,,
STU-00198,2026-04-01,290000,UZS,Cash,,RCPT-N-00529,Completed,Tuition,Aprel tuition; source: TEMURBEK SCHOOL - Bahrillayeva Mubina 45% (1).csv line 16,,,,,,,
STU-00198,2026-05-01,290000,UZS,Cash,,RCPT-N-00530,Completed,Tuition,May tuition; source: TEMURBEK SCHOOL - Bahrillayeva Mubina 45% (1).csv line 16,,,,,,,
STU-00199,2026-03-01,290000,UZS,Cash,,RCPT-N-00531,Completed,Tuition,Mart tuition; source: TEMURBEK SCHOOL - Bahrillayeva Mubina 45% (1).csv line 17,,,,,,,
STU-00199,2026-04-01,290000,UZS,Cash,,RCPT-N-00532,Completed,Tuition,Aprel tuition; source: TEMURBEK SCHOOL - Bahrillayeva Mubina 45% (1).csv line 17,,,,,,,
STU-00199,2026-05-01,290000,UZS,Cash,,RCPT-N-00533,Completed,Tuition,May tuition; source: TEMURBEK SCHOOL - Bahrillayeva Mubina 45% (1).csv line 17,,,,,,,
STU-00200,2026-05-01,270000,UZS,Cash,,RCPT-N-00534,Completed,Tuition,May tuition; source: TEMURBEK SCHOOL - Bahrillayeva Mubina 45% (1).csv line 18,monthly_discount,fixed,20000,290000,20000,270000,true
STU-00201,2026-02-01,270000,UZS,Cash,,RCPT-N-00535,Completed,Tuition,Fevral tuition; source: TEMURBEK SCHOOL - Bahrillayeva Mubina 45% (1).csv line 32,monthly_discount,fixed,10000,280000,10000,270000,true
STU-00201,2026-03-01,290000,UZS,Cash,,RCPT-N-00536,Completed,Tuition,Mart tuition; source: TEMURBEK SCHOOL - Bahrillayeva Mubina 45% (1).csv line 32,,,,,,,
STU-00201,2026-04-01,280000,UZS,Cash,,RCPT-N-00537,Completed,Tuition,Aprel tuition; source: TEMURBEK SCHOOL - Bahrillayeva Mubina 45% (1).csv line 32,,,,,,,
STU-00201,2026-05-01,280000,UZS,Cash,,RCPT-N-00538,Completed,Tuition,May tuition; source: TEMURBEK SCHOOL - Bahrillayeva Mubina 45% (1).csv line 32,,,,,,,
STU-00202,2025-12-01,270000,UZS,Cash,,RCPT-N-00539,Completed,Tuition,Dekabr tuition; source: TEMURBEK SCHOOL - Bahrillayeva Mubina 45% (1).csv line 33,monthly_discount,fixed,10000,280000,10000,270000,true
STU-00202,2026-01-01,270000,UZS,Cash,,RCPT-N-00540,Completed,Tuition,Yanvar tuition; source: TEMURBEK SCHOOL - Bahrillayeva Mubina 45% (1).csv line 33,monthly_discount,fixed,10000,280000,10000,270000,true
STU-00202,2026-02-01,270000,UZS,Cash,,RCPT-N-00541,Completed,Tuition,Fevral tuition; source: TEMURBEK SCHOOL - Bahrillayeva Mubina 45% (1).csv line 33,monthly_discount,fixed,10000,280000,10000,270000,true
STU-00202,2026-03-01,280000,UZS,Cash,,RCPT-N-00542,Completed,Tuition,Mart tuition; source: TEMURBEK SCHOOL - Bahrillayeva Mubina 45% (1).csv line 33,,,,,,,
STU-00202,2026-04-01,280000,UZS,Cash,,RCPT-N-00543,Completed,Tuition,Aprel tuition; source: TEMURBEK SCHOOL - Bahrillayeva Mubina 45% (1).csv line 33,,,,,,,
STU-00202,2026-05-01,280000,UZS,Cash,,RCPT-N-00544,Completed,Tuition,May tuition; source: TEMURBEK SCHOOL - Bahrillayeva Mubina 45% (1).csv line 33,,,,,,,
STU-00203,2025-12-01,270000,UZS,Cash,,RCPT-N-00545,Completed,Tuition,Dekabr tuition; source: TEMURBEK SCHOOL - Bahrillayeva Mubina 45% (1).csv line 34,monthly_discount,fixed,10000,280000,10000,270000,true
STU-00203,2026-01-01,270000,UZS,Cash,,RCPT-N-00546,Completed,Tuition,Yanvar tuition; source: TEMURBEK SCHOOL - Bahrillayeva Mubina 45% (1).csv line 34,monthly_discount,fixed,10000,280000,10000,270000,true
STU-00203,2026-02-01,270000,UZS,Cash,,RCPT-N-00547,Completed,Tuition,Fevral tuition; source: TEMURBEK SCHOOL - Bahrillayeva Mubina 45% (1).csv line 34,monthly_discount,fixed,10000,280000,10000,270000,true
STU-00203,2026-03-01,180000,UZS,Cash,,RCPT-N-00548,Completed,Tuition,Mart tuition; source: TEMURBEK SCHOOL - Bahrillayeva Mubina 45% (1).csv line 34,monthly_discount,fixed,100000,280000,100000,180000,true
STU-00203,2026-04-01,280000,UZS,Cash,,RCPT-N-00549,Completed,Tuition,Aprel tuition; source: TEMURBEK SCHOOL - Bahrillayeva Mubina 45% (1).csv line 34,,,,,,,
STU-00203,2026-05-01,235000,UZS,Cash,,RCPT-N-00550,Completed,Tuition,May tuition; source: TEMURBEK SCHOOL - Bahrillayeva Mubina 45% (1).csv line 34,monthly_discount,fixed,45000,280000,45000,235000,true
STU-00204,2025-12-01,270000,UZS,Cash,,RCPT-N-00551,Completed,Tuition,Dekabr tuition; source: TEMURBEK SCHOOL - Bahrillayeva Mubina 45% (1).csv line 35,monthly_discount,fixed,10000,280000,10000,270000,true
STU-00204,2026-01-01,270000,UZS,Cash,,RCPT-N-00552,Completed,Tuition,Yanvar tuition; source: TEMURBEK SCHOOL - Bahrillayeva Mubina 45% (1).csv line 35,monthly_discount,fixed,10000,280000,10000,270000,true
STU-00204,2026-02-01,270000,UZS,Cash,,RCPT-N-00553,Completed,Tuition,Fevral tuition; source: TEMURBEK SCHOOL - Bahrillayeva Mubina 45% (1).csv line 35,monthly_discount,fixed,10000,280000,10000,270000,true
STU-00204,2026-03-01,270000,UZS,Cash,,RCPT-N-00554,Completed,Tuition,Mart tuition; source: TEMURBEK SCHOOL - Bahrillayeva Mubina 45% (1).csv line 35,monthly_discount,fixed,10000,280000,10000,270000,true
STU-00204,2026-04-01,280000,UZS,Cash,,RCPT-N-00555,Completed,Tuition,Aprel tuition; source: TEMURBEK SCHOOL - Bahrillayeva Mubina 45% (1).csv line 35,,,,,,,
STU-00204,2026-05-01,280000,UZS,Cash,,RCPT-N-00556,Completed,Tuition,May tuition; source: TEMURBEK SCHOOL - Bahrillayeva Mubina 45% (1).csv line 35,,,,,,,
STU-00205,2025-12-01,270000,UZS,Cash,,RCPT-N-00557,Completed,Tuition,Dekabr tuition; source: TEMURBEK SCHOOL - Bahrillayeva Mubina 45% (1).csv line 36,monthly_discount,fixed,10000,280000,10000,270000,true
STU-00205,2026-01-01,270000,UZS,Cash,,RCPT-N-00558,Completed,Tuition,Yanvar tuition; source: TEMURBEK SCHOOL - Bahrillayeva Mubina 45% (1).csv line 36,monthly_discount,fixed,10000,280000,10000,270000,true
STU-00205,2026-02-01,270000,UZS,Cash,,RCPT-N-00559,Completed,Tuition,Fevral tuition; source: TEMURBEK SCHOOL - Bahrillayeva Mubina 45% (1).csv line 36,monthly_discount,fixed,10000,280000,10000,270000,true
STU-00205,2026-03-01,280000,UZS,Cash,,RCPT-N-00560,Completed,Tuition,Mart tuition; source: TEMURBEK SCHOOL - Bahrillayeva Mubina 45% (1).csv line 36,,,,,,,
STU-00205,2026-04-01,280000,UZS,Cash,,RCPT-N-00561,Completed,Tuition,Aprel tuition; source: TEMURBEK SCHOOL - Bahrillayeva Mubina 45% (1).csv line 36,,,,,,,
STU-00205,2026-05-01,280000,UZS,Cash,,RCPT-N-00562,Completed,Tuition,May tuition; source: TEMURBEK SCHOOL - Bahrillayeva Mubina 45% (1).csv line 36,,,,,,,
STU-00206,2025-12-01,270000,UZS,Cash,,RCPT-N-00563,Completed,Tuition,Dekabr tuition; source: TEMURBEK SCHOOL - Bahrillayeva Mubina 45% (1).csv line 37,monthly_discount,fixed,10000,280000,10000,270000,true
STU-00206,2026-01-01,270000,UZS,Cash,,RCPT-N-00564,Completed,Tuition,Yanvar tuition; source: TEMURBEK SCHOOL - Bahrillayeva Mubina 45% (1).csv line 37,monthly_discount,fixed,10000,280000,10000,270000,true
STU-00206,2026-02-01,270000,UZS,Cash,,RCPT-N-00565,Completed,Tuition,Fevral tuition; source: TEMURBEK SCHOOL - Bahrillayeva Mubina 45% (1).csv line 37,monthly_discount,fixed,10000,280000,10000,270000,true
STU-00206,2026-03-01,280000,UZS,Cash,,RCPT-N-00566,Completed,Tuition,Mart tuition; source: TEMURBEK SCHOOL - Bahrillayeva Mubina 45% (1).csv line 37,,,,,,,
STU-00206,2026-04-01,280000,UZS,Cash,,RCPT-N-00567,Completed,Tuition,Aprel tuition; source: TEMURBEK SCHOOL - Bahrillayeva Mubina 45% (1).csv line 37,,,,,,,
STU-00206,2026-05-01,280000,UZS,Cash,,RCPT-N-00568,Completed,Tuition,May tuition; source: TEMURBEK SCHOOL - Bahrillayeva Mubina 45% (1).csv line 37,,,,,,,
STU-00207,2025-12-01,270000,UZS,Cash,,RCPT-N-00569,Completed,Tuition,Dekabr tuition; source: TEMURBEK SCHOOL - Bahrillayeva Mubina 45% (1).csv line 38,monthly_discount,fixed,10000,280000,10000,270000,true
STU-00207,2026-01-01,270000,UZS,Cash,,RCPT-N-00570,Completed,Tuition,Yanvar tuition; source: TEMURBEK SCHOOL - Bahrillayeva Mubina 45% (1).csv line 38,monthly_discount,fixed,10000,280000,10000,270000,true
STU-00207,2026-02-01,270000,UZS,Cash,,RCPT-N-00571,Completed,Tuition,Fevral tuition; source: TEMURBEK SCHOOL - Bahrillayeva Mubina 45% (1).csv line 38,monthly_discount,fixed,10000,280000,10000,270000,true
STU-00207,2026-03-01,290000,UZS,Cash,,RCPT-N-00572,Completed,Tuition,Mart tuition; source: TEMURBEK SCHOOL - Bahrillayeva Mubina 45% (1).csv line 38,,,,,,,
STU-00207,2026-04-01,280000,UZS,Cash,,RCPT-N-00573,Completed,Tuition,Aprel tuition; source: TEMURBEK SCHOOL - Bahrillayeva Mubina 45% (1).csv line 38,,,,,,,
STU-00207,2026-05-01,280000,UZS,Cash,,RCPT-N-00574,Completed,Tuition,May tuition; source: TEMURBEK SCHOOL - Bahrillayeva Mubina 45% (1).csv line 38,,,,,,,
STU-00208,2025-12-01,270000,UZS,Cash,,RCPT-N-00575,Completed,Tuition,Dekabr tuition; source: TEMURBEK SCHOOL - Bahrillayeva Mubina 45% (1).csv line 39,monthly_discount,fixed,10000,280000,10000,270000,true
STU-00208,2026-01-01,270000,UZS,Cash,,RCPT-N-00576,Completed,Tuition,Yanvar tuition; source: TEMURBEK SCHOOL - Bahrillayeva Mubina 45% (1).csv line 39,monthly_discount,fixed,10000,280000,10000,270000,true
STU-00208,2026-02-01,270000,UZS,Cash,,RCPT-N-00577,Completed,Tuition,Fevral tuition; source: TEMURBEK SCHOOL - Bahrillayeva Mubina 45% (1).csv line 39,monthly_discount,fixed,10000,280000,10000,270000,true
STU-00208,2026-03-01,280000,UZS,Cash,,RCPT-N-00578,Completed,Tuition,Mart tuition; source: TEMURBEK SCHOOL - Bahrillayeva Mubina 45% (1).csv line 39,,,,,,,
STU-00208,2026-04-01,280000,UZS,Cash,,RCPT-N-00579,Completed,Tuition,Aprel tuition; source: TEMURBEK SCHOOL - Bahrillayeva Mubina 45% (1).csv line 39,,,,,,,
STU-00208,2026-05-01,280000,UZS,Cash,,RCPT-N-00580,Completed,Tuition,May tuition; source: TEMURBEK SCHOOL - Bahrillayeva Mubina 45% (1).csv line 39,,,,,,,
STU-00209,2025-12-01,270000,UZS,Cash,,RCPT-N-00581,Completed,Tuition,Dekabr tuition; source: TEMURBEK SCHOOL - Bahrillayeva Mubina 45% (1).csv line 40,monthly_discount,fixed,10000,280000,10000,270000,true
STU-00209,2026-01-01,270000,UZS,Cash,,RCPT-N-00582,Completed,Tuition,Yanvar tuition; source: TEMURBEK SCHOOL - Bahrillayeva Mubina 45% (1).csv line 40,monthly_discount,fixed,10000,280000,10000,270000,true
STU-00209,2026-02-01,270000,UZS,Cash,,RCPT-N-00583,Completed,Tuition,Fevral tuition; source: TEMURBEK SCHOOL - Bahrillayeva Mubina 45% (1).csv line 40,monthly_discount,fixed,10000,280000,10000,270000,true
STU-00209,2026-03-01,280000,UZS,Cash,,RCPT-N-00584,Completed,Tuition,Mart tuition; source: TEMURBEK SCHOOL - Bahrillayeva Mubina 45% (1).csv line 40,,,,,,,
STU-00209,2026-04-01,280000,UZS,Cash,,RCPT-N-00585,Completed,Tuition,Aprel tuition; source: TEMURBEK SCHOOL - Bahrillayeva Mubina 45% (1).csv line 40,,,,,,,
STU-00209,2026-05-01,280000,UZS,Cash,,RCPT-N-00586,Completed,Tuition,May tuition; source: TEMURBEK SCHOOL - Bahrillayeva Mubina 45% (1).csv line 40,,,,,,,
STU-00210,2025-12-01,120000,UZS,Cash,,RCPT-N-00587,Completed,Tuition,Dekabr tuition; source: TEMURBEK SCHOOL - Bahrillayeva Mubina 45% (1).csv line 41,monthly_discount,fixed,160000,280000,160000,120000,true
STU-00210,2026-01-01,285000,UZS,Cash,,RCPT-N-00588,Completed,Tuition,Yanvar tuition; source: TEMURBEK SCHOOL - Bahrillayeva Mubina 45% (1).csv line 41,,,,,,,
STU-00210,2026-02-01,270000,UZS,Cash,,RCPT-N-00589,Completed,Tuition,Fevral tuition; source: TEMURBEK SCHOOL - Bahrillayeva Mubina 45% (1).csv line 41,monthly_discount,fixed,10000,280000,10000,270000,true
STU-00210,2026-03-01,280000,UZS,Cash,,RCPT-N-00590,Completed,Tuition,Mart tuition; source: TEMURBEK SCHOOL - Bahrillayeva Mubina 45% (1).csv line 41,,,,,,,
STU-00210,2026-04-01,280000,UZS,Cash,,RCPT-N-00591,Completed,Tuition,Aprel tuition; source: TEMURBEK SCHOOL - Bahrillayeva Mubina 45% (1).csv line 41,,,,,,,
STU-00210,2026-05-01,290000,UZS,Cash,,RCPT-N-00592,Completed,Tuition,May tuition; source: TEMURBEK SCHOOL - Bahrillayeva Mubina 45% (1).csv line 41,,,,,,,
STU-00211,2026-01-01,300000,UZS,Cash,,RCPT-N-00593,Completed,Tuition,Yanvar tuition; source: TEMURBEK SCHOOL - Bahrillayeva Mubina 45% (1).csv line 42,,,,,,,
STU-00211,2026-02-01,270000,UZS,Cash,,RCPT-N-00594,Completed,Tuition,Fevral tuition; source: TEMURBEK SCHOOL - Bahrillayeva Mubina 45% (1).csv line 42,monthly_discount,fixed,10000,280000,10000,270000,true
STU-00211,2026-03-01,280000,UZS,Cash,,RCPT-N-00595,Completed,Tuition,Mart tuition; source: TEMURBEK SCHOOL - Bahrillayeva Mubina 45% (1).csv line 42,,,,,,,
STU-00211,2026-04-01,280000,UZS,Cash,,RCPT-N-00596,Completed,Tuition,Aprel tuition; source: TEMURBEK SCHOOL - Bahrillayeva Mubina 45% (1).csv line 42,,,,,,,
STU-00211,2026-05-01,280000,UZS,Cash,,RCPT-N-00597,Completed,Tuition,May tuition; source: TEMURBEK SCHOOL - Bahrillayeva Mubina 45% (1).csv line 42,,,,,,,
STU-00212,2026-01-01,270000,UZS,Cash,,RCPT-N-00598,Completed,Tuition,Yanvar tuition; source: TEMURBEK SCHOOL - Bahrillayeva Mubina 45% (1).csv line 43,monthly_discount,fixed,10000,280000,10000,270000,true
STU-00212,2026-02-01,270000,UZS,Cash,,RCPT-N-00599,Completed,Tuition,Fevral tuition; source: TEMURBEK SCHOOL - Bahrillayeva Mubina 45% (1).csv line 43,monthly_discount,fixed,10000,280000,10000,270000,true
STU-00212,2026-03-01,280000,UZS,Cash,,RCPT-N-00600,Completed,Tuition,Mart tuition; source: TEMURBEK SCHOOL - Bahrillayeva Mubina 45% (1).csv line 43,,,,,,,
STU-00212,2026-04-01,280000,UZS,Cash,,RCPT-N-00601,Completed,Tuition,Aprel tuition; source: TEMURBEK SCHOOL - Bahrillayeva Mubina 45% (1).csv line 43,,,,,,,
STU-00212,2026-05-01,280000,UZS,Cash,,RCPT-N-00602,Completed,Tuition,May tuition; source: TEMURBEK SCHOOL - Bahrillayeva Mubina 45% (1).csv line 43,,,,,,,
STU-00213,2026-01-01,270000,UZS,Cash,,RCPT-N-00603,Completed,Tuition,Yanvar tuition; source: TEMURBEK SCHOOL - Bahrillayeva Mubina 45% (1).csv line 44,monthly_discount,fixed,10000,280000,10000,270000,true
STU-00213,2026-02-01,270000,UZS,Cash,,RCPT-N-00604,Completed,Tuition,Fevral tuition; source: TEMURBEK SCHOOL - Bahrillayeva Mubina 45% (1).csv line 44,monthly_discount,fixed,10000,280000,10000,270000,true
STU-00213,2026-03-01,280000,UZS,Cash,,RCPT-N-00605,Completed,Tuition,Mart tuition; source: TEMURBEK SCHOOL - Bahrillayeva Mubina 45% (1).csv line 44,,,,,,,
STU-00213,2026-04-01,280000,UZS,Cash,,RCPT-N-00606,Completed,Tuition,Aprel tuition; source: TEMURBEK SCHOOL - Bahrillayeva Mubina 45% (1).csv line 44,,,,,,,
STU-00213,2026-05-01,116000,UZS,Cash,,RCPT-N-00607,Completed,Tuition,May tuition; source: TEMURBEK SCHOOL - Bahrillayeva Mubina 45% (1).csv line 44,monthly_discount,fixed,164000,280000,164000,116000,true
STU-00214,2026-05-01,280000,UZS,Cash,,RCPT-N-00608,Completed,Tuition,May tuition; source: TEMURBEK SCHOOL - Bahrillayeva Mubina 45% (1).csv line 45,,,,,,,
STU-00215,2026-05-01,280000,UZS,Cash,,RCPT-N-00609,Completed,Tuition,May tuition; source: TEMURBEK SCHOOL - Bahrillayeva Mubina 45% (1).csv line 46,,,,,,,
STU-00216,2025-12-01,270000,UZS,Cash,,RCPT-N-00610,Completed,Tuition,Dekabr tuition; source: TEMURBEK SCHOOL - Bahrullayev Muhammad 50% (1).csv line 4,monthly_discount,fixed,10000,280000,10000,270000,true
STU-00216,2026-01-01,270000,UZS,Cash,,RCPT-N-00611,Completed,Tuition,Yanvar tuition; source: TEMURBEK SCHOOL - Bahrullayev Muhammad 50% (1).csv line 4,monthly_discount,fixed,10000,280000,10000,270000,true
STU-00216,2026-02-01,270000,UZS,Cash,,RCPT-N-00612,Completed,Tuition,Fevaral tuition; source: TEMURBEK SCHOOL - Bahrullayev Muhammad 50% (1).csv line 4,monthly_discount,fixed,10000,280000,10000,270000,true
STU-00216,2026-03-01,280000,UZS,Cash,,RCPT-N-00613,Completed,Tuition,Mart tuition; source: TEMURBEK SCHOOL - Bahrullayev Muhammad 50% (1).csv line 4,,,,,,,
STU-00216,2026-04-01,280000,UZS,Cash,,RCPT-N-00614,Completed,Tuition,Aprel tuition; source: TEMURBEK SCHOOL - Bahrullayev Muhammad 50% (1).csv line 4,,,,,,,
STU-00216,2026-05-01,280000,UZS,Cash,,RCPT-N-00615,Completed,Tuition,May tuition; source: TEMURBEK SCHOOL - Bahrullayev Muhammad 50% (1).csv line 4,,,,,,,
STU-00217,2025-12-01,270000,UZS,Cash,,RCPT-N-00616,Completed,Tuition,Dekabr tuition; source: TEMURBEK SCHOOL - Bahrullayev Muhammad 50% (1).csv line 5,monthly_discount,fixed,10000,280000,10000,270000,true
STU-00217,2026-01-01,270000,UZS,Cash,,RCPT-N-00617,Completed,Tuition,Yanvar tuition; source: TEMURBEK SCHOOL - Bahrullayev Muhammad 50% (1).csv line 5,monthly_discount,fixed,10000,280000,10000,270000,true
STU-00217,2026-02-01,280000,UZS,Cash,,RCPT-N-00618,Completed,Tuition,Fevaral tuition; source: TEMURBEK SCHOOL - Bahrullayev Muhammad 50% (1).csv line 5,,,,,,,
STU-00217,2026-03-01,280000,UZS,Cash,,RCPT-N-00619,Completed,Tuition,Mart tuition; source: TEMURBEK SCHOOL - Bahrullayev Muhammad 50% (1).csv line 5,,,,,,,
STU-00217,2026-04-01,280000,UZS,Cash,,RCPT-N-00620,Completed,Tuition,Aprel tuition; source: TEMURBEK SCHOOL - Bahrullayev Muhammad 50% (1).csv line 5,,,,,,,
STU-00217,2026-05-01,280000,UZS,Cash,,RCPT-N-00621,Completed,Tuition,May tuition; source: TEMURBEK SCHOOL - Bahrullayev Muhammad 50% (1).csv line 5,,,,,,,
STU-00218,2025-12-01,270000,UZS,Cash,,RCPT-N-00622,Completed,Tuition,Dekabr tuition; source: TEMURBEK SCHOOL - Bahrullayev Muhammad 50% (1).csv line 6,monthly_discount,fixed,10000,280000,10000,270000,true
STU-00218,2026-01-01,270000,UZS,Cash,,RCPT-N-00623,Completed,Tuition,Yanvar tuition; source: TEMURBEK SCHOOL - Bahrullayev Muhammad 50% (1).csv line 6,monthly_discount,fixed,10000,280000,10000,270000,true
STU-00218,2026-02-01,270000,UZS,Cash,,RCPT-N-00624,Completed,Tuition,Fevaral tuition; source: TEMURBEK SCHOOL - Bahrullayev Muhammad 50% (1).csv line 6,monthly_discount,fixed,10000,280000,10000,270000,true
STU-00218,2026-03-01,280000,UZS,Cash,,RCPT-N-00625,Completed,Tuition,Mart tuition; source: TEMURBEK SCHOOL - Bahrullayev Muhammad 50% (1).csv line 6,,,,,,,
STU-00218,2026-04-01,280000,UZS,Cash,,RCPT-N-00626,Completed,Tuition,Aprel tuition; source: TEMURBEK SCHOOL - Bahrullayev Muhammad 50% (1).csv line 6,,,,,,,
STU-00218,2026-05-01,280000,UZS,Cash,,RCPT-N-00627,Completed,Tuition,May tuition; source: TEMURBEK SCHOOL - Bahrullayev Muhammad 50% (1).csv line 6,,,,,,,
STU-00219,2025-12-01,270000,UZS,Cash,,RCPT-N-00628,Completed,Tuition,Dekabr tuition; source: TEMURBEK SCHOOL - Bahrullayev Muhammad 50% (1).csv line 7,monthly_discount,fixed,10000,280000,10000,270000,true
STU-00219,2026-01-01,270000,UZS,Cash,,RCPT-N-00629,Completed,Tuition,Yanvar tuition; source: TEMURBEK SCHOOL - Bahrullayev Muhammad 50% (1).csv line 7,monthly_discount,fixed,10000,280000,10000,270000,true
STU-00219,2026-02-01,280000,UZS,Cash,,RCPT-N-00630,Completed,Tuition,Fevaral tuition; source: TEMURBEK SCHOOL - Bahrullayev Muhammad 50% (1).csv line 7,,,,,,,
STU-00219,2026-03-01,260000,UZS,Cash,,RCPT-N-00631,Completed,Tuition,Mart tuition; source: TEMURBEK SCHOOL - Bahrullayev Muhammad 50% (1).csv line 7,monthly_discount,fixed,20000,280000,20000,260000,true
STU-00219,2026-04-01,280000,UZS,Cash,,RCPT-N-00632,Completed,Tuition,Aprel tuition; source: TEMURBEK SCHOOL - Bahrullayev Muhammad 50% (1).csv line 7,,,,,,,
STU-00219,2026-05-01,280000,UZS,Cash,,RCPT-N-00633,Completed,Tuition,May tuition; source: TEMURBEK SCHOOL - Bahrullayev Muhammad 50% (1).csv line 7,,,,,,,
STU-00220,2025-12-01,270000,UZS,Cash,,RCPT-N-00634,Completed,Tuition,Dekabr tuition; source: TEMURBEK SCHOOL - Bahrullayev Muhammad 50% (1).csv line 8,monthly_discount,fixed,10000,280000,10000,270000,true
STU-00220,2026-01-01,270000,UZS,Cash,,RCPT-N-00635,Completed,Tuition,Yanvar tuition; source: TEMURBEK SCHOOL - Bahrullayev Muhammad 50% (1).csv line 8,monthly_discount,fixed,10000,280000,10000,270000,true
STU-00220,2026-02-01,280000,UZS,Cash,,RCPT-N-00636,Completed,Tuition,Fevaral tuition; source: TEMURBEK SCHOOL - Bahrullayev Muhammad 50% (1).csv line 8,,,,,,,
STU-00220,2026-03-01,280000,UZS,Cash,,RCPT-N-00637,Completed,Tuition,Mart tuition; source: TEMURBEK SCHOOL - Bahrullayev Muhammad 50% (1).csv line 8,,,,,,,
STU-00220,2026-04-01,280000,UZS,Cash,,RCPT-N-00638,Completed,Tuition,Aprel tuition; source: TEMURBEK SCHOOL - Bahrullayev Muhammad 50% (1).csv line 8,,,,,,,
STU-00220,2026-05-01,280000,UZS,Cash,,RCPT-N-00639,Completed,Tuition,May tuition; source: TEMURBEK SCHOOL - Bahrullayev Muhammad 50% (1).csv line 8,,,,,,,
STU-00221,2026-05-01,280000,UZS,Cash,,RCPT-N-00640,Completed,Tuition,May tuition; source: TEMURBEK SCHOOL - Bahrullayev Muhammad 50% (1).csv line 9,,,,,,,
STU-00222,2025-12-01,270000,UZS,Cash,,RCPT-N-00641,Completed,Tuition,Dekabr tuition; source: TEMURBEK SCHOOL - Bahrullayev Muhammad 50% (1).csv line 10,monthly_discount,fixed,10000,280000,10000,270000,true
STU-00222,2026-01-01,280000,UZS,Cash,,RCPT-N-00642,Completed,Tuition,Yanvar tuition; source: TEMURBEK SCHOOL - Bahrullayev Muhammad 50% (1).csv line 10,,,,,,,
STU-00222,2026-02-01,280000,UZS,Cash,,RCPT-N-00643,Completed,Tuition,Fevaral tuition; source: TEMURBEK SCHOOL - Bahrullayev Muhammad 50% (1).csv line 10,,,,,,,
STU-00222,2026-03-01,280000,UZS,Cash,,RCPT-N-00644,Completed,Tuition,Mart tuition; source: TEMURBEK SCHOOL - Bahrullayev Muhammad 50% (1).csv line 10,,,,,,,
STU-00222,2026-04-01,280000,UZS,Cash,,RCPT-N-00645,Completed,Tuition,Aprel tuition; source: TEMURBEK SCHOOL - Bahrullayev Muhammad 50% (1).csv line 10,,,,,,,
STU-00222,2026-05-01,280000,UZS,Cash,,RCPT-N-00646,Completed,Tuition,May tuition; source: TEMURBEK SCHOOL - Bahrullayev Muhammad 50% (1).csv line 10,,,,,,,
STU-00223,2025-12-01,270000,UZS,Cash,,RCPT-N-00647,Completed,Tuition,Dekabr tuition; source: TEMURBEK SCHOOL - Bahrullayev Muhammad 50% (1).csv line 11,monthly_discount,fixed,10000,280000,10000,270000,true
STU-00223,2026-01-01,270000,UZS,Cash,,RCPT-N-00648,Completed,Tuition,Yanvar tuition; source: TEMURBEK SCHOOL - Bahrullayev Muhammad 50% (1).csv line 11,monthly_discount,fixed,10000,280000,10000,270000,true
STU-00223,2026-02-01,270000,UZS,Cash,,RCPT-N-00649,Completed,Tuition,Fevaral tuition; source: TEMURBEK SCHOOL - Bahrullayev Muhammad 50% (1).csv line 11,monthly_discount,fixed,10000,280000,10000,270000,true
STU-00223,2026-03-01,280000,UZS,Cash,,RCPT-N-00650,Completed,Tuition,Mart tuition; source: TEMURBEK SCHOOL - Bahrullayev Muhammad 50% (1).csv line 11,,,,,,,
STU-00223,2026-04-01,280000,UZS,Cash,,RCPT-N-00651,Completed,Tuition,Aprel tuition; source: TEMURBEK SCHOOL - Bahrullayev Muhammad 50% (1).csv line 11,,,,,,,
STU-00224,2025-12-01,270000,UZS,Cash,,RCPT-N-00652,Completed,Tuition,Dekabr tuition; source: TEMURBEK SCHOOL - Bahrullayev Muhammad 50% (1).csv line 12,serial_discount,fixed,10000,280000,10000,270000,true
STU-00224,2026-01-01,270000,UZS,Cash,,RCPT-N-00653,Completed,Tuition,Yanvar tuition; source: TEMURBEK SCHOOL - Bahrullayev Muhammad 50% (1).csv line 12,serial_discount,fixed,10000,280000,10000,270000,true
STU-00224,2026-02-01,270000,UZS,Cash,,RCPT-N-00654,Completed,Tuition,Fevaral tuition; source: TEMURBEK SCHOOL - Bahrullayev Muhammad 50% (1).csv line 12,serial_discount,fixed,10000,280000,10000,270000,true
STU-00224,2026-03-01,270000,UZS,Cash,,RCPT-N-00655,Completed,Tuition,Mart tuition; source: TEMURBEK SCHOOL - Bahrullayev Muhammad 50% (1).csv line 12,serial_discount,fixed,10000,280000,10000,270000,true
STU-00224,2026-04-01,270000,UZS,Cash,,RCPT-N-00656,Completed,Tuition,Aprel tuition; source: TEMURBEK SCHOOL - Bahrullayev Muhammad 50% (1).csv line 12,serial_discount,fixed,10000,280000,10000,270000,true
STU-00224,2026-05-01,270000,UZS,Cash,,RCPT-N-00657,Completed,Tuition,May tuition; source: TEMURBEK SCHOOL - Bahrullayev Muhammad 50% (1).csv line 12,serial_discount,fixed,10000,280000,10000,270000,true
STU-00225,2025-12-01,250000,UZS,Cash,,RCPT-N-00658,Completed,Tuition,Dekabr tuition; source: TEMURBEK SCHOOL - Bahrullayev Muhammad 50% (1).csv line 13,serial_discount,fixed,30000,280000,30000,250000,true
STU-00225,2026-01-01,270000,UZS,Cash,,RCPT-N-00659,Completed,Tuition,Yanvar tuition; source: TEMURBEK SCHOOL - Bahrullayev Muhammad 50% (1).csv line 13,monthly_discount,fixed,10000,280000,10000,270000,true
STU-00225,2026-02-01,250000,UZS,Cash,,RCPT-N-00660,Completed,Tuition,Fevaral tuition; source: TEMURBEK SCHOOL - Bahrullayev Muhammad 50% (1).csv line 13,serial_discount,fixed,30000,280000,30000,250000,true
STU-00225,2026-03-01,250000,UZS,Cash,,RCPT-N-00661,Completed,Tuition,Mart tuition; source: TEMURBEK SCHOOL - Bahrullayev Muhammad 50% (1).csv line 13,serial_discount,fixed,30000,280000,30000,250000,true
STU-00225,2026-04-01,250000,UZS,Cash,,RCPT-N-00662,Completed,Tuition,Aprel tuition; source: TEMURBEK SCHOOL - Bahrullayev Muhammad 50% (1).csv line 13,serial_discount,fixed,30000,280000,30000,250000,true
STU-00225,2026-05-01,250000,UZS,Cash,,RCPT-N-00663,Completed,Tuition,May tuition; source: TEMURBEK SCHOOL - Bahrullayev Muhammad 50% (1).csv line 13,serial_discount,fixed,30000,280000,30000,250000,true
STU-00226,2025-12-01,270000,UZS,Cash,,RCPT-N-00664,Completed,Tuition,Dekabr tuition; source: TEMURBEK SCHOOL - Bahrullayev Muhammad 50% (1).csv line 14,monthly_discount,fixed,10000,280000,10000,270000,true
STU-00226,2026-01-01,270000,UZS,Cash,,RCPT-N-00665,Completed,Tuition,Yanvar tuition; source: TEMURBEK SCHOOL - Bahrullayev Muhammad 50% (1).csv line 14,monthly_discount,fixed,10000,280000,10000,270000,true
STU-00226,2026-02-01,280000,UZS,Cash,,RCPT-N-00666,Completed,Tuition,Fevaral tuition; source: TEMURBEK SCHOOL - Bahrullayev Muhammad 50% (1).csv line 14,,,,,,,
STU-00226,2026-03-01,280000,UZS,Cash,,RCPT-N-00667,Completed,Tuition,Mart tuition; source: TEMURBEK SCHOOL - Bahrullayev Muhammad 50% (1).csv line 14,,,,,,,
STU-00226,2026-04-01,280000,UZS,Cash,,RCPT-N-00668,Completed,Tuition,Aprel tuition; source: TEMURBEK SCHOOL - Bahrullayev Muhammad 50% (1).csv line 14,,,,,,,
STU-00226,2026-05-01,280000,UZS,Cash,,RCPT-N-00669,Completed,Tuition,May tuition; source: TEMURBEK SCHOOL - Bahrullayev Muhammad 50% (1).csv line 14,,,,,,,
STU-00227,2025-12-01,270000,UZS,Cash,,RCPT-N-00670,Completed,Tuition,Dekabr tuition; source: TEMURBEK SCHOOL - Bahrullayev Muhammad 50% (1).csv line 15,monthly_discount,fixed,10000,280000,10000,270000,true
STU-00227,2026-01-01,270000,UZS,Cash,,RCPT-N-00671,Completed,Tuition,Yanvar tuition; source: TEMURBEK SCHOOL - Bahrullayev Muhammad 50% (1).csv line 15,monthly_discount,fixed,10000,280000,10000,270000,true
STU-00227,2026-03-01,280000,UZS,Cash,,RCPT-N-00672,Completed,Tuition,Mart tuition; source: TEMURBEK SCHOOL - Bahrullayev Muhammad 50% (1).csv line 15,,,,,,,
STU-00227,2026-04-01,270000,UZS,Cash,,RCPT-N-00673,Completed,Tuition,Aprel tuition; source: TEMURBEK SCHOOL - Bahrullayev Muhammad 50% (1).csv line 15,monthly_discount,fixed,10000,280000,10000,270000,true
STU-00227,2026-05-01,280000,UZS,Cash,,RCPT-N-00674,Completed,Tuition,May tuition; source: TEMURBEK SCHOOL - Bahrullayev Muhammad 50% (1).csv line 15,,,,,,,
STU-00228,2025-12-01,260000,UZS,Cash,,RCPT-N-00675,Completed,Tuition,Dekabr tuition; source: TEMURBEK SCHOOL - Bahrullayev Muhammad 50% (1).csv line 16,monthly_discount,fixed,20000,280000,20000,260000,true
STU-00228,2026-01-01,270000,UZS,Cash,,RCPT-N-00676,Completed,Tuition,Yanvar tuition; source: TEMURBEK SCHOOL - Bahrullayev Muhammad 50% (1).csv line 16,serial_discount,fixed,10000,280000,10000,270000,true
STU-00228,2026-02-01,270000,UZS,Cash,,RCPT-N-00677,Completed,Tuition,Fevaral tuition; source: TEMURBEK SCHOOL - Bahrullayev Muhammad 50% (1).csv line 16,serial_discount,fixed,10000,280000,10000,270000,true
STU-00228,2026-03-01,270000,UZS,Cash,,RCPT-N-00678,Completed,Tuition,Mart tuition; source: TEMURBEK SCHOOL - Bahrullayev Muhammad 50% (1).csv line 16,serial_discount,fixed,10000,280000,10000,270000,true
STU-00228,2026-04-01,280000,UZS,Cash,,RCPT-N-00679,Completed,Tuition,Aprel tuition; source: TEMURBEK SCHOOL - Bahrullayev Muhammad 50% (1).csv line 16,,,,,,,
STU-00228,2026-05-01,270000,UZS,Cash,,RCPT-N-00680,Completed,Tuition,May tuition; source: TEMURBEK SCHOOL - Bahrullayev Muhammad 50% (1).csv line 16,serial_discount,fixed,10000,280000,10000,270000,true
STU-00229,2025-12-01,290000,UZS,Cash,,RCPT-N-00681,Completed,Tuition,Dekabr tuition; source: TEMURBEK SCHOOL - Bahrullayev Muhammad 50% (1).csv line 17,,,,,,,
STU-00229,2026-01-01,270000,UZS,Cash,,RCPT-N-00682,Completed,Tuition,Yanvar tuition; source: TEMURBEK SCHOOL - Bahrullayev Muhammad 50% (1).csv line 17,monthly_discount,fixed,10000,280000,10000,270000,true
STU-00229,2026-02-01,280000,UZS,Cash,,RCPT-N-00683,Completed,Tuition,Fevaral tuition; source: TEMURBEK SCHOOL - Bahrullayev Muhammad 50% (1).csv line 17,,,,,,,
STU-00229,2026-03-01,280000,UZS,Cash,,RCPT-N-00684,Completed,Tuition,Mart tuition; source: TEMURBEK SCHOOL - Bahrullayev Muhammad 50% (1).csv line 17,,,,,,,
STU-00229,2026-04-01,280000,UZS,Cash,,RCPT-N-00685,Completed,Tuition,Aprel tuition; source: TEMURBEK SCHOOL - Bahrullayev Muhammad 50% (1).csv line 17,,,,,,,
STU-00229,2026-05-01,280000,UZS,Cash,,RCPT-N-00686,Completed,Tuition,May tuition; source: TEMURBEK SCHOOL - Bahrullayev Muhammad 50% (1).csv line 17,,,,,,,
STU-00230,2025-12-01,290000,UZS,Cash,,RCPT-N-00687,Completed,Tuition,Dekabr tuition; source: TEMURBEK SCHOOL - Bahrullayev Muhammad 50% (1).csv line 18,,,,,,,
STU-00230,2026-01-01,280000,UZS,Cash,,RCPT-N-00688,Completed,Tuition,Yanvar tuition; source: TEMURBEK SCHOOL - Bahrullayev Muhammad 50% (1).csv line 18,,,,,,,
STU-00230,2026-02-01,280000,UZS,Cash,,RCPT-N-00689,Completed,Tuition,Fevaral tuition; source: TEMURBEK SCHOOL - Bahrullayev Muhammad 50% (1).csv line 18,,,,,,,
STU-00230,2026-03-01,280000,UZS,Cash,,RCPT-N-00690,Completed,Tuition,Mart tuition; source: TEMURBEK SCHOOL - Bahrullayev Muhammad 50% (1).csv line 18,,,,,,,
STU-00230,2026-04-01,280000,UZS,Cash,,RCPT-N-00691,Completed,Tuition,Aprel tuition; source: TEMURBEK SCHOOL - Bahrullayev Muhammad 50% (1).csv line 18,,,,,,,
STU-00230,2026-05-01,280000,UZS,Cash,,RCPT-N-00692,Completed,Tuition,May tuition; source: TEMURBEK SCHOOL - Bahrullayev Muhammad 50% (1).csv line 18,,,,,,,
STU-00231,2025-12-01,290000,UZS,Cash,,RCPT-N-00693,Completed,Tuition,Dekabr tuition; source: TEMURBEK SCHOOL - Bahrullayev Muhammad 50% (1).csv line 19,,,,,,,
STU-00231,2026-01-01,270000,UZS,Cash,,RCPT-N-00694,Completed,Tuition,Yanvar tuition; source: TEMURBEK SCHOOL - Bahrullayev Muhammad 50% (1).csv line 19,monthly_discount,fixed,10000,280000,10000,270000,true
STU-00231,2026-02-01,270000,UZS,Cash,,RCPT-N-00695,Completed,Tuition,Fevaral tuition; source: TEMURBEK SCHOOL - Bahrullayev Muhammad 50% (1).csv line 19,monthly_discount,fixed,10000,280000,10000,270000,true
STU-00231,2026-03-01,280000,UZS,Cash,,RCPT-N-00696,Completed,Tuition,Mart tuition; source: TEMURBEK SCHOOL - Bahrullayev Muhammad 50% (1).csv line 19,,,,,,,
STU-00231,2026-04-01,280000,UZS,Cash,,RCPT-N-00697,Completed,Tuition,Aprel tuition; source: TEMURBEK SCHOOL - Bahrullayev Muhammad 50% (1).csv line 19,,,,,,,
STU-00231,2026-05-01,280000,UZS,Cash,,RCPT-N-00698,Completed,Tuition,May tuition; source: TEMURBEK SCHOOL - Bahrullayev Muhammad 50% (1).csv line 19,,,,,,,
STU-00232,2025-12-01,290000,UZS,Cash,,RCPT-N-00699,Completed,Tuition,Dekabr tuition; source: TEMURBEK SCHOOL - Bahrullayev Muhammad 50% (1).csv line 20,,,,,,,
STU-00232,2026-01-01,280000,UZS,Cash,,RCPT-N-00700,Completed,Tuition,Yanvar tuition; source: TEMURBEK SCHOOL - Bahrullayev Muhammad 50% (1).csv line 20,,,,,,,
STU-00232,2026-02-01,280000,UZS,Cash,,RCPT-N-00701,Completed,Tuition,Fevaral tuition; source: TEMURBEK SCHOOL - Bahrullayev Muhammad 50% (1).csv line 20,,,,,,,
STU-00232,2026-03-01,280000,UZS,Cash,,RCPT-N-00702,Completed,Tuition,Mart tuition; source: TEMURBEK SCHOOL - Bahrullayev Muhammad 50% (1).csv line 20,,,,,,,
STU-00232,2026-04-01,280000,UZS,Cash,,RCPT-N-00703,Completed,Tuition,Aprel tuition; source: TEMURBEK SCHOOL - Bahrullayev Muhammad 50% (1).csv line 20,,,,,,,
STU-00232,2026-05-01,280000,UZS,Cash,,RCPT-N-00704,Completed,Tuition,May tuition; source: TEMURBEK SCHOOL - Bahrullayev Muhammad 50% (1).csv line 20,,,,,,,
STU-00233,2025-12-01,260000,UZS,Cash,,RCPT-N-00705,Completed,Tuition,Dekabr tuition; source: TEMURBEK SCHOOL - Bahrullayev Muhammad 50% (1).csv line 21,monthly_discount,fixed,20000,280000,20000,260000,true
STU-00233,2026-01-01,270000,UZS,Cash,,RCPT-N-00706,Completed,Tuition,Yanvar tuition; source: TEMURBEK SCHOOL - Bahrullayev Muhammad 50% (1).csv line 21,monthly_discount,fixed,10000,280000,10000,270000,true
STU-00233,2026-02-01,270000,UZS,Cash,,RCPT-N-00707,Completed,Tuition,Fevaral tuition; source: TEMURBEK SCHOOL - Bahrullayev Muhammad 50% (1).csv line 21,monthly_discount,fixed,10000,280000,10000,270000,true
STU-00233,2026-03-01,280000,UZS,Cash,,RCPT-N-00708,Completed,Tuition,Mart tuition; source: TEMURBEK SCHOOL - Bahrullayev Muhammad 50% (1).csv line 21,,,,,,,
STU-00233,2026-04-01,280000,UZS,Cash,,RCPT-N-00709,Completed,Tuition,Aprel tuition; source: TEMURBEK SCHOOL - Bahrullayev Muhammad 50% (1).csv line 21,,,,,,,
STU-00233,2026-05-01,280000,UZS,Cash,,RCPT-N-00710,Completed,Tuition,May tuition; source: TEMURBEK SCHOOL - Bahrullayev Muhammad 50% (1).csv line 21,,,,,,,
STU-00234,2026-01-01,115000,UZS,Cash,,RCPT-N-00711,Completed,Tuition,Yanvar tuition; source: TEMURBEK SCHOOL - Bahrullayev Muhammad 50% (1).csv line 22,monthly_discount,fixed,165000,280000,165000,115000,true
STU-00234,2026-02-01,280000,UZS,Cash,,RCPT-N-00712,Completed,Tuition,Fevaral tuition; source: TEMURBEK SCHOOL - Bahrullayev Muhammad 50% (1).csv line 22,,,,,,,
STU-00234,2026-03-01,280000,UZS,Cash,,RCPT-N-00713,Completed,Tuition,Mart tuition; source: TEMURBEK SCHOOL - Bahrullayev Muhammad 50% (1).csv line 22,,,,,,,
STU-00234,2026-04-01,280000,UZS,Cash,,RCPT-N-00714,Completed,Tuition,Aprel tuition; source: TEMURBEK SCHOOL - Bahrullayev Muhammad 50% (1).csv line 22,,,,,,,
STU-00234,2026-05-01,280000,UZS,Cash,,RCPT-N-00715,Completed,Tuition,May tuition; source: TEMURBEK SCHOOL - Bahrullayev Muhammad 50% (1).csv line 22,,,,,,,
STU-00235,2026-01-01,270000,UZS,Cash,,RCPT-N-00716,Completed,Tuition,Yanvar tuition; source: TEMURBEK SCHOOL - Bahrullayev Muhammad 50% (1).csv line 23,monthly_discount,fixed,10000,280000,10000,270000,true
STU-00235,2026-02-01,270000,UZS,Cash,,RCPT-N-00717,Completed,Tuition,Fevaral tuition; source: TEMURBEK SCHOOL - Bahrullayev Muhammad 50% (1).csv line 23,monthly_discount,fixed,10000,280000,10000,270000,true
STU-00235,2026-03-01,280000,UZS,Cash,,RCPT-N-00718,Completed,Tuition,Mart tuition; source: TEMURBEK SCHOOL - Bahrullayev Muhammad 50% (1).csv line 23,,,,,,,
STU-00235,2026-04-01,280000,UZS,Cash,,RCPT-N-00719,Completed,Tuition,Aprel tuition; source: TEMURBEK SCHOOL - Bahrullayev Muhammad 50% (1).csv line 23,,,,,,,
STU-00235,2026-05-01,280000,UZS,Cash,,RCPT-N-00720,Completed,Tuition,May tuition; source: TEMURBEK SCHOOL - Bahrullayev Muhammad 50% (1).csv line 23,,,,,,,
STU-00236,2026-01-01,130000,UZS,Cash,,RCPT-N-00721,Completed,Tuition,Yanvar tuition; source: TEMURBEK SCHOOL - Bahrullayev Muhammad 50% (1).csv line 24,monthly_discount,fixed,150000,280000,150000,130000,true
STU-00236,2026-02-01,270000,UZS,Cash,,RCPT-N-00722,Completed,Tuition,Fevaral tuition; source: TEMURBEK SCHOOL - Bahrullayev Muhammad 50% (1).csv line 24,serial_discount,fixed,10000,280000,10000,270000,true
STU-00236,2026-03-01,280000,UZS,Cash,,RCPT-N-00723,Completed,Tuition,Mart tuition; source: TEMURBEK SCHOOL - Bahrullayev Muhammad 50% (1).csv line 24,,,,,,,
STU-00236,2026-04-01,270000,UZS,Cash,,RCPT-N-00724,Completed,Tuition,Aprel tuition; source: TEMURBEK SCHOOL - Bahrullayev Muhammad 50% (1).csv line 24,serial_discount,fixed,10000,280000,10000,270000,true
STU-00236,2026-05-01,270000,UZS,Cash,,RCPT-N-00725,Completed,Tuition,May tuition; source: TEMURBEK SCHOOL - Bahrullayev Muhammad 50% (1).csv line 24,serial_discount,fixed,10000,280000,10000,270000,true
STU-00237,2025-12-01,300000,UZS,Cash,,RCPT-N-00726,Completed,Tuition,Dekabr tuition; source: TEMURBEK SCHOOL - Bahrullayev Muhammad 50% (1).csv line 29,,,,,,,
STU-00237,2026-01-01,300000,UZS,Cash,,RCPT-N-00727,Completed,Tuition,Yanvar tuition; source: TEMURBEK SCHOOL - Bahrullayev Muhammad 50% (1).csv line 29,,,,,,,
STU-00237,2026-02-01,300000,UZS,Cash,,RCPT-N-00728,Completed,Tuition,Fevral tuition; source: TEMURBEK SCHOOL - Bahrullayev Muhammad 50% (1).csv line 29,,,,,,,
STU-00237,2026-03-01,330000,UZS,Cash,,RCPT-N-00729,Completed,Tuition,Mart tuition; source: TEMURBEK SCHOOL - Bahrullayev Muhammad 50% (1).csv line 29,,,,,,,
STU-00237,2026-04-01,330000,UZS,Cash,,RCPT-N-00730,Completed,Tuition,Aprel tuition; source: TEMURBEK SCHOOL - Bahrullayev Muhammad 50% (1).csv line 29,,,,,,,
STU-00238,2025-12-01,300000,UZS,Cash,,RCPT-N-00731,Completed,Tuition,Dekabr tuition; source: TEMURBEK SCHOOL - Bahrullayev Muhammad 50% (1).csv line 30,,,,,,,
STU-00238,2026-01-01,300000,UZS,Cash,,RCPT-N-00732,Completed,Tuition,Yanvar tuition; source: TEMURBEK SCHOOL - Bahrullayev Muhammad 50% (1).csv line 30,,,,,,,
STU-00238,2026-02-01,300000,UZS,Cash,,RCPT-N-00733,Completed,Tuition,Fevral tuition; source: TEMURBEK SCHOOL - Bahrullayev Muhammad 50% (1).csv line 30,,,,,,,
STU-00238,2026-03-01,330000,UZS,Cash,,RCPT-N-00734,Completed,Tuition,Mart tuition; source: TEMURBEK SCHOOL - Bahrullayev Muhammad 50% (1).csv line 30,,,,,,,
STU-00238,2026-04-01,330000,UZS,Cash,,RCPT-N-00735,Completed,Tuition,Aprel tuition; source: TEMURBEK SCHOOL - Bahrullayev Muhammad 50% (1).csv line 30,,,,,,,
STU-00238,2026-05-01,330000,UZS,Cash,,RCPT-N-00736,Completed,Tuition,May tuition; source: TEMURBEK SCHOOL - Bahrullayev Muhammad 50% (1).csv line 30,,,,,,,
STU-00239,2026-02-01,150000,UZS,Cash,,RCPT-N-00737,Completed,Tuition,Fevral tuition; source: TEMURBEK SCHOOL - Bahrullayev Muhammad 50% (1).csv line 31,monthly_discount,fixed,150000,300000,150000,150000,true
STU-00239,2026-03-01,330000,UZS,Cash,,RCPT-N-00738,Completed,Tuition,Mart tuition; source: TEMURBEK SCHOOL - Bahrullayev Muhammad 50% (1).csv line 31,,,,,,,
STU-00239,2026-04-01,330000,UZS,Cash,,RCPT-N-00739,Completed,Tuition,Aprel tuition; source: TEMURBEK SCHOOL - Bahrullayev Muhammad 50% (1).csv line 31,,,,,,,
STU-00239,2026-05-01,220000,UZS,Cash,,RCPT-N-00740,Completed,Tuition,May tuition; source: TEMURBEK SCHOOL - Bahrullayev Muhammad 50% (1).csv line 31,monthly_discount,fixed,80000,300000,80000,220000,true
STU-00240,2025-12-01,300000,UZS,Cash,,RCPT-N-00741,Completed,Tuition,Dekabr tuition; source: TEMURBEK SCHOOL - Bahrullayev Muhammad 50% (1).csv line 32,,,,,,,
STU-00240,2026-01-01,300000,UZS,Cash,,RCPT-N-00742,Completed,Tuition,Yanvar tuition; source: TEMURBEK SCHOOL - Bahrullayev Muhammad 50% (1).csv line 32,,,,,,,
STU-00240,2026-02-01,300000,UZS,Cash,,RCPT-N-00743,Completed,Tuition,Fevral tuition; source: TEMURBEK SCHOOL - Bahrullayev Muhammad 50% (1).csv line 32,,,,,,,
STU-00240,2026-03-01,300000,UZS,Cash,,RCPT-N-00744,Completed,Tuition,Mart tuition; source: TEMURBEK SCHOOL - Bahrullayev Muhammad 50% (1).csv line 32,,,,,,,
STU-00240,2026-04-01,330000,UZS,Cash,,RCPT-N-00745,Completed,Tuition,Aprel tuition; source: TEMURBEK SCHOOL - Bahrullayev Muhammad 50% (1).csv line 32,,,,,,,
STU-00240,2026-05-01,330000,UZS,Cash,,RCPT-N-00746,Completed,Tuition,May tuition; source: TEMURBEK SCHOOL - Bahrullayev Muhammad 50% (1).csv line 32,,,,,,,
STU-00241,2025-12-01,300000,UZS,Cash,,RCPT-N-00747,Completed,Tuition,Dekabr tuition; source: TEMURBEK SCHOOL - Bahrullayev Muhammad 50% (1).csv line 33,,,,,,,
STU-00241,2026-01-01,300000,UZS,Cash,,RCPT-N-00748,Completed,Tuition,Yanvar tuition; source: TEMURBEK SCHOOL - Bahrullayev Muhammad 50% (1).csv line 33,,,,,,,
STU-00241,2026-02-01,300000,UZS,Cash,,RCPT-N-00749,Completed,Tuition,Fevral tuition; source: TEMURBEK SCHOOL - Bahrullayev Muhammad 50% (1).csv line 33,,,,,,,
STU-00241,2026-03-01,330000,UZS,Cash,,RCPT-N-00750,Completed,Tuition,Mart tuition; source: TEMURBEK SCHOOL - Bahrullayev Muhammad 50% (1).csv line 33,,,,,,,
STU-00241,2026-04-01,330000,UZS,Cash,,RCPT-N-00751,Completed,Tuition,Aprel tuition; source: TEMURBEK SCHOOL - Bahrullayev Muhammad 50% (1).csv line 33,,,,,,,
STU-00241,2026-05-01,330000,UZS,Cash,,RCPT-N-00752,Completed,Tuition,May tuition; source: TEMURBEK SCHOOL - Bahrullayev Muhammad 50% (1).csv line 33,,,,,,,
STU-00242,2025-12-01,300000,UZS,Cash,,RCPT-N-00753,Completed,Tuition,Dekabr tuition; source: TEMURBEK SCHOOL - Bahrullayev Muhammad 50% (1).csv line 34,,,,,,,
STU-00242,2026-01-01,300000,UZS,Cash,,RCPT-N-00754,Completed,Tuition,Yanvar tuition; source: TEMURBEK SCHOOL - Bahrullayev Muhammad 50% (1).csv line 34,,,,,,,
STU-00242,2026-02-01,300000,UZS,Cash,,RCPT-N-00755,Completed,Tuition,Fevral tuition; source: TEMURBEK SCHOOL - Bahrullayev Muhammad 50% (1).csv line 34,,,,,,,
STU-00242,2026-03-01,330000,UZS,Cash,,RCPT-N-00756,Completed,Tuition,Mart tuition; source: TEMURBEK SCHOOL - Bahrullayev Muhammad 50% (1).csv line 34,,,,,,,
STU-00242,2026-04-01,330000,UZS,Cash,,RCPT-N-00757,Completed,Tuition,Aprel tuition; source: TEMURBEK SCHOOL - Bahrullayev Muhammad 50% (1).csv line 34,,,,,,,
STU-00242,2026-05-01,320000,UZS,Cash,,RCPT-N-00758,Completed,Tuition,May tuition; source: TEMURBEK SCHOOL - Bahrullayev Muhammad 50% (1).csv line 34,,,,,,,
STU-00243,2025-12-01,300000,UZS,Cash,,RCPT-N-00759,Completed,Tuition,Dekabr tuition; source: TEMURBEK SCHOOL - Bahrullayev Muhammad 50% (1).csv line 35,,,,,,,
STU-00243,2026-01-01,300000,UZS,Cash,,RCPT-N-00760,Completed,Tuition,Yanvar tuition; source: TEMURBEK SCHOOL - Bahrullayev Muhammad 50% (1).csv line 35,,,,,,,
STU-00243,2026-02-01,300000,UZS,Cash,,RCPT-N-00761,Completed,Tuition,Fevral tuition; source: TEMURBEK SCHOOL - Bahrullayev Muhammad 50% (1).csv line 35,,,,,,,
STU-00243,2026-03-01,330000,UZS,Cash,,RCPT-N-00762,Completed,Tuition,Mart tuition; source: TEMURBEK SCHOOL - Bahrullayev Muhammad 50% (1).csv line 35,,,,,,,
STU-00243,2026-04-01,330000,UZS,Cash,,RCPT-N-00763,Completed,Tuition,Aprel tuition; source: TEMURBEK SCHOOL - Bahrullayev Muhammad 50% (1).csv line 35,,,,,,,
STU-00243,2026-05-01,330000,UZS,Cash,,RCPT-N-00764,Completed,Tuition,May tuition; source: TEMURBEK SCHOOL - Bahrullayev Muhammad 50% (1).csv line 35,,,,,,,
STU-00244,2025-12-01,300000,UZS,Cash,,RCPT-N-00765,Completed,Tuition,Dekabr tuition; source: TEMURBEK SCHOOL - Bahrullayev Muhammad 50% (1).csv line 36,,,,,,,
STU-00244,2026-01-01,300000,UZS,Cash,,RCPT-N-00766,Completed,Tuition,Yanvar tuition; source: TEMURBEK SCHOOL - Bahrullayev Muhammad 50% (1).csv line 36,,,,,,,
STU-00244,2026-02-01,300000,UZS,Cash,,RCPT-N-00767,Completed,Tuition,Fevral tuition; source: TEMURBEK SCHOOL - Bahrullayev Muhammad 50% (1).csv line 36,,,,,,,
STU-00244,2026-03-01,320000,UZS,Cash,,RCPT-N-00768,Completed,Tuition,Mart tuition; source: TEMURBEK SCHOOL - Bahrullayev Muhammad 50% (1).csv line 36,,,,,,,
STU-00244,2026-04-01,320000,UZS,Cash,,RCPT-N-00769,Completed,Tuition,Aprel tuition; source: TEMURBEK SCHOOL - Bahrullayev Muhammad 50% (1).csv line 36,,,,,,,
STU-00245,2025-12-01,200000,UZS,Cash,,RCPT-N-00770,Completed,Tuition,Dekabr tuition; source: TEMURBEK SCHOOL - Bahrullayev Muhammad 50% (1).csv line 37,monthly_discount,fixed,100000,300000,100000,200000,true
STU-00245,2026-01-01,200000,UZS,Cash,,RCPT-N-00771,Completed,Tuition,Yanvar tuition; source: TEMURBEK SCHOOL - Bahrullayev Muhammad 50% (1).csv line 37,monthly_discount,fixed,100000,300000,100000,200000,true
STU-00245,2026-02-01,200000,UZS,Cash,,RCPT-N-00772,Completed,Tuition,Fevral tuition; source: TEMURBEK SCHOOL - Bahrullayev Muhammad 50% (1).csv line 37,monthly_discount,fixed,100000,300000,100000,200000,true
STU-00245,2026-03-01,200000,UZS,Cash,,RCPT-N-00773,Completed,Tuition,Mart tuition; source: TEMURBEK SCHOOL - Bahrullayev Muhammad 50% (1).csv line 37,monthly_discount,fixed,100000,300000,100000,200000,true
STU-00245,2026-04-01,330000,UZS,Cash,,RCPT-N-00774,Completed,Tuition,Aprel tuition; source: TEMURBEK SCHOOL - Bahrullayev Muhammad 50% (1).csv line 37,,,,,,,
STU-00246,2025-12-01,120000,UZS,Cash,,RCPT-N-00775,Completed,Tuition,Dekabr tuition; source: TEMURBEK SCHOOL - Bahrullayev Muhammad 50% (1).csv line 38,monthly_discount,fixed,180000,300000,180000,120000,true
STU-00246,2026-01-01,130000,UZS,Cash,,RCPT-N-00776,Completed,Tuition,Yanvar tuition; source: TEMURBEK SCHOOL - Bahrullayev Muhammad 50% (1).csv line 38,monthly_discount,fixed,170000,300000,170000,130000,true
STU-00246,2026-02-01,250000,UZS,Cash,,RCPT-N-00777,Completed,Tuition,Fevral tuition; source: TEMURBEK SCHOOL - Bahrullayev Muhammad 50% (1).csv line 38,monthly_discount,fixed,50000,300000,50000,250000,true
STU-00246,2026-03-01,310000,UZS,Cash,,RCPT-N-00778,Completed,Tuition,Mart tuition; source: TEMURBEK SCHOOL - Bahrullayev Muhammad 50% (1).csv line 38,,,,,,,
STU-00246,2026-04-01,250000,UZS,Cash,,RCPT-N-00779,Completed,Tuition,Aprel tuition; source: TEMURBEK SCHOOL - Bahrullayev Muhammad 50% (1).csv line 38,monthly_discount,fixed,50000,300000,50000,250000,true
STU-00246,2026-05-01,310000,UZS,Cash,,RCPT-N-00780,Completed,Tuition,May tuition; source: TEMURBEK SCHOOL - Bahrullayev Muhammad 50% (1).csv line 38,,,,,,,
STU-00247,2026-03-01,300000,UZS,Cash,,RCPT-N-00781,Completed,Tuition,Mart tuition; source: TEMURBEK SCHOOL - Bahrullayev Muhammad 50% (1).csv line 39,,,,,,,
STU-00247,2026-04-01,310000,UZS,Cash,,RCPT-N-00782,Completed,Tuition,Aprel tuition; source: TEMURBEK SCHOOL - Bahrullayev Muhammad 50% (1).csv line 39,,,,,,,
STU-00247,2026-05-01,310000,UZS,Cash,,RCPT-N-00783,Completed,Tuition,May tuition; source: TEMURBEK SCHOOL - Bahrullayev Muhammad 50% (1).csv line 39,,,,,,,
STU-00248,2026-04-01,330000,UZS,Cash,,RCPT-N-00784,Completed,Tuition,Aprel tuition; source: TEMURBEK SCHOOL - Bahrullayev Muhammad 50% (1).csv line 40,,,,,,,
STU-00248,2026-05-01,310000,UZS,Cash,,RCPT-N-00785,Completed,Tuition,May tuition; source: TEMURBEK SCHOOL - Bahrullayev Muhammad 50% (1).csv line 40,,,,,,,
STU-00249,2026-01-01,200000,UZS,Cash,,RCPT-N-00786,Completed,Tuition,Yanvar tuition; source: TEMURBEK SCHOOL - Bahrullayev Muhammad 50% (1).csv line 42,monthly_discount,fixed,100000,300000,100000,200000,true
STU-00249,2026-02-01,300000,UZS,Cash,,RCPT-N-00787,Completed,Tuition,Fevral tuition; source: TEMURBEK SCHOOL - Bahrullayev Muhammad 50% (1).csv line 42,,,,,,,
STU-00249,2026-03-01,330000,UZS,Cash,,RCPT-N-00788,Completed,Tuition,Mart tuition; source: TEMURBEK SCHOOL - Bahrullayev Muhammad 50% (1).csv line 42,,,,,,,
STU-00250,2025-12-01,300000,UZS,Cash,,RCPT-N-00789,Completed,Tuition,Dekabr tuition; source: TEMURBEK SCHOOL - Bahrullayev Muhammad 50% (1).csv line 45,,,,,,,
STU-00250,2026-01-01,300000,UZS,Cash,,RCPT-N-00790,Completed,Tuition,Yanvar tuition; source: TEMURBEK SCHOOL - Bahrullayev Muhammad 50% (1).csv line 45,,,,,,,
STU-00250,2026-02-01,200000,UZS,Cash,,RCPT-N-00791,Completed,Tuition,Fevral tuition; source: TEMURBEK SCHOOL - Bahrullayev Muhammad 50% (1).csv line 45,monthly_discount,fixed,100000,300000,100000,200000,true
STU-00250,2026-03-01,300000,UZS,Cash,,RCPT-N-00792,Completed,Tuition,Mart tuition; source: TEMURBEK SCHOOL - Bahrullayev Muhammad 50% (1).csv line 45,,,,,,,
STU-00250,2026-04-01,300000,UZS,Cash,,RCPT-N-00793,Completed,Tuition,Aprel tuition; source: TEMURBEK SCHOOL - Bahrullayev Muhammad 50% (1).csv line 45,,,,,,,
STU-00250,2026-05-01,300000,UZS,Cash,,RCPT-N-00794,Completed,Tuition,May tuition; source: TEMURBEK SCHOOL - Bahrullayev Muhammad 50% (1).csv line 45,,,,,,,
STU-00251,2026-01-01,300000,UZS,Cash,,RCPT-N-00795,Completed,Tuition,Yanvar tuition; source: TEMURBEK SCHOOL - Bahrullayev Muhammad 50% (1).csv line 46,,,,,,,
STU-00251,2026-02-01,200000,UZS,Cash,,RCPT-N-00796,Completed,Tuition,Fevral tuition; source: TEMURBEK SCHOOL - Bahrullayev Muhammad 50% (1).csv line 46,monthly_discount,fixed,100000,300000,100000,200000,true
STU-00251,2026-03-01,150000,UZS,Cash,,RCPT-N-00797,Completed,Tuition,Mart tuition; source: TEMURBEK SCHOOL - Bahrullayev Muhammad 50% (1).csv line 46,monthly_discount,fixed,150000,300000,150000,150000,true
STU-00251,2026-04-01,300000,UZS,Cash,,RCPT-N-00798,Completed,Tuition,Aprel tuition; source: TEMURBEK SCHOOL - Bahrullayev Muhammad 50% (1).csv line 46,,,,,,,
STU-00251,2026-05-01,300000,UZS,Cash,,RCPT-N-00799,Completed,Tuition,May tuition; source: TEMURBEK SCHOOL - Bahrullayev Muhammad 50% (1).csv line 46,,,,,,,
STU-00252,2025-12-01,300000,UZS,Cash,,RCPT-N-00800,Completed,Tuition,Dekabr tuition; source: TEMURBEK SCHOOL - Bahrullayev Muhammad 50% (1).csv line 47,,,,,,,
STU-00252,2026-01-01,300000,UZS,Cash,,RCPT-N-00801,Completed,Tuition,Yanvar tuition; source: TEMURBEK SCHOOL - Bahrullayev Muhammad 50% (1).csv line 47,,,,,,,
STU-00252,2026-02-01,200000,UZS,Cash,,RCPT-N-00802,Completed,Tuition,Fevral tuition; source: TEMURBEK SCHOOL - Bahrullayev Muhammad 50% (1).csv line 47,monthly_discount,fixed,100000,300000,100000,200000,true
STU-00252,2026-03-01,300000,UZS,Cash,,RCPT-N-00803,Completed,Tuition,Mart tuition; source: TEMURBEK SCHOOL - Bahrullayev Muhammad 50% (1).csv line 47,,,,,,,
STU-00252,2026-04-01,300000,UZS,Cash,,RCPT-N-00804,Completed,Tuition,Aprel tuition; source: TEMURBEK SCHOOL - Bahrullayev Muhammad 50% (1).csv line 47,,,,,,,
STU-00252,2026-05-01,300000,UZS,Cash,,RCPT-N-00805,Completed,Tuition,May tuition; source: TEMURBEK SCHOOL - Bahrullayev Muhammad 50% (1).csv line 47,,,,,,,
STU-00253,2025-12-01,300000,UZS,Cash,,RCPT-N-00806,Completed,Tuition,Dekabr tuition; source: TEMURBEK SCHOOL - Bahrullayev Muhammad 50% (1).csv line 48,,,,,,,
STU-00253,2026-01-01,300000,UZS,Cash,,RCPT-N-00807,Completed,Tuition,Yanvar tuition; source: TEMURBEK SCHOOL - Bahrullayev Muhammad 50% (1).csv line 48,,,,,,,
STU-00253,2026-02-01,200000,UZS,Cash,,RCPT-N-00808,Completed,Tuition,Fevral tuition; source: TEMURBEK SCHOOL - Bahrullayev Muhammad 50% (1).csv line 48,monthly_discount,fixed,100000,300000,100000,200000,true
STU-00253,2026-03-01,300000,UZS,Cash,,RCPT-N-00809,Completed,Tuition,Mart tuition; source: TEMURBEK SCHOOL - Bahrullayev Muhammad 50% (1).csv line 48,,,,,,,
STU-00253,2026-04-01,300000,UZS,Cash,,RCPT-N-00810,Completed,Tuition,Aprel tuition; source: TEMURBEK SCHOOL - Bahrullayev Muhammad 50% (1).csv line 48,,,,,,,
STU-00253,2026-05-01,300000,UZS,Cash,,RCPT-N-00811,Completed,Tuition,May tuition; source: TEMURBEK SCHOOL - Bahrullayev Muhammad 50% (1).csv line 48,,,,,,,
STU-00254,2025-12-01,280000,UZS,Cash,,RCPT-N-00812,Completed,Tuition,Dekabr tuition; source: TEMURBEK SCHOOL - Bahrullayev Muhammad 50% (1).csv line 49,monthly_discount,fixed,20000,300000,20000,280000,true
STU-00254,2026-01-01,280000,UZS,Cash,,RCPT-N-00813,Completed,Tuition,Yanvar tuition; source: TEMURBEK SCHOOL - Bahrullayev Muhammad 50% (1).csv line 49,monthly_discount,fixed,20000,300000,20000,280000,true
STU-00254,2026-02-01,200000,UZS,Cash,,RCPT-N-00814,Completed,Tuition,Fevral tuition; source: TEMURBEK SCHOOL - Bahrullayev Muhammad 50% (1).csv line 49,monthly_discount,fixed,100000,300000,100000,200000,true
STU-00254,2026-03-01,290000,UZS,Cash,,RCPT-N-00815,Completed,Tuition,Mart tuition; source: TEMURBEK SCHOOL - Bahrullayev Muhammad 50% (1).csv line 49,monthly_discount,fixed,10000,300000,10000,290000,true
STU-00254,2026-04-01,300000,UZS,Cash,,RCPT-N-00816,Completed,Tuition,Aprel tuition; source: TEMURBEK SCHOOL - Bahrullayev Muhammad 50% (1).csv line 49,,,,,,,
STU-00254,2026-05-01,150000,UZS,Cash,,RCPT-N-00817,Completed,Tuition,May tuition; source: TEMURBEK SCHOOL - Bahrullayev Muhammad 50% (1).csv line 49,monthly_discount,fixed,150000,300000,150000,150000,true
STU-00255,2025-12-01,280000,UZS,Cash,,RCPT-N-00818,Completed,Tuition,Dekabr tuition; source: TEMURBEK SCHOOL - Bahrullayev Muhammad 50% (1).csv line 50,monthly_discount,fixed,20000,300000,20000,280000,true
STU-00255,2026-01-01,300000,UZS,Cash,,RCPT-N-00819,Completed,Tuition,Yanvar tuition; source: TEMURBEK SCHOOL - Bahrullayev Muhammad 50% (1).csv line 50,,,,,,,
STU-00255,2026-02-01,200000,UZS,Cash,,RCPT-N-00820,Completed,Tuition,Fevral tuition; source: TEMURBEK SCHOOL - Bahrullayev Muhammad 50% (1).csv line 50,monthly_discount,fixed,100000,300000,100000,200000,true
STU-00255,2026-03-01,300000,UZS,Cash,,RCPT-N-00821,Completed,Tuition,Mart tuition; source: TEMURBEK SCHOOL - Bahrullayev Muhammad 50% (1).csv line 50,,,,,,,
STU-00255,2026-04-01,300000,UZS,Cash,,RCPT-N-00822,Completed,Tuition,Aprel tuition; source: TEMURBEK SCHOOL - Bahrullayev Muhammad 50% (1).csv line 50,,,,,,,
STU-00255,2026-05-01,300000,UZS,Cash,,RCPT-N-00823,Completed,Tuition,May tuition; source: TEMURBEK SCHOOL - Bahrullayev Muhammad 50% (1).csv line 50,,,,,,,
STU-00256,2025-12-01,225000,UZS,Cash,,RCPT-N-00824,Completed,Tuition,Dekabr tuition; source: TEMURBEK SCHOOL - Bahrullayev Muhammad 50% (1).csv line 51,monthly_discount,fixed,75000,300000,75000,225000,true
STU-00256,2026-01-01,300000,UZS,Cash,,RCPT-N-00825,Completed,Tuition,Yanvar tuition; source: TEMURBEK SCHOOL - Bahrullayev Muhammad 50% (1).csv line 51,,,,,,,
STU-00256,2026-02-01,200000,UZS,Cash,,RCPT-N-00826,Completed,Tuition,Fevral tuition; source: TEMURBEK SCHOOL - Bahrullayev Muhammad 50% (1).csv line 51,monthly_discount,fixed,100000,300000,100000,200000,true
STU-00256,2026-03-01,300000,UZS,Cash,,RCPT-N-00827,Completed,Tuition,Mart tuition; source: TEMURBEK SCHOOL - Bahrullayev Muhammad 50% (1).csv line 51,,,,,,,
STU-00256,2026-04-01,300000,UZS,Cash,,RCPT-N-00828,Completed,Tuition,Aprel tuition; source: TEMURBEK SCHOOL - Bahrullayev Muhammad 50% (1).csv line 51,,,,,,,
STU-00256,2026-05-01,300000,UZS,Cash,,RCPT-N-00829,Completed,Tuition,May tuition; source: TEMURBEK SCHOOL - Bahrullayev Muhammad 50% (1).csv line 51,,,,,,,
STU-00257,2026-01-01,300000,UZS,Cash,,RCPT-N-00830,Completed,Tuition,Yanvar tuition; source: TEMURBEK SCHOOL - Bahrullayev Muhammad 50% (1).csv line 52,,,,,,,
STU-00257,2026-02-01,300000,UZS,Cash,,RCPT-N-00831,Completed,Tuition,Fevral tuition; source: TEMURBEK SCHOOL - Bahrullayev Muhammad 50% (1).csv line 52,,,,,,,
STU-00257,2026-03-01,300000,UZS,Cash,,RCPT-N-00832,Completed,Tuition,Mart tuition; source: TEMURBEK SCHOOL - Bahrullayev Muhammad 50% (1).csv line 52,,,,,,,
STU-00257,2026-04-01,300000,UZS,Cash,,RCPT-N-00833,Completed,Tuition,Aprel tuition; source: TEMURBEK SCHOOL - Bahrullayev Muhammad 50% (1).csv line 52,,,,,,,
STU-00257,2026-05-01,300000,UZS,Cash,,RCPT-N-00834,Completed,Tuition,May tuition; source: TEMURBEK SCHOOL - Bahrullayev Muhammad 50% (1).csv line 52,,,,,,,
STU-00258,2025-12-01,150000,UZS,Cash,,RCPT-N-00835,Completed,Tuition,Dekabr tuition; source: TEMURBEK SCHOOL - Bahrullayev Muhammad 50% (1).csv line 53,monthly_discount,fixed,150000,300000,150000,150000,true
STU-00258,2026-01-01,300000,UZS,Cash,,RCPT-N-00836,Completed,Tuition,Yanvar tuition; source: TEMURBEK SCHOOL - Bahrullayev Muhammad 50% (1).csv line 53,,,,,,,
STU-00258,2026-02-01,200000,UZS,Cash,,RCPT-N-00837,Completed,Tuition,Fevral tuition; source: TEMURBEK SCHOOL - Bahrullayev Muhammad 50% (1).csv line 53,monthly_discount,fixed,100000,300000,100000,200000,true
STU-00258,2026-03-01,300000,UZS,Cash,,RCPT-N-00838,Completed,Tuition,Mart tuition; source: TEMURBEK SCHOOL - Bahrullayev Muhammad 50% (1).csv line 53,,,,,,,
STU-00258,2026-04-01,300000,UZS,Cash,,RCPT-N-00839,Completed,Tuition,Aprel tuition; source: TEMURBEK SCHOOL - Bahrullayev Muhammad 50% (1).csv line 53,,,,,,,
STU-00258,2026-05-01,300000,UZS,Cash,,RCPT-N-00840,Completed,Tuition,May tuition; source: TEMURBEK SCHOOL - Bahrullayev Muhammad 50% (1).csv line 53,,,,,,,
STU-00259,2026-03-01,300000,UZS,Cash,,RCPT-N-00841,Completed,Tuition,Mart tuition; source: TEMURBEK SCHOOL - Bahrullayev Muhammad 50% (1).csv line 54,,,,,,,
STU-00259,2026-04-01,300000,UZS,Cash,,RCPT-N-00842,Completed,Tuition,Aprel tuition; source: TEMURBEK SCHOOL - Bahrullayev Muhammad 50% (1).csv line 54,,,,,,,
STU-00259,2026-05-01,300000,UZS,Cash,,RCPT-N-00843,Completed,Tuition,May tuition; source: TEMURBEK SCHOOL - Bahrullayev Muhammad 50% (1).csv line 54,,,,,,,
STU-00260,2026-03-01,300000,UZS,Cash,,RCPT-N-00844,Completed,Tuition,Mart tuition; source: TEMURBEK SCHOOL - Bahrullayev Muhammad 50% (1).csv line 55,,,,,,,
STU-00260,2026-04-01,300000,UZS,Cash,,RCPT-N-00845,Completed,Tuition,Aprel tuition; source: TEMURBEK SCHOOL - Bahrullayev Muhammad 50% (1).csv line 55,,,,,,,
STU-00260,2026-05-01,330000,UZS,Cash,,RCPT-N-00846,Completed,Tuition,May tuition; source: TEMURBEK SCHOOL - Bahrullayev Muhammad 50% (1).csv line 55,,,,,,,
STU-00261,2026-03-01,300000,UZS,Cash,,RCPT-N-00847,Completed,Tuition,Mart tuition; source: TEMURBEK SCHOOL - Bahrullayev Muhammad 50% (1).csv line 56,,,,,,,
STU-00262,2026-03-01,300000,UZS,Cash,,RCPT-N-00848,Completed,Tuition,Mart tuition; source: TEMURBEK SCHOOL - Bahrullayev Muhammad 50% (1).csv line 57,,,,,,,
STU-00262,2026-04-01,300000,UZS,Cash,,RCPT-N-00849,Completed,Tuition,Aprel tuition; source: TEMURBEK SCHOOL - Bahrullayev Muhammad 50% (1).csv line 57,,,,,,,
STU-00262,2026-05-01,300000,UZS,Cash,,RCPT-N-00850,Completed,Tuition,May tuition; source: TEMURBEK SCHOOL - Bahrullayev Muhammad 50% (1).csv line 57,,,,,,,
STU-00263,2026-03-01,300000,UZS,Cash,,RCPT-N-00851,Completed,Tuition,Mart tuition; source: TEMURBEK SCHOOL - Bahrullayev Muhammad 50% (1).csv line 58,,,,,,,
STU-00263,2026-04-01,300000,UZS,Cash,,RCPT-N-00852,Completed,Tuition,Aprel tuition; source: TEMURBEK SCHOOL - Bahrullayev Muhammad 50% (1).csv line 58,,,,,,,
STU-00263,2026-05-01,300000,UZS,Cash,,RCPT-N-00853,Completed,Tuition,May tuition; source: TEMURBEK SCHOOL - Bahrullayev Muhammad 50% (1).csv line 58,,,,,,,
STU-00264,2026-03-01,200000,UZS,Cash,,RCPT-N-00854,Completed,Tuition,Mart tuition; source: TEMURBEK SCHOOL - Bahrullayev Muhammad 50% (1).csv line 59,serial_discount,fixed,100000,300000,100000,200000,true
STU-00264,2026-04-01,200000,UZS,Cash,,RCPT-N-00855,Completed,Tuition,Aprel tuition; source: TEMURBEK SCHOOL - Bahrullayev Muhammad 50% (1).csv line 59,serial_discount,fixed,100000,300000,100000,200000,true
STU-00264,2026-05-01,200000,UZS,Cash,,RCPT-N-00856,Completed,Tuition,May tuition; source: TEMURBEK SCHOOL - Bahrullayev Muhammad 50% (1).csv line 59,serial_discount,fixed,100000,300000,100000,200000,true
STU-00265,2026-03-01,290000,UZS,Cash,,RCPT-N-00857,Completed,Tuition,Mart tuition; source: TEMURBEK SCHOOL - Bahrullayev Muhammad 50% (1).csv line 60,monthly_discount,fixed,10000,300000,10000,290000,true
STU-00265,2026-04-01,290000,UZS,Cash,,RCPT-N-00858,Completed,Tuition,Aprel tuition; source: TEMURBEK SCHOOL - Bahrullayev Muhammad 50% (1).csv line 60,monthly_discount,fixed,10000,300000,10000,290000,true
STU-00265,2026-05-01,297000,UZS,Cash,,RCPT-N-00859,Completed,Tuition,May tuition; source: TEMURBEK SCHOOL - Bahrullayev Muhammad 50% (1).csv line 60,monthly_discount,fixed,3000,300000,3000,297000,true
STU-00266,2026-03-01,300000,UZS,Cash,,RCPT-N-00860,Completed,Tuition,Mart tuition; source: TEMURBEK SCHOOL - Bahrullayev Muhammad 50% (1).csv line 61,,,,,,,
STU-00266,2026-05-01,300000,UZS,Cash,,RCPT-N-00861,Completed,Tuition,May tuition; source: TEMURBEK SCHOOL - Bahrullayev Muhammad 50% (1).csv line 61,,,,,,,
STU-00267,2026-03-01,290000,UZS,Cash,,RCPT-N-00862,Completed,Tuition,Mart tuition; source: TEMURBEK SCHOOL - Bahrullayev Muhammad 50% (1).csv line 62,monthly_discount,fixed,10000,300000,10000,290000,true
STU-00267,2026-04-01,300000,UZS,Cash,,RCPT-N-00863,Completed,Tuition,Aprel tuition; source: TEMURBEK SCHOOL - Bahrullayev Muhammad 50% (1).csv line 62,,,,,,,
STU-00267,2026-05-01,300000,UZS,Cash,,RCPT-N-00864,Completed,Tuition,May tuition; source: TEMURBEK SCHOOL - Bahrullayev Muhammad 50% (1).csv line 62,,,,,,,
STU-00268,2026-03-01,300000,UZS,Cash,,RCPT-N-00865,Completed,Tuition,Mart tuition; source: TEMURBEK SCHOOL - Bahrullayev Muhammad 50% (1).csv line 63,,,,,,,
STU-00268,2026-04-01,300000,UZS,Cash,,RCPT-N-00866,Completed,Tuition,Aprel tuition; source: TEMURBEK SCHOOL - Bahrullayev Muhammad 50% (1).csv line 63,,,,,,,
STU-00268,2026-05-01,300000,UZS,Cash,,RCPT-N-00867,Completed,Tuition,May tuition; source: TEMURBEK SCHOOL - Bahrullayev Muhammad 50% (1).csv line 63,,,,,,,
STU-00269,2026-04-01,300000,UZS,Cash,,RCPT-N-00868,Completed,Tuition,Aprel tuition; source: TEMURBEK SCHOOL - Bahrullayev Muhammad 50% (1).csv line 64,,,,,,,
STU-00270,2026-05-01,290000,UZS,Cash,,RCPT-N-00869,Completed,Tuition,May tuition; source: TEMURBEK SCHOOL - Bahrullayev Muhammad 50% (1).csv line 65,monthly_discount,fixed,10000,300000,10000,290000,true
STU-00271,2026-05-01,300000,UZS,Cash,,RCPT-N-00870,Completed,Tuition,May tuition; source: TEMURBEK SCHOOL - Bahrullayev Muhammad 50% (1).csv line 66,,,,,,,
STU-00273,2026-02-01,45000,UZS,Cash,,RCPT-N-00871,Completed,Tuition,Fevral tuition; source: TEMURBEK SCHOOL - Bahrullayev Muhammad 50% (1).csv line 74,monthly_discount,fixed,225000,270000,225000,45000,true
STU-00273,2026-03-01,270000,UZS,Cash,,RCPT-N-00872,Completed,Tuition,Mart tuition; source: TEMURBEK SCHOOL - Bahrullayev Muhammad 50% (1).csv line 74,,,,,,,
STU-00273,2026-04-01,270000,UZS,Cash,,RCPT-N-00873,Completed,Tuition,Aprel tuition; source: TEMURBEK SCHOOL - Bahrullayev Muhammad 50% (1).csv line 74,,,,,,,
STU-00273,2026-05-01,270000,UZS,Cash,,RCPT-N-00874,Completed,Tuition,May tuition; source: TEMURBEK SCHOOL - Bahrullayev Muhammad 50% (1).csv line 74,,,,,,,
STU-00274,2026-02-01,90000,UZS,Cash,,RCPT-N-00875,Completed,Tuition,Fevral tuition; source: TEMURBEK SCHOOL - Bahrullayev Muhammad 50% (1).csv line 75,monthly_discount,fixed,180000,270000,180000,90000,true
STU-00274,2026-03-01,270000,UZS,Cash,,RCPT-N-00876,Completed,Tuition,Mart tuition; source: TEMURBEK SCHOOL - Bahrullayev Muhammad 50% (1).csv line 75,,,,,,,
STU-00274,2026-04-01,270000,UZS,Cash,,RCPT-N-00877,Completed,Tuition,Aprel tuition; source: TEMURBEK SCHOOL - Bahrullayev Muhammad 50% (1).csv line 75,,,,,,,
STU-00274,2026-05-01,270000,UZS,Cash,,RCPT-N-00878,Completed,Tuition,May tuition; source: TEMURBEK SCHOOL - Bahrullayev Muhammad 50% (1).csv line 75,,,,,,,
STU-00275,2026-02-01,115000,UZS,Cash,,RCPT-N-00879,Completed,Tuition,Fevral tuition; source: TEMURBEK SCHOOL - Bahrullayev Muhammad 50% (1).csv line 76,monthly_discount,fixed,155000,270000,155000,115000,true
STU-00275,2026-03-01,270000,UZS,Cash,,RCPT-N-00880,Completed,Tuition,Mart tuition; source: TEMURBEK SCHOOL - Bahrullayev Muhammad 50% (1).csv line 76,,,,,,,
STU-00275,2026-04-01,270000,UZS,Cash,,RCPT-N-00881,Completed,Tuition,Aprel tuition; source: TEMURBEK SCHOOL - Bahrullayev Muhammad 50% (1).csv line 76,,,,,,,
STU-00275,2026-05-01,270000,UZS,Cash,,RCPT-N-00882,Completed,Tuition,May tuition; source: TEMURBEK SCHOOL - Bahrullayev Muhammad 50% (1).csv line 76,,,,,,,
STU-00276,2026-02-01,115000,UZS,Cash,,RCPT-N-00883,Completed,Tuition,Fevral tuition; source: TEMURBEK SCHOOL - Bahrullayev Muhammad 50% (1).csv line 77,monthly_discount,fixed,155000,270000,155000,115000,true
STU-00276,2026-03-01,270000,UZS,Cash,,RCPT-N-00884,Completed,Tuition,Mart tuition; source: TEMURBEK SCHOOL - Bahrullayev Muhammad 50% (1).csv line 77,,,,,,,
STU-00276,2026-04-01,270000,UZS,Cash,,RCPT-N-00885,Completed,Tuition,Aprel tuition; source: TEMURBEK SCHOOL - Bahrullayev Muhammad 50% (1).csv line 77,,,,,,,
STU-00276,2026-05-01,270000,UZS,Cash,,RCPT-N-00886,Completed,Tuition,May tuition; source: TEMURBEK SCHOOL - Bahrullayev Muhammad 50% (1).csv line 77,,,,,,,
STU-00277,2026-02-01,115000,UZS,Cash,,RCPT-N-00887,Completed,Tuition,Fevral tuition; source: TEMURBEK SCHOOL - Bahrullayev Muhammad 50% (1).csv line 78,monthly_discount,fixed,155000,270000,155000,115000,true
STU-00277,2026-03-01,270000,UZS,Cash,,RCPT-N-00888,Completed,Tuition,Mart tuition; source: TEMURBEK SCHOOL - Bahrullayev Muhammad 50% (1).csv line 78,,,,,,,
STU-00277,2026-04-01,270000,UZS,Cash,,RCPT-N-00889,Completed,Tuition,Aprel tuition; source: TEMURBEK SCHOOL - Bahrullayev Muhammad 50% (1).csv line 78,,,,,,,
STU-00277,2026-05-01,270000,UZS,Cash,,RCPT-N-00890,Completed,Tuition,May tuition; source: TEMURBEK SCHOOL - Bahrullayev Muhammad 50% (1).csv line 78,,,,,,,
STU-00278,2026-03-01,270000,UZS,Cash,,RCPT-N-00891,Completed,Tuition,Mart tuition; source: TEMURBEK SCHOOL - Bahrullayev Muhammad 50% (1).csv line 79,,,,,,,
STU-00278,2026-04-01,270000,UZS,Cash,,RCPT-N-00892,Completed,Tuition,Aprel tuition; source: TEMURBEK SCHOOL - Bahrullayev Muhammad 50% (1).csv line 79,,,,,,,
STU-00278,2026-05-01,270000,UZS,Cash,,RCPT-N-00893,Completed,Tuition,May tuition; source: TEMURBEK SCHOOL - Bahrullayev Muhammad 50% (1).csv line 79,,,,,,,
STU-00279,2026-02-01,135000,UZS,Cash,,RCPT-N-00894,Completed,Tuition,Fevral tuition; source: TEMURBEK SCHOOL - Bahrullayev Muhammad 50% (1).csv line 80,monthly_discount,fixed,135000,270000,135000,135000,true
STU-00279,2026-03-01,270000,UZS,Cash,,RCPT-N-00895,Completed,Tuition,Mart tuition; source: TEMURBEK SCHOOL - Bahrullayev Muhammad 50% (1).csv line 80,,,,,,,
STU-00279,2026-04-01,270000,UZS,Cash,,RCPT-N-00896,Completed,Tuition,Aprel tuition; source: TEMURBEK SCHOOL - Bahrullayev Muhammad 50% (1).csv line 80,,,,,,,
STU-00279,2026-05-01,270000,UZS,Cash,,RCPT-N-00897,Completed,Tuition,May tuition; source: TEMURBEK SCHOOL - Bahrullayev Muhammad 50% (1).csv line 80,,,,,,,
STU-00280,2026-03-01,270000,UZS,Cash,,RCPT-N-00898,Completed,Tuition,Mart tuition; source: TEMURBEK SCHOOL - Bahrullayev Muhammad 50% (1).csv line 81,,,,,,,
STU-00280,2026-04-01,270000,UZS,Cash,,RCPT-N-00899,Completed,Tuition,Aprel tuition; source: TEMURBEK SCHOOL - Bahrullayev Muhammad 50% (1).csv line 81,,,,,,,
STU-00281,2026-02-01,135000,UZS,Cash,,RCPT-N-00900,Completed,Tuition,Fevral tuition; source: TEMURBEK SCHOOL - Bahrullayev Muhammad 50% (1).csv line 82,monthly_discount,fixed,135000,270000,135000,135000,true
STU-00281,2026-03-01,270000,UZS,Cash,,RCPT-N-00901,Completed,Tuition,Mart tuition; source: TEMURBEK SCHOOL - Bahrullayev Muhammad 50% (1).csv line 82,,,,,,,
STU-00281,2026-04-01,270000,UZS,Cash,,RCPT-N-00902,Completed,Tuition,Aprel tuition; source: TEMURBEK SCHOOL - Bahrullayev Muhammad 50% (1).csv line 82,,,,,,,
STU-00281,2026-05-01,270000,UZS,Cash,,RCPT-N-00903,Completed,Tuition,May tuition; source: TEMURBEK SCHOOL - Bahrullayev Muhammad 50% (1).csv line 82,,,,,,,
STU-00282,2026-03-01,270000,UZS,Cash,,RCPT-N-00904,Completed,Tuition,Mart tuition; source: TEMURBEK SCHOOL - Bahrullayev Muhammad 50% (1).csv line 83,,,,,,,
STU-00282,2026-04-01,270000,UZS,Cash,,RCPT-N-00905,Completed,Tuition,Aprel tuition; source: TEMURBEK SCHOOL - Bahrullayev Muhammad 50% (1).csv line 83,,,,,,,
STU-00282,2026-05-01,270000,UZS,Cash,,RCPT-N-00906,Completed,Tuition,May tuition; source: TEMURBEK SCHOOL - Bahrullayev Muhammad 50% (1).csv line 83,,,,,,,
STU-00283,2026-03-01,270000,UZS,Cash,,RCPT-N-00907,Completed,Tuition,Mart tuition; source: TEMURBEK SCHOOL - Bahrullayev Muhammad 50% (1).csv line 84,,,,,,,
STU-00283,2026-04-01,270000,UZS,Cash,,RCPT-N-00908,Completed,Tuition,Aprel tuition; source: TEMURBEK SCHOOL - Bahrullayev Muhammad 50% (1).csv line 84,,,,,,,
STU-00284,2026-03-01,270000,UZS,Cash,,RCPT-N-00909,Completed,Tuition,Mart tuition; source: TEMURBEK SCHOOL - Bahrullayev Muhammad 50% (1).csv line 85,,,,,,,
STU-00284,2026-04-01,270000,UZS,Cash,,RCPT-N-00910,Completed,Tuition,Aprel tuition; source: TEMURBEK SCHOOL - Bahrullayev Muhammad 50% (1).csv line 85,,,,,,,
STU-00285,2026-05-01,270000,UZS,Cash,,RCPT-N-00911,Completed,Tuition,May tuition; source: TEMURBEK SCHOOL - Bahrullayev Muhammad 50% (1).csv line 86,,,,,,,
STU-00286,2026-04-01,270000,UZS,Cash,,RCPT-N-00912,Completed,Tuition,Aprel tuition; source: TEMURBEK SCHOOL - Bahrullayev Muhammad 50% (1).csv line 87,,,,,,,
STU-00287,2026-04-01,270000,UZS,Cash,,RCPT-N-00913,Completed,Tuition,Aprel tuition; source: TEMURBEK SCHOOL - Bahrullayev Muhammad 50% (1).csv line 88,,,,,,,
STU-00287,2026-05-01,270000,UZS,Cash,,RCPT-N-00914,Completed,Tuition,May tuition; source: TEMURBEK SCHOOL - Bahrullayev Muhammad 50% (1).csv line 88,,,,,,,
STU-00288,2026-04-01,270000,UZS,Cash,,RCPT-N-00915,Completed,Tuition,Aprel tuition; source: TEMURBEK SCHOOL - Bahrullayev Muhammad 50% (1).csv line 89,,,,,,,
STU-00288,2026-05-01,270000,UZS,Cash,,RCPT-N-00916,Completed,Tuition,May tuition; source: TEMURBEK SCHOOL - Bahrullayev Muhammad 50% (1).csv line 89,,,,,,,
STU-00289,2026-04-01,270000,UZS,Cash,,RCPT-N-00917,Completed,Tuition,Aprel tuition; source: TEMURBEK SCHOOL - Bahrullayev Muhammad 50% (1).csv line 90,,,,,,,
STU-00290,2026-04-01,270000,UZS,Cash,,RCPT-N-00918,Completed,Tuition,Aprel tuition; source: TEMURBEK SCHOOL - Bahrullayev Muhammad 50% (1).csv line 91,,,,,,,
STU-00290,2026-05-01,270000,UZS,Cash,,RCPT-N-00919,Completed,Tuition,May tuition; source: TEMURBEK SCHOOL - Bahrullayev Muhammad 50% (1).csv line 91,,,,,,,
STU-00291,2026-04-01,225000,UZS,Cash,,RCPT-N-00920,Completed,Tuition,Aprel tuition; source: TEMURBEK SCHOOL - Bahrullayev Muhammad 50% (1).csv line 92,monthly_discount,fixed,45000,270000,45000,225000,true
STU-00291,2026-05-01,270000,UZS,Cash,,RCPT-N-00921,Completed,Tuition,May tuition; source: TEMURBEK SCHOOL - Bahrullayev Muhammad 50% (1).csv line 92,,,,,,,
STU-00292,2026-05-01,270000,UZS,Cash,,RCPT-N-00922,Completed,Tuition,May tuition; source: TEMURBEK SCHOOL - Bahrullayev Muhammad 50% (1).csv line 93,,,,,,,
STU-00293,2026-05-01,270000,UZS,Cash,,RCPT-N-00923,Completed,Tuition,May tuition; source: TEMURBEK SCHOOL - Bahrullayev Muhammad 50% (1).csv line 94,,,,,,,
STU-00294,2026-02-01,135000,UZS,Cash,,RCPT-N-00924,Completed,Tuition,Fevral tuition; source: TEMURBEK SCHOOL - Bahrullayev Muhammad 50% (1).csv line 95,monthly_discount,fixed,135000,270000,135000,135000,true
STU-00294,2026-03-01,270000,UZS,Cash,,RCPT-N-00925,Completed,Tuition,Mart tuition; source: TEMURBEK SCHOOL - Bahrullayev Muhammad 50% (1).csv line 95,,,,,,,
STU-00295,2026-05-01,270000,UZS,Cash,,RCPT-N-00926,Completed,Tuition,May tuition; source: TEMURBEK SCHOOL - Bahrullayev Muhammad 50% (1).csv line 96,,,,,,,
STU-00296,2026-07-01,200000,UZS,Cash,,RCPT-N-00927,Completed,Tuition,Iyul tuition; source: TEMURBEK SCHOOL - Bahrullayev Muhammad 50% (1).csv line 217,monthly_discount,fixed,70000,270000,70000,200000,true
STU-00296,2026-08-01,270000,UZS,Cash,,RCPT-N-00928,Completed,Tuition,Avgust tuition; source: TEMURBEK SCHOOL - Bahrullayev Muhammad 50% (1).csv line 217,,,,,,,
STU-00297,2026-07-01,270000,UZS,Cash,,RCPT-N-00929,Completed,Tuition,Iyul tuition; source: TEMURBEK SCHOOL - Bahrullayev Muhammad 50% (1).csv line 218,,,,,,,
STU-00297,2026-08-01,270000,UZS,Cash,,RCPT-N-00930,Completed,Tuition,Avgust tuition; source: TEMURBEK SCHOOL - Bahrullayev Muhammad 50% (1).csv line 218,,,,,,,
STU-00298,2026-07-01,270000,UZS,Cash,,RCPT-N-00931,Completed,Tuition,Iyul tuition; source: TEMURBEK SCHOOL - Bahrullayev Muhammad 50% (1).csv line 219,,,,,,,
STU-00298,2026-08-01,270000,UZS,Cash,,RCPT-N-00932,Completed,Tuition,Avgust tuition; source: TEMURBEK SCHOOL - Bahrullayev Muhammad 50% (1).csv line 219,,,,,,,
STU-00299,2026-07-01,200000,UZS,Cash,,RCPT-N-00933,Completed,Tuition,Iyul tuition; source: TEMURBEK SCHOOL - Bahrullayev Muhammad 50% (1).csv line 220,serial_discount,fixed,70000,270000,70000,200000,true
STU-00299,2026-08-01,200000,UZS,Cash,,RCPT-N-00934,Completed,Tuition,Avgust tuition; source: TEMURBEK SCHOOL - Bahrullayev Muhammad 50% (1).csv line 220,serial_discount,fixed,70000,270000,70000,200000,true
STU-00300,2026-07-01,200000,UZS,Cash,,RCPT-N-00935,Completed,Tuition,Iyul tuition; source: TEMURBEK SCHOOL - Bahrullayev Muhammad 50% (1).csv line 221,serial_discount,fixed,70000,270000,70000,200000,true
STU-00300,2026-08-01,200000,UZS,Cash,,RCPT-N-00936,Completed,Tuition,Avgust tuition; source: TEMURBEK SCHOOL - Bahrullayev Muhammad 50% (1).csv line 221,serial_discount,fixed,70000,270000,70000,200000,true
STU-00301,2026-07-01,270000,UZS,Cash,,RCPT-N-00937,Completed,Tuition,Iyul tuition; source: TEMURBEK SCHOOL - Bahrullayev Muhammad 50% (1).csv line 222,,,,,,,
STU-00301,2026-08-01,270000,UZS,Cash,,RCPT-N-00938,Completed,Tuition,Avgust tuition; source: TEMURBEK SCHOOL - Bahrullayev Muhammad 50% (1).csv line 222,,,,,,,
STU-00302,2026-07-01,270000,UZS,Cash,,RCPT-N-00939,Completed,Tuition,Iyul tuition; source: TEMURBEK SCHOOL - Bahrullayev Muhammad 50% (1).csv line 223,,,,,,,
STU-00302,2026-08-01,270000,UZS,Cash,,RCPT-N-00940,Completed,Tuition,Avgust tuition; source: TEMURBEK SCHOOL - Bahrullayev Muhammad 50% (1).csv line 223,,,,,,,
STU-00303,2026-07-01,270000,UZS,Cash,,RCPT-N-00941,Completed,Tuition,Iyul tuition; source: TEMURBEK SCHOOL - Bahrullayev Muhammad 50% (1).csv line 224,,,,,,,
STU-00303,2026-08-01,270000,UZS,Cash,,RCPT-N-00942,Completed,Tuition,Avgust tuition; source: TEMURBEK SCHOOL - Bahrullayev Muhammad 50% (1).csv line 224,,,,,,,
STU-00304,2026-07-01,270000,UZS,Cash,,RCPT-N-00943,Completed,Tuition,Iyul tuition; source: TEMURBEK SCHOOL - Bahrullayev Muhammad 50% (1).csv line 225,,,,,,,
STU-00304,2026-08-01,260000,UZS,Cash,,RCPT-N-00944,Completed,Tuition,Avgust tuition; source: TEMURBEK SCHOOL - Bahrullayev Muhammad 50% (1).csv line 225,monthly_discount,fixed,10000,270000,10000,260000,true
STU-00305,2026-07-01,270000,UZS,Cash,,RCPT-N-00945,Completed,Tuition,Iyul tuition; source: TEMURBEK SCHOOL - Bahrullayev Muhammad 50% (1).csv line 226,,,,,,,
STU-00305,2026-08-01,260000,UZS,Cash,,RCPT-N-00946,Completed,Tuition,Avgust tuition; source: TEMURBEK SCHOOL - Bahrullayev Muhammad 50% (1).csv line 226,monthly_discount,fixed,10000,270000,10000,260000,true
STU-00306,2026-07-01,270000,UZS,Cash,,RCPT-N-00947,Completed,Tuition,Iyul tuition; source: TEMURBEK SCHOOL - Bahrullayev Muhammad 50% (1).csv line 227,,,,,,,
STU-00306,2026-08-01,270000,UZS,Cash,,RCPT-N-00948,Completed,Tuition,Avgust tuition; source: TEMURBEK SCHOOL - Bahrullayev Muhammad 50% (1).csv line 227,,,,,,,
STU-00307,2026-07-01,270000,UZS,Cash,,RCPT-N-00949,Completed,Tuition,Iyul tuition; source: TEMURBEK SCHOOL - Bahrullayev Muhammad 50% (1).csv line 228,,,,,,,
STU-00307,2026-08-01,270000,UZS,Cash,,RCPT-N-00950,Completed,Tuition,Avgust tuition; source: TEMURBEK SCHOOL - Bahrullayev Muhammad 50% (1).csv line 228,,,,,,,
STU-00308,2026-07-01,135000,UZS,Cash,,RCPT-N-00951,Completed,Tuition,Iyul tuition; source: TEMURBEK SCHOOL - Bahrullayev Muhammad 50% (1).csv line 229,monthly_discount,fixed,135000,270000,135000,135000,true
STU-00309,2026-07-01,130000,UZS,Cash,,RCPT-N-00952,Completed,Tuition,Iyul tuition; source: TEMURBEK SCHOOL - Bahrullayev Muhammad 50% (1).csv line 230,monthly_discount,fixed,140000,270000,140000,130000,true
STU-00309,2026-08-01,270000,UZS,Cash,,RCPT-N-00953,Completed,Tuition,Avgust tuition; source: TEMURBEK SCHOOL - Bahrullayev Muhammad 50% (1).csv line 230,,,,,,,
STU-00310,2026-07-01,135000,UZS,Cash,,RCPT-N-00954,Completed,Tuition,Iyul tuition; source: TEMURBEK SCHOOL - Bahrullayev Muhammad 50% (1).csv line 231,monthly_discount,fixed,135000,270000,135000,135000,true
STU-00310,2026-08-01,270000,UZS,Cash,,RCPT-N-00955,Completed,Tuition,Avgust tuition; source: TEMURBEK SCHOOL - Bahrullayev Muhammad 50% (1).csv line 231,,,,,,,
STU-00311,2026-07-01,270000,UZS,Cash,,RCPT-N-00956,Completed,Tuition,Iyul tuition; source: TEMURBEK SCHOOL - Bahrullayev Muhammad 50% (1).csv line 232,,,,,,,
STU-00312,2026-07-01,260000,UZS,Cash,,RCPT-N-00957,Completed,Tuition,Iyul tuition; source: TEMURBEK SCHOOL - Bahrullayev Muhammad 50% (1).csv line 233,monthly_discount,fixed,10000,270000,10000,260000,true
STU-00312,2026-08-01,270000,UZS,Cash,,RCPT-N-00958,Completed,Tuition,Avgust tuition; source: TEMURBEK SCHOOL - Bahrullayev Muhammad 50% (1).csv line 233,,,,,,,
STU-00313,2026-08-01,270000,UZS,Cash,,RCPT-N-00959,Completed,Tuition,Avgust tuition; source: TEMURBEK SCHOOL - Bahrullayev Muhammad 50% (1).csv line 234,,,,,,,
STU-00314,2026-07-01,270000,UZS,Cash,,RCPT-N-00960,Completed,Tuition,Iyul tuition; source: TEMURBEK SCHOOL - Bahrullayev Muhammad 50% (1).csv line 235,,,,,,,
STU-00314,2026-08-01,270000,UZS,Cash,,RCPT-N-00961,Completed,Tuition,Avgust tuition; source: TEMURBEK SCHOOL - Bahrullayev Muhammad 50% (1).csv line 235,,,,,,,
STU-00315,2026-07-01,270000,UZS,Cash,,RCPT-N-00962,Completed,Tuition,Iyul tuition; source: TEMURBEK SCHOOL - Bahrullayev Muhammad 50% (1).csv line 236,,,,,,,
STU-00316,2026-07-01,270000,UZS,Cash,,RCPT-N-00963,Completed,Tuition,Iyul tuition; source: TEMURBEK SCHOOL - Bahrullayev Muhammad 50% (1).csv line 241,,,,,,,
STU-00316,2026-08-01,270000,UZS,Cash,,RCPT-N-00964,Completed,Tuition,Avgust tuition; source: TEMURBEK SCHOOL - Bahrullayev Muhammad 50% (1).csv line 241,,,,,,,
STU-00317,2026-07-01,270000,UZS,Cash,,RCPT-N-00965,Completed,Tuition,Iyul tuition; source: TEMURBEK SCHOOL - Bahrullayev Muhammad 50% (1).csv line 242,,,,,,,
STU-00317,2026-08-01,270000,UZS,Cash,,RCPT-N-00966,Completed,Tuition,Avgust tuition; source: TEMURBEK SCHOOL - Bahrullayev Muhammad 50% (1).csv line 242,,,,,,,
STU-00318,2026-07-01,270000,UZS,Cash,,RCPT-N-00967,Completed,Tuition,Iyul tuition; source: TEMURBEK SCHOOL - Bahrullayev Muhammad 50% (1).csv line 243,,,,,,,
STU-00318,2026-08-01,270000,UZS,Cash,,RCPT-N-00968,Completed,Tuition,Avgust tuition; source: TEMURBEK SCHOOL - Bahrullayev Muhammad 50% (1).csv line 243,,,,,,,
STU-00319,2026-07-01,270000,UZS,Cash,,RCPT-N-00969,Completed,Tuition,Iyul tuition; source: TEMURBEK SCHOOL - Bahrullayev Muhammad 50% (1).csv line 244,,,,,,,
STU-00319,2026-08-01,270000,UZS,Cash,,RCPT-N-00970,Completed,Tuition,Avgust tuition; source: TEMURBEK SCHOOL - Bahrullayev Muhammad 50% (1).csv line 244,,,,,,,
STU-00320,2026-07-01,270000,UZS,Cash,,RCPT-N-00971,Completed,Tuition,Iyul tuition; source: TEMURBEK SCHOOL - Bahrullayev Muhammad 50% (1).csv line 245,,,,,,,
STU-00320,2026-08-01,260000,UZS,Cash,,RCPT-N-00972,Completed,Tuition,Avgust tuition; source: TEMURBEK SCHOOL - Bahrullayev Muhammad 50% (1).csv line 245,monthly_discount,fixed,10000,270000,10000,260000,true
STU-00321,2026-07-01,270000,UZS,Cash,,RCPT-N-00973,Completed,Tuition,Iyul tuition; source: TEMURBEK SCHOOL - Bahrullayev Muhammad 50% (1).csv line 246,,,,,,,
STU-00321,2026-08-01,260000,UZS,Cash,,RCPT-N-00974,Completed,Tuition,Avgust tuition; source: TEMURBEK SCHOOL - Bahrullayev Muhammad 50% (1).csv line 246,monthly_discount,fixed,10000,270000,10000,260000,true
STU-00322,2026-07-01,270000,UZS,Cash,,RCPT-N-00975,Completed,Tuition,Iyul tuition; source: TEMURBEK SCHOOL - Bahrullayev Muhammad 50% (1).csv line 247,,,,,,,
STU-00322,2026-08-01,270000,UZS,Cash,,RCPT-N-00976,Completed,Tuition,Avgust tuition; source: TEMURBEK SCHOOL - Bahrullayev Muhammad 50% (1).csv line 247,,,,,,,
STU-00323,2026-07-01,250000,UZS,Cash,,RCPT-N-00977,Completed,Tuition,Iyul tuition; source: TEMURBEK SCHOOL - Bahrullayev Muhammad 50% (1).csv line 248,monthly_discount,fixed,20000,270000,20000,250000,true
STU-00323,2026-08-01,135000,UZS,Cash,,RCPT-N-00978,Completed,Tuition,Avgust tuition; source: TEMURBEK SCHOOL - Bahrullayev Muhammad 50% (1).csv line 248,monthly_discount,fixed,135000,270000,135000,135000,true
STU-00324,2026-07-01,135000,UZS,Cash,,RCPT-N-00979,Completed,Tuition,Iyul tuition; source: TEMURBEK SCHOOL - Bahrullayev Muhammad 50% (1).csv line 249,monthly_discount,fixed,135000,270000,135000,135000,true
STU-00324,2026-08-01,270000,UZS,Cash,,RCPT-N-00980,Completed,Tuition,Avgust tuition; source: TEMURBEK SCHOOL - Bahrullayev Muhammad 50% (1).csv line 249,,,,,,,
STU-00325,2026-07-01,270000,UZS,Cash,,RCPT-N-00981,Completed,Tuition,Iyul tuition; source: TEMURBEK SCHOOL - Bahrullayev Muhammad 50% (1).csv line 250,,,,,,,
STU-00325,2026-08-01,270000,UZS,Cash,,RCPT-N-00982,Completed,Tuition,Avgust tuition; source: TEMURBEK SCHOOL - Bahrullayev Muhammad 50% (1).csv line 250,,,,,,,
STU-00326,2026-07-01,135000,UZS,Cash,,RCPT-N-00983,Completed,Tuition,Iyul tuition; source: TEMURBEK SCHOOL - Bahrullayev Muhammad 50% (1).csv line 251,monthly_discount,fixed,135000,270000,135000,135000,true
STU-00326,2026-08-01,270000,UZS,Cash,,RCPT-N-00984,Completed,Tuition,Avgust tuition; source: TEMURBEK SCHOOL - Bahrullayev Muhammad 50% (1).csv line 251,,,,,,,
STU-00327,2026-07-01,112000,UZS,Cash,,RCPT-N-00985,Completed,Tuition,Iyul tuition; source: TEMURBEK SCHOOL - Bahrullayev Muhammad 50% (1).csv line 252,monthly_discount,fixed,158000,270000,158000,112000,true
STU-00327,2026-08-01,270000,UZS,Cash,,RCPT-N-00986,Completed,Tuition,Avgust tuition; source: TEMURBEK SCHOOL - Bahrullayev Muhammad 50% (1).csv line 252,,,,,,,
STU-00328,2026-07-01,135000,UZS,Cash,,RCPT-N-00987,Completed,Tuition,Iyul tuition; source: TEMURBEK SCHOOL - Bahrullayev Muhammad 50% (1).csv line 253,monthly_discount,fixed,135000,270000,135000,135000,true
STU-00328,2026-08-01,270000,UZS,Cash,,RCPT-N-00988,Completed,Tuition,Avgust tuition; source: TEMURBEK SCHOOL - Bahrullayev Muhammad 50% (1).csv line 253,,,,,,,
STU-00329,2026-07-01,270000,UZS,Cash,,RCPT-N-00989,Completed,Tuition,Iyul tuition; source: TEMURBEK SCHOOL - Bahrullayev Muhammad 50% (1).csv line 254,,,,,,,
STU-00329,2026-08-01,265000,UZS,Cash,,RCPT-N-00990,Completed,Tuition,Avgust tuition; source: TEMURBEK SCHOOL - Bahrullayev Muhammad 50% (1).csv line 254,monthly_discount,fixed,5000,270000,5000,265000,true
STU-00330,2026-07-01,45000,UZS,Cash,,RCPT-N-00991,Completed,Tuition,Iyul tuition; source: TEMURBEK SCHOOL - Bahrullayev Muhammad 50% (1).csv line 255,monthly_discount,fixed,225000,270000,225000,45000,true
STU-00330,2026-08-01,270000,UZS,Cash,,RCPT-N-00992,Completed,Tuition,Avgust tuition; source: TEMURBEK SCHOOL - Bahrullayev Muhammad 50% (1).csv line 255,,,,,,,
STU-00331,2026-08-01,250000,UZS,Cash,,RCPT-N-00993,Completed,Tuition,Avgust tuition; source: TEMURBEK SCHOOL - Bahrullayev Muhammad 50% (1).csv line 256,monthly_discount,fixed,20000,270000,20000,250000,true
STU-00332,2026-07-01,70000,UZS,Cash,,RCPT-N-00994,Completed,Tuition,Iyul tuition; source: TEMURBEK SCHOOL - Bahrullayev Muhammad 50% (1).csv line 257,monthly_discount,fixed,200000,270000,200000,70000,true
STU-00333,2026-07-01,270000,UZS,Cash,,RCPT-N-00995,Completed,Tuition,Iyul tuition; source: TEMURBEK SCHOOL - Bahrullayev Muhammad 50% (1).csv line 258,,,,,,,
STU-00333,2026-08-01,270000,UZS,Cash,,RCPT-N-00996,Completed,Tuition,Avgust tuition; source: TEMURBEK SCHOOL - Bahrullayev Muhammad 50% (1).csv line 258,,,,,,,
STU-00334,2026-07-01,270000,UZS,Cash,,RCPT-N-00997,Completed,Tuition,Iyul tuition; source: TEMURBEK SCHOOL - Bahrullayev Muhammad 50% (1).csv line 259,,,,,,,
STU-00335,2026-07-01,270000,UZS,Cash,,RCPT-N-00998,Completed,Tuition,Iyul tuition; source: TEMURBEK SCHOOL - Bahrullayev Muhammad 50% (1).csv line 260,,,,,,,
STU-00336,2026-07-01,250000,UZS,Cash,,RCPT-N-00999,Completed,Tuition,Iyul tuition; source: TEMURBEK SCHOOL - Bahrullayev Muhammad 50% (1).csv line 266,monthly_discount,fixed,30000,280000,30000,250000,true
STU-00336,2026-08-01,260000,UZS,Cash,,RCPT-N-01000,Completed,Tuition,Avgust tuition; source: TEMURBEK SCHOOL - Bahrullayev Muhammad 50% (1).csv line 266,monthly_discount,fixed,20000,280000,20000,260000,true
STU-00337,2026-07-01,280000,UZS,Cash,,RCPT-N-01001,Completed,Tuition,Iyul tuition; source: TEMURBEK SCHOOL - Bahrullayev Muhammad 50% (1).csv line 267,,,,,,,
STU-00338,2026-07-01,270000,UZS,Cash,,RCPT-N-01002,Completed,Tuition,Iyul tuition; source: TEMURBEK SCHOOL - Bahrullayev Muhammad 50% (1).csv line 268,monthly_discount,fixed,10000,280000,10000,270000,true
STU-00338,2026-08-01,280000,UZS,Cash,,RCPT-N-01003,Completed,Tuition,Avgust tuition; source: TEMURBEK SCHOOL - Bahrullayev Muhammad 50% (1).csv line 268,,,,,,,
STU-00339,2026-07-01,270000,UZS,Cash,,RCPT-N-01004,Completed,Tuition,Iyul tuition; source: TEMURBEK SCHOOL - Bahrullayev Muhammad 50% (1).csv line 269,monthly_discount,fixed,10000,280000,10000,270000,true
STU-00339,2026-08-01,280000,UZS,Cash,,RCPT-N-01005,Completed,Tuition,Avgust tuition; source: TEMURBEK SCHOOL - Bahrullayev Muhammad 50% (1).csv line 269,,,,,,,
STU-00340,2026-07-01,250000,UZS,Cash,,RCPT-N-01006,Completed,Tuition,Iyul tuition; source: TEMURBEK SCHOOL - Bahrullayev Muhammad 50% (1).csv line 270,monthly_discount,fixed,30000,280000,30000,250000,true
STU-00340,2026-08-01,280000,UZS,Cash,,RCPT-N-01007,Completed,Tuition,Avgust tuition; source: TEMURBEK SCHOOL - Bahrullayev Muhammad 50% (1).csv line 270,,,,,,,
STU-00341,2026-07-01,270000,UZS,Cash,,RCPT-N-01008,Completed,Tuition,Iyul tuition; source: TEMURBEK SCHOOL - Bahrullayev Muhammad 50% (1).csv line 271,serial_discount,fixed,10000,280000,10000,270000,true
STU-00341,2026-08-01,270000,UZS,Cash,,RCPT-N-01009,Completed,Tuition,Avgust tuition; source: TEMURBEK SCHOOL - Bahrullayev Muhammad 50% (1).csv line 271,serial_discount,fixed,10000,280000,10000,270000,true
STU-00342,2026-07-01,270000,UZS,Cash,,RCPT-N-01010,Completed,Tuition,Iyul tuition; source: TEMURBEK SCHOOL - Bahrullayev Muhammad 50% (1).csv line 272,monthly_discount,fixed,10000,280000,10000,270000,true
STU-00342,2026-08-01,280000,UZS,Cash,,RCPT-N-01011,Completed,Tuition,Avgust tuition; source: TEMURBEK SCHOOL - Bahrullayev Muhammad 50% (1).csv line 272,,,,,,,
STU-00343,2026-07-01,250000,UZS,Cash,,RCPT-N-01012,Completed,Tuition,Iyul tuition; source: TEMURBEK SCHOOL - Bahrullayev Muhammad 50% (1).csv line 273,serial_discount,fixed,30000,280000,30000,250000,true
STU-00343,2026-08-01,250000,UZS,Cash,,RCPT-N-01013,Completed,Tuition,Avgust tuition; source: TEMURBEK SCHOOL - Bahrullayev Muhammad 50% (1).csv line 273,serial_discount,fixed,30000,280000,30000,250000,true
STU-00344,2026-07-01,270000,UZS,Cash,,RCPT-N-01014,Completed,Tuition,Iyul tuition; source: TEMURBEK SCHOOL - Bahrullayev Muhammad 50% (1).csv line 274,serial_discount,fixed,10000,280000,10000,270000,true
STU-00344,2026-08-01,270000,UZS,Cash,,RCPT-N-01015,Completed,Tuition,Avgust tuition; source: TEMURBEK SCHOOL - Bahrullayev Muhammad 50% (1).csv line 274,serial_discount,fixed,10000,280000,10000,270000,true
STU-00345,2026-07-01,290000,UZS,Cash,,RCPT-N-01016,Completed,Tuition,Iyul tuition; source: TEMURBEK SCHOOL - Bahrullayev Muhammad 50% (1).csv line 275,,,,,,,
STU-00345,2026-08-01,280000,UZS,Cash,,RCPT-N-01017,Completed,Tuition,Avgust tuition; source: TEMURBEK SCHOOL - Bahrullayev Muhammad 50% (1).csv line 275,,,,,,,
STU-00346,2026-07-01,290000,UZS,Cash,,RCPT-N-01018,Completed,Tuition,Iyul tuition; source: TEMURBEK SCHOOL - Bahrullayev Muhammad 50% (1).csv line 276,,,,,,,
STU-00346,2026-08-01,290000,UZS,Cash,,RCPT-N-01019,Completed,Tuition,Avgust tuition; source: TEMURBEK SCHOOL - Bahrullayev Muhammad 50% (1).csv line 276,,,,,,,
STU-00347,2026-07-01,270000,UZS,Cash,,RCPT-N-01020,Completed,Tuition,Iyul tuition; source: TEMURBEK SCHOOL - Bahrullayev Muhammad 50% (1).csv line 277,monthly_discount,fixed,10000,280000,10000,270000,true
STU-00347,2026-08-01,280000,UZS,Cash,,RCPT-N-01021,Completed,Tuition,Avgust tuition; source: TEMURBEK SCHOOL - Bahrullayev Muhammad 50% (1).csv line 277,,,,,,,
STU-00348,2026-07-01,280000,UZS,Cash,,RCPT-N-01022,Completed,Tuition,Iyul tuition; source: TEMURBEK SCHOOL - Bahrullayev Muhammad 50% (1).csv line 278,,,,,,,
STU-00348,2026-08-01,280000,UZS,Cash,,RCPT-N-01023,Completed,Tuition,Avgust tuition; source: TEMURBEK SCHOOL - Bahrullayev Muhammad 50% (1).csv line 278,,,,,,,
STU-00349,2026-07-01,270000,UZS,Cash,,RCPT-N-01024,Completed,Tuition,Iyul tuition; source: TEMURBEK SCHOOL - Bahrullayev Muhammad 50% (1).csv line 279,serial_discount,fixed,10000,280000,10000,270000,true
STU-00349,2026-08-01,270000,UZS,Cash,,RCPT-N-01025,Completed,Tuition,Avgust tuition; source: TEMURBEK SCHOOL - Bahrullayev Muhammad 50% (1).csv line 279,serial_discount,fixed,10000,280000,10000,270000,true
STU-00350,2026-07-01,290000,UZS,Cash,,RCPT-N-01026,Completed,Tuition,Iyul tuition; source: TEMURBEK SCHOOL - Bahrullayev Muhammad 50% (1).csv line 280,,,,,,,
STU-00350,2026-08-01,280000,UZS,Cash,,RCPT-N-01027,Completed,Tuition,Avgust tuition; source: TEMURBEK SCHOOL - Bahrullayev Muhammad 50% (1).csv line 280,,,,,,,
STU-00351,2026-07-01,280000,UZS,Cash,,RCPT-N-01028,Completed,Tuition,Iyul tuition; source: TEMURBEK SCHOOL - Bahrullayev Muhammad 50% (1).csv line 281,,,,,,,
STU-00351,2026-08-01,290000,UZS,Cash,,RCPT-N-01029,Completed,Tuition,Avgust tuition; source: TEMURBEK SCHOOL - Bahrullayev Muhammad 50% (1).csv line 281,,,,,,,
STU-00352,2026-07-01,200000,UZS,Cash,,RCPT-N-01030,Completed,Tuition,Iyul tuition; source: TEMURBEK SCHOOL - Bahrullayev Muhammad 50% (1).csv line 288,monthly_discount,fixed,100000,300000,100000,200000,true
STU-00352,2026-08-01,300000,UZS,Cash,,RCPT-N-01031,Completed,Tuition,Avgust tuition; source: TEMURBEK SCHOOL - Bahrullayev Muhammad 50% (1).csv line 288,,,,,,,
STU-00353,2026-07-01,200000,UZS,Cash,,RCPT-N-01032,Completed,Tuition,Iyul tuition; source: TEMURBEK SCHOOL - Bahrullayev Muhammad 50% (1).csv line 289,monthly_discount,fixed,100000,300000,100000,200000,true
STU-00353,2026-08-01,300000,UZS,Cash,,RCPT-N-01033,Completed,Tuition,Avgust tuition; source: TEMURBEK SCHOOL - Bahrullayev Muhammad 50% (1).csv line 289,,,,,,,
STU-00354,2026-07-01,200000,UZS,Cash,,RCPT-N-01034,Completed,Tuition,Iyul tuition; source: TEMURBEK SCHOOL - Bahrullayev Muhammad 50% (1).csv line 290,monthly_discount,fixed,100000,300000,100000,200000,true
STU-00354,2026-08-01,300000,UZS,Cash,,RCPT-N-01035,Completed,Tuition,Avgust tuition; source: TEMURBEK SCHOOL - Bahrullayev Muhammad 50% (1).csv line 290,,,,,,,
STU-00355,2026-07-01,200000,UZS,Cash,,RCPT-N-01036,Completed,Tuition,Iyul tuition; source: TEMURBEK SCHOOL - Bahrullayev Muhammad 50% (1).csv line 291,monthly_discount,fixed,100000,300000,100000,200000,true
STU-00355,2026-08-01,300000,UZS,Cash,,RCPT-N-01037,Completed,Tuition,Avgust tuition; source: TEMURBEK SCHOOL - Bahrullayev Muhammad 50% (1).csv line 291,,,,,,,
STU-00356,2026-07-01,200000,UZS,Cash,,RCPT-N-01038,Completed,Tuition,Iyul tuition; source: TEMURBEK SCHOOL - Bahrullayev Muhammad 50% (1).csv line 292,monthly_discount,fixed,100000,300000,100000,200000,true
STU-00356,2026-08-01,300000,UZS,Cash,,RCPT-N-01039,Completed,Tuition,Avgust tuition; source: TEMURBEK SCHOOL - Bahrullayev Muhammad 50% (1).csv line 292,,,,,,,
STU-00357,2026-07-01,250000,UZS,Cash,,RCPT-N-01040,Completed,Tuition,Iyul tuition; source: TEMURBEK SCHOOL - Bahrullayev Muhammad 50% (1).csv line 293,monthly_discount,fixed,50000,300000,50000,250000,true
STU-00357,2026-08-01,300000,UZS,Cash,,RCPT-N-01041,Completed,Tuition,Avgust tuition; source: TEMURBEK SCHOOL - Bahrullayev Muhammad 50% (1).csv line 293,,,,,,,
STU-00358,2026-07-01,250000,UZS,Cash,,RCPT-N-01042,Completed,Tuition,Iyul tuition; source: TEMURBEK SCHOOL - Bahrullayev Muhammad 50% (1).csv line 294,monthly_discount,fixed,50000,300000,50000,250000,true
STU-00358,2026-08-01,300000,UZS,Cash,,RCPT-N-01043,Completed,Tuition,Avgust tuition; source: TEMURBEK SCHOOL - Bahrullayev Muhammad 50% (1).csv line 294,,,,,,,
STU-00359,2026-07-01,200000,UZS,Cash,,RCPT-N-01044,Completed,Tuition,Iyul tuition; source: TEMURBEK SCHOOL - Bahrullayev Muhammad 50% (1).csv line 295,monthly_discount,fixed,100000,300000,100000,200000,true
STU-00359,2026-08-01,300000,UZS,Cash,,RCPT-N-01045,Completed,Tuition,Avgust tuition; source: TEMURBEK SCHOOL - Bahrullayev Muhammad 50% (1).csv line 295,,,,,,,
STU-00360,2026-07-01,200000,UZS,Cash,,RCPT-N-01046,Completed,Tuition,Iyul tuition; source: TEMURBEK SCHOOL - Bahrullayev Muhammad 50% (1).csv line 296,monthly_discount,fixed,100000,300000,100000,200000,true
STU-00360,2026-08-01,300000,UZS,Cash,,RCPT-N-01047,Completed,Tuition,Avgust tuition; source: TEMURBEK SCHOOL - Bahrullayev Muhammad 50% (1).csv line 296,,,,,,,
STU-00362,2026-08-01,300000,UZS,Cash,,RCPT-N-01048,Completed,Tuition,Avgust tuition; source: TEMURBEK SCHOOL - Bahrullayev Muhammad 50% (1).csv line 298,,,,,,,
STU-00363,2026-08-01,300000,UZS,Cash,,RCPT-N-01049,Completed,Tuition,Avgust tuition; source: TEMURBEK SCHOOL - Bahrullayev Muhammad 50% (1).csv line 299,,,,,,,
STU-00364,2026-04-01,270000,UZS,Cash,,RCPT-N-01050,Completed,Tuition,Aprel tuition; source: TEMURBEK SCHOOL - Bahtiyorova Laylo 40% (1).csv line 6,,,,,,,
STU-00364,2026-05-01,280000,UZS,Cash,,RCPT-N-01051,Completed,Tuition,May tuition; source: TEMURBEK SCHOOL - Bahtiyorova Laylo 40% (1).csv line 6,,,,,,,
STU-00365,2026-04-01,270000,UZS,Cash,,RCPT-N-01052,Completed,Tuition,Aprel tuition; source: TEMURBEK SCHOOL - Bahtiyorova Laylo 40% (1).csv line 7,,,,,,,
STU-00365,2026-05-01,280000,UZS,Cash,,RCPT-N-01053,Completed,Tuition,May tuition; source: TEMURBEK SCHOOL - Bahtiyorova Laylo 40% (1).csv line 7,,,,,,,
STU-00366,2026-05-01,270000,UZS,Cash,,RCPT-N-01054,Completed,Tuition,May tuition; source: TEMURBEK SCHOOL - Bahtiyorova Laylo 40% (1).csv line 8,,,,,,,
STU-00367,2026-04-01,270000,UZS,Cash,,RCPT-N-01055,Completed,Tuition,Aprel tuition; source: TEMURBEK SCHOOL - Bahtiyorova Laylo 40% (1).csv line 9,,,,,,,
STU-00367,2026-05-01,270000,UZS,Cash,,RCPT-N-01056,Completed,Tuition,May tuition; source: TEMURBEK SCHOOL - Bahtiyorova Laylo 40% (1).csv line 9,,,,,,,
STU-00367,2026-06-01,270000,UZS,Cash,,RCPT-N-01057,Completed,Tuition,Iyun tuition; source: TEMURBEK SCHOOL - Bahtiyorova Laylo 40% (1).csv line 9,,,,,,,
STU-00368,2026-04-01,270000,UZS,Cash,,RCPT-N-01058,Completed,Tuition,Aprel tuition; source: TEMURBEK SCHOOL - Bahtiyorova Laylo 40% (1).csv line 10,,,,,,,
STU-00368,2026-05-01,270000,UZS,Cash,,RCPT-N-01059,Completed,Tuition,May tuition; source: TEMURBEK SCHOOL - Bahtiyorova Laylo 40% (1).csv line 10,,,,,,,
STU-00369,2026-04-01,270000,UZS,Cash,,RCPT-N-01060,Completed,Tuition,Aprel tuition; source: TEMURBEK SCHOOL - Bahtiyorova Laylo 40% (1).csv line 11,,,,,,,
STU-00369,2026-05-01,270000,UZS,Cash,,RCPT-N-01061,Completed,Tuition,May tuition; source: TEMURBEK SCHOOL - Bahtiyorova Laylo 40% (1).csv line 11,,,,,,,
STU-00369,2026-06-01,300000,UZS,Cash,,RCPT-N-01062,Completed,Tuition,Iyun tuition; source: TEMURBEK SCHOOL - Bahtiyorova Laylo 40% (1).csv line 11,,,,,,,
STU-00371,2026-05-01,280000,UZS,Cash,,RCPT-N-01063,Completed,Tuition,May tuition; source: TEMURBEK SCHOOL - Bahtiyorova Laylo 40% (1).csv line 13,,,,,,,
STU-00372,2026-06-01,270000,UZS,Cash,,RCPT-N-01064,Completed,Tuition,Iyun tuition; source: TEMURBEK SCHOOL - Bahtiyorova Laylo 40% (1).csv line 14,,,,,,,
STU-00373,2026-06-01,300000,UZS,Cash,,RCPT-N-01065,Completed,Tuition,Iyun tuition; source: TEMURBEK SCHOOL - Bahtiyorova Laylo 40% (1).csv line 15,,,,,,,
STU-00374,2026-04-01,270000,UZS,Cash,,RCPT-N-01066,Completed,Tuition,Aprel tuition; source: TEMURBEK SCHOOL - Bahtiyorova Laylo 40% (1).csv line 20,,,,,,,
STU-00374,2026-05-01,270000,UZS,Cash,,RCPT-N-01067,Completed,Tuition,May tuition; source: TEMURBEK SCHOOL - Bahtiyorova Laylo 40% (1).csv line 20,,,,,,,
STU-00375,2026-04-01,45000,UZS,Cash,,RCPT-N-01068,Completed,Tuition,Aprel tuition; source: TEMURBEK SCHOOL - Bahtiyorova Laylo 40% (1).csv line 21,monthly_discount,fixed,225000,270000,225000,45000,true
STU-00375,2026-05-01,280000,UZS,Cash,,RCPT-N-01069,Completed,Tuition,May tuition; source: TEMURBEK SCHOOL - Bahtiyorova Laylo 40% (1).csv line 21,,,,,,,
STU-00376,2026-05-01,270000,UZS,Cash,,RCPT-N-01070,Completed,Tuition,May tuition; source: TEMURBEK SCHOOL - Bahtiyorova Laylo 40% (1).csv line 22,,,,,,,
STU-00376,2026-06-01,270000,UZS,Cash,,RCPT-N-01071,Completed,Tuition,Iyun tuition; source: TEMURBEK SCHOOL - Bahtiyorova Laylo 40% (1).csv line 22,,,,,,,
STU-00377,2026-05-01,270000,UZS,Cash,,RCPT-N-01072,Completed,Tuition,May tuition; source: TEMURBEK SCHOOL - Bahtiyorova Laylo 40% (1).csv line 23,,,,,,,
STU-00377,2026-06-01,280000,UZS,Cash,,RCPT-N-01073,Completed,Tuition,Iyun tuition; source: TEMURBEK SCHOOL - Bahtiyorova Laylo 40% (1).csv line 23,,,,,,,
STU-00378,2026-05-01,270000,UZS,Cash,,RCPT-N-01074,Completed,Tuition,May tuition; source: TEMURBEK SCHOOL - Bahtiyorova Laylo 40% (1).csv line 24,,,,,,,
STU-00386,2025-12-01,540000,UZS,Cash,,RCPT-N-01075,Completed,Tuition,Dekabr tuition; source: TEMURBEK SCHOOL - Fazliyev Ramziddin 45% (1).csv line 15,,,,,,,
STU-00386,2026-01-01,600000,UZS,Cash,,RCPT-N-01076,Completed,Tuition,Yan tuition; source: TEMURBEK SCHOOL - Fazliyev Ramziddin 45% (1).csv line 15,,,,,,,
STU-00386,2026-02-01,490000,UZS,Cash,,RCPT-N-01077,Completed,Tuition,Fevral tuition; source: TEMURBEK SCHOOL - Fazliyev Ramziddin 45% (1).csv line 15,monthly_discount,fixed,50000,540000,50000,490000,true
STU-00386,2026-03-01,650000,UZS,Cash,,RCPT-N-01078,Completed,Tuition,Mart tuition; source: TEMURBEK SCHOOL - Fazliyev Ramziddin 45% (1).csv line 15,,,,,,,
STU-00386,2026-04-01,650000,UZS,Cash,,RCPT-N-01079,Completed,Tuition,Aprel tuition; source: TEMURBEK SCHOOL - Fazliyev Ramziddin 45% (1).csv line 15,,,,,,,
STU-00386,2026-05-01,540000,UZS,Cash,,RCPT-N-01080,Completed,Tuition,May tuition; source: TEMURBEK SCHOOL - Fazliyev Ramziddin 45% (1).csv line 15,,,,,,,
STU-00389,2026-04-01,270000,UZS,Cash,,RCPT-N-01081,Completed,Tuition,Aprel tuition; source: TEMURBEK SCHOOL - Mamasolixova Zubayda 40% (1).csv line 7,,,,,,,
STU-00389,2026-05-01,270000,UZS,Cash,,RCPT-N-01082,Completed,Tuition,May tuition; source: TEMURBEK SCHOOL - Mamasolixova Zubayda 40% (1).csv line 7,,,,,,,
STU-00389,2026-06-01,270000,UZS,Cash,,RCPT-N-01083,Completed,Tuition,Iyun tuition; source: TEMURBEK SCHOOL - Mamasolixova Zubayda 40% (1).csv line 7,,,,,,,
STU-00390,2026-04-01,260000,UZS,Cash,,RCPT-N-01084,Completed,Tuition,Aprel tuition; source: TEMURBEK SCHOOL - Mamasolixova Zubayda 40% (1).csv line 8,serial_discount,fixed,10000,270000,10000,260000,true
STU-00390,2026-05-01,260000,UZS,Cash,,RCPT-N-01085,Completed,Tuition,May tuition; source: TEMURBEK SCHOOL - Mamasolixova Zubayda 40% (1).csv line 8,serial_discount,fixed,10000,270000,10000,260000,true
STU-00391,2026-04-01,260000,UZS,Cash,,RCPT-N-01086,Completed,Tuition,Aprel tuition; source: TEMURBEK SCHOOL - Mamasolixova Zubayda 40% (1).csv line 9,serial_discount,fixed,10000,270000,10000,260000,true
STU-00391,2026-05-01,260000,UZS,Cash,,RCPT-N-01087,Completed,Tuition,May tuition; source: TEMURBEK SCHOOL - Mamasolixova Zubayda 40% (1).csv line 9,serial_discount,fixed,10000,270000,10000,260000,true
STU-00392,2026-04-01,270000,UZS,Cash,,RCPT-N-01088,Completed,Tuition,Aprel tuition; source: TEMURBEK SCHOOL - Mamasolixova Zubayda 40% (1).csv line 10,,,,,,,
STU-00392,2026-05-01,270000,UZS,Cash,,RCPT-N-01089,Completed,Tuition,May tuition; source: TEMURBEK SCHOOL - Mamasolixova Zubayda 40% (1).csv line 10,,,,,,,
STU-00392,2026-06-01,270000,UZS,Cash,,RCPT-N-01090,Completed,Tuition,Iyun tuition; source: TEMURBEK SCHOOL - Mamasolixova Zubayda 40% (1).csv line 10,,,,,,,
STU-00393,2026-04-01,270000,UZS,Cash,,RCPT-N-01091,Completed,Tuition,Aprel tuition; source: TEMURBEK SCHOOL - Mamasolixova Zubayda 40% (1).csv line 11,,,,,,,
STU-00393,2026-05-01,270000,UZS,Cash,,RCPT-N-01092,Completed,Tuition,May tuition; source: TEMURBEK SCHOOL - Mamasolixova Zubayda 40% (1).csv line 11,,,,,,,
STU-00393,2026-06-01,270000,UZS,Cash,,RCPT-N-01093,Completed,Tuition,Iyun tuition; source: TEMURBEK SCHOOL - Mamasolixova Zubayda 40% (1).csv line 11,,,,,,,
STU-00394,2026-04-01,150000,UZS,Cash,,RCPT-N-01094,Completed,Tuition,Aprel tuition; source: TEMURBEK SCHOOL - Mamasolixova Zubayda 40% (1).csv line 12,monthly_discount,fixed,120000,270000,120000,150000,true
STU-00394,2026-05-01,270000,UZS,Cash,,RCPT-N-01095,Completed,Tuition,May tuition; source: TEMURBEK SCHOOL - Mamasolixova Zubayda 40% (1).csv line 12,,,,,,,
STU-00394,2026-06-01,300000,UZS,Cash,,RCPT-N-01096,Completed,Tuition,Iyun tuition; source: TEMURBEK SCHOOL - Mamasolixova Zubayda 40% (1).csv line 12,,,,,,,
STU-00395,2026-04-01,200000,UZS,Cash,,RCPT-N-01097,Completed,Tuition,Aprel tuition; source: TEMURBEK SCHOOL - Mamasolixova Zubayda 40% (1).csv line 13,monthly_discount,fixed,70000,270000,70000,200000,true
STU-00395,2026-05-01,270000,UZS,Cash,,RCPT-N-01098,Completed,Tuition,May tuition; source: TEMURBEK SCHOOL - Mamasolixova Zubayda 40% (1).csv line 13,,,,,,,
STU-00395,2026-06-01,320000,UZS,Cash,,RCPT-N-01099,Completed,Tuition,Iyun tuition; source: TEMURBEK SCHOOL - Mamasolixova Zubayda 40% (1).csv line 13,,,,,,,
STU-00396,2026-04-01,200000,UZS,Cash,,RCPT-N-01100,Completed,Tuition,Aprel tuition; source: TEMURBEK SCHOOL - Mamasolixova Zubayda 40% (1).csv line 14,monthly_discount,fixed,70000,270000,70000,200000,true
STU-00396,2026-05-01,270000,UZS,Cash,,RCPT-N-01101,Completed,Tuition,May tuition; source: TEMURBEK SCHOOL - Mamasolixova Zubayda 40% (1).csv line 14,,,,,,,
STU-00396,2026-06-01,270000,UZS,Cash,,RCPT-N-01102,Completed,Tuition,Iyun tuition; source: TEMURBEK SCHOOL - Mamasolixova Zubayda 40% (1).csv line 14,,,,,,,
STU-00397,2026-04-01,180000,UZS,Cash,,RCPT-N-01103,Completed,Tuition,Aprel tuition; source: TEMURBEK SCHOOL - Mamasolixova Zubayda 40% (1).csv line 15,monthly_discount,fixed,90000,270000,90000,180000,true
STU-00397,2026-05-01,270000,UZS,Cash,,RCPT-N-01104,Completed,Tuition,May tuition; source: TEMURBEK SCHOOL - Mamasolixova Zubayda 40% (1).csv line 15,,,,,,,
STU-00397,2026-06-01,300000,UZS,Cash,,RCPT-N-01105,Completed,Tuition,Iyun tuition; source: TEMURBEK SCHOOL - Mamasolixova Zubayda 40% (1).csv line 15,,,,,,,
STU-00398,2026-04-01,90000,UZS,Cash,,RCPT-N-01106,Completed,Tuition,Aprel tuition; source: TEMURBEK SCHOOL - Mamasolixova Zubayda 40% (1).csv line 16,monthly_discount,fixed,180000,270000,180000,90000,true
STU-00398,2026-05-01,280000,UZS,Cash,,RCPT-N-01107,Completed,Tuition,May tuition; source: TEMURBEK SCHOOL - Mamasolixova Zubayda 40% (1).csv line 16,,,,,,,
STU-00398,2026-06-01,280000,UZS,Cash,,RCPT-N-01108,Completed,Tuition,Iyun tuition; source: TEMURBEK SCHOOL - Mamasolixova Zubayda 40% (1).csv line 16,,,,,,,
STU-00399,2026-04-01,90000,UZS,Cash,,RCPT-N-01109,Completed,Tuition,Aprel tuition; source: TEMURBEK SCHOOL - Mamasolixova Zubayda 40% (1).csv line 17,monthly_discount,fixed,180000,270000,180000,90000,true
STU-00399,2026-05-01,280000,UZS,Cash,,RCPT-N-01110,Completed,Tuition,May tuition; source: TEMURBEK SCHOOL - Mamasolixova Zubayda 40% (1).csv line 17,,,,,,,
STU-00399,2026-06-01,280000,UZS,Cash,,RCPT-N-01111,Completed,Tuition,Iyun tuition; source: TEMURBEK SCHOOL - Mamasolixova Zubayda 40% (1).csv line 17,,,,,,,
STU-00400,2026-05-01,270000,UZS,Cash,,RCPT-N-01112,Completed,Tuition,May tuition; source: TEMURBEK SCHOOL - Mamasolixova Zubayda 40% (1).csv line 18,,,,,,,
STU-00404,2026-06-01,300000,UZS,Cash,,RCPT-N-01113,Completed,Tuition,Iyun tuition; source: TEMURBEK SCHOOL - Mamasolixova Zubayda 40% (1).csv line 24,,,,,,,
STU-00405,2026-06-01,300000,UZS,Cash,,RCPT-N-01114,Completed,Tuition,Iyun tuition; source: TEMURBEK SCHOOL - Mamasolixova Zubayda 40% (1).csv line 25,,,,,,,
STU-00406,2026-06-01,300000,UZS,Cash,,RCPT-N-01115,Completed,Tuition,Iyun tuition; source: TEMURBEK SCHOOL - Mamasolixova Zubayda 40% (1).csv line 26,,,,,,,
STU-00413,2026-06-01,300000,UZS,Cash,,RCPT-N-01116,Completed,Tuition,Iyun tuition; source: TEMURBEK SCHOOL - Mamasolixova Zubayda 40% (1).csv line 33,,,,,,,
STU-00420,2025-12-01,125000,UZS,Cash,,RCPT-N-01117,Completed,Tuition,Dekabr tuition; source: TEMURBEK SCHOOL - Meliqulov Ibrohim 50%.csv line 6,monthly_discount,fixed,145000,270000,145000,125000,true
STU-00420,2026-01-01,250000,UZS,Cash,,RCPT-N-01118,Completed,Tuition,Yanvar tuition; source: TEMURBEK SCHOOL - Meliqulov Ibrohim 50%.csv line 6,serial_discount,fixed,20000,270000,20000,250000,true
STU-00420,2026-02-01,250000,UZS,Cash,,RCPT-N-01119,Completed,Tuition,Fevral tuition; source: TEMURBEK SCHOOL - Meliqulov Ibrohim 50%.csv line 6,serial_discount,fixed,20000,270000,20000,250000,true
STU-00420,2026-03-01,250000,UZS,Cash,,RCPT-N-01120,Completed,Tuition,Mart tuition; source: TEMURBEK SCHOOL - Meliqulov Ibrohim 50%.csv line 6,serial_discount,fixed,20000,270000,20000,250000,true
STU-00420,2026-04-01,250000,UZS,Cash,,RCPT-N-01121,Completed,Tuition,Aprel tuition; source: TEMURBEK SCHOOL - Meliqulov Ibrohim 50%.csv line 6,serial_discount,fixed,20000,270000,20000,250000,true
STU-00420,2026-05-01,250000,UZS,Cash,,RCPT-N-01122,Completed,Tuition,May tuition; source: TEMURBEK SCHOOL - Meliqulov Ibrohim 50%.csv line 6,serial_discount,fixed,20000,270000,20000,250000,true
STU-00421,2025-12-01,270000,UZS,Cash,,RCPT-N-01123,Completed,Tuition,Dekabr tuition; source: TEMURBEK SCHOOL - Meliqulov Ibrohim 50%.csv line 7,,,,,,,
STU-00421,2026-01-01,270000,UZS,Cash,,RCPT-N-01124,Completed,Tuition,Yanvar tuition; source: TEMURBEK SCHOOL - Meliqulov Ibrohim 50%.csv line 7,,,,,,,
STU-00421,2026-02-01,270000,UZS,Cash,,RCPT-N-01125,Completed,Tuition,Fevral tuition; source: TEMURBEK SCHOOL - Meliqulov Ibrohim 50%.csv line 7,,,,,,,
STU-00421,2026-03-01,270000,UZS,Cash,,RCPT-N-01126,Completed,Tuition,Mart tuition; source: TEMURBEK SCHOOL - Meliqulov Ibrohim 50%.csv line 7,,,,,,,
STU-00421,2026-04-01,270000,UZS,Cash,,RCPT-N-01127,Completed,Tuition,Aprel tuition; source: TEMURBEK SCHOOL - Meliqulov Ibrohim 50%.csv line 7,,,,,,,
STU-00421,2026-05-01,270000,UZS,Cash,,RCPT-N-01128,Completed,Tuition,May tuition; source: TEMURBEK SCHOOL - Meliqulov Ibrohim 50%.csv line 7,,,,,,,
STU-00422,2025-12-01,250000,UZS,Cash,,RCPT-N-01129,Completed,Tuition,Dekabr tuition; source: TEMURBEK SCHOOL - Meliqulov Ibrohim 50%.csv line 8,monthly_discount,fixed,20000,270000,20000,250000,true
STU-00422,2026-01-01,250000,UZS,Cash,,RCPT-N-01130,Completed,Tuition,Yanvar tuition; source: TEMURBEK SCHOOL - Meliqulov Ibrohim 50%.csv line 8,monthly_discount,fixed,20000,270000,20000,250000,true
STU-00422,2026-02-01,250000,UZS,Cash,,RCPT-N-01131,Completed,Tuition,Fevral tuition; source: TEMURBEK SCHOOL - Meliqulov Ibrohim 50%.csv line 8,monthly_discount,fixed,20000,270000,20000,250000,true
STU-00422,2026-03-01,250000,UZS,Cash,,RCPT-N-01132,Completed,Tuition,Mart tuition; source: TEMURBEK SCHOOL - Meliqulov Ibrohim 50%.csv line 8,monthly_discount,fixed,20000,270000,20000,250000,true
STU-00422,2026-04-01,250000,UZS,Cash,,RCPT-N-01133,Completed,Tuition,Aprel tuition; source: TEMURBEK SCHOOL - Meliqulov Ibrohim 50%.csv line 8,monthly_discount,fixed,20000,270000,20000,250000,true
STU-00422,2026-05-01,270000,UZS,Cash,,RCPT-N-01134,Completed,Tuition,May tuition; source: TEMURBEK SCHOOL - Meliqulov Ibrohim 50%.csv line 8,,,,,,,
STU-00423,2026-01-01,65000,UZS,Cash,,RCPT-N-01135,Completed,Tuition,Yanvar tuition; source: TEMURBEK SCHOOL - Meliqulov Ibrohim 50%.csv line 9,monthly_discount,fixed,205000,270000,205000,65000,true
STU-00423,2026-02-01,270000,UZS,Cash,,RCPT-N-01136,Completed,Tuition,Fevral tuition; source: TEMURBEK SCHOOL - Meliqulov Ibrohim 50%.csv line 9,,,,,,,
STU-00423,2026-03-01,270000,UZS,Cash,,RCPT-N-01137,Completed,Tuition,Mart tuition; source: TEMURBEK SCHOOL - Meliqulov Ibrohim 50%.csv line 9,,,,,,,
STU-00423,2026-04-01,270000,UZS,Cash,,RCPT-N-01138,Completed,Tuition,Aprel tuition; source: TEMURBEK SCHOOL - Meliqulov Ibrohim 50%.csv line 9,,,,,,,
STU-00423,2026-05-01,270000,UZS,Cash,,RCPT-N-01139,Completed,Tuition,May tuition; source: TEMURBEK SCHOOL - Meliqulov Ibrohim 50%.csv line 9,,,,,,,
STU-00424,2026-02-01,270000,UZS,Cash,,RCPT-N-01140,Completed,Tuition,Fevral tuition; source: TEMURBEK SCHOOL - Meliqulov Ibrohim 50%.csv line 10,,,,,,,
STU-00424,2026-03-01,270000,UZS,Cash,,RCPT-N-01141,Completed,Tuition,Mart tuition; source: TEMURBEK SCHOOL - Meliqulov Ibrohim 50%.csv line 10,,,,,,,
STU-00424,2026-04-01,270000,UZS,Cash,,RCPT-N-01142,Completed,Tuition,Aprel tuition; source: TEMURBEK SCHOOL - Meliqulov Ibrohim 50%.csv line 10,,,,,,,
STU-00424,2026-05-01,270000,UZS,Cash,,RCPT-N-01143,Completed,Tuition,May tuition; source: TEMURBEK SCHOOL - Meliqulov Ibrohim 50%.csv line 10,,,,,,,
STU-00425,2025-12-01,125000,UZS,Cash,,RCPT-N-01144,Completed,Tuition,Dekabr tuition; source: TEMURBEK SCHOOL - Meliqulov Ibrohim 50%.csv line 11,monthly_discount,fixed,145000,270000,145000,125000,true
STU-00425,2026-01-01,250000,UZS,Cash,,RCPT-N-01145,Completed,Tuition,Yanvar tuition; source: TEMURBEK SCHOOL - Meliqulov Ibrohim 50%.csv line 11,serial_discount,fixed,20000,270000,20000,250000,true
STU-00425,2026-02-01,250000,UZS,Cash,,RCPT-N-01146,Completed,Tuition,Fevral tuition; source: TEMURBEK SCHOOL - Meliqulov Ibrohim 50%.csv line 11,serial_discount,fixed,20000,270000,20000,250000,true
STU-00425,2026-03-01,250000,UZS,Cash,,RCPT-N-01147,Completed,Tuition,Mart tuition; source: TEMURBEK SCHOOL - Meliqulov Ibrohim 50%.csv line 11,serial_discount,fixed,20000,270000,20000,250000,true
STU-00425,2026-04-01,250000,UZS,Cash,,RCPT-N-01148,Completed,Tuition,Aprel tuition; source: TEMURBEK SCHOOL - Meliqulov Ibrohim 50%.csv line 11,serial_discount,fixed,20000,270000,20000,250000,true
STU-00425,2026-05-01,250000,UZS,Cash,,RCPT-N-01149,Completed,Tuition,May tuition; source: TEMURBEK SCHOOL - Meliqulov Ibrohim 50%.csv line 11,serial_discount,fixed,20000,270000,20000,250000,true
STU-00426,2026-02-01,110000,UZS,Cash,,RCPT-N-01150,Completed,Tuition,Fevral tuition; source: TEMURBEK SCHOOL - Meliqulov Ibrohim 50%.csv line 12,monthly_discount,fixed,160000,270000,160000,110000,true
STU-00426,2026-03-01,260000,UZS,Cash,,RCPT-N-01151,Completed,Tuition,Mart tuition; source: TEMURBEK SCHOOL - Meliqulov Ibrohim 50%.csv line 12,serial_discount,fixed,10000,270000,10000,260000,true
STU-00426,2026-04-01,135000,UZS,Cash,,RCPT-N-01152,Completed,Tuition,Aprel tuition; source: TEMURBEK SCHOOL - Meliqulov Ibrohim 50%.csv line 12,monthly_discount,fixed,135000,270000,135000,135000,true
STU-00426,2026-05-01,260000,UZS,Cash,,RCPT-N-01153,Completed,Tuition,May tuition; source: TEMURBEK SCHOOL - Meliqulov Ibrohim 50%.csv line 12,serial_discount,fixed,10000,270000,10000,260000,true
STU-00427,2026-02-01,110000,UZS,Cash,,RCPT-N-01154,Completed,Tuition,Fevral tuition; source: TEMURBEK SCHOOL - Meliqulov Ibrohim 50%.csv line 13,monthly_discount,fixed,160000,270000,160000,110000,true
STU-00427,2026-03-01,260000,UZS,Cash,,RCPT-N-01155,Completed,Tuition,Mart tuition; source: TEMURBEK SCHOOL - Meliqulov Ibrohim 50%.csv line 13,serial_discount,fixed,10000,270000,10000,260000,true
STU-00427,2026-04-01,135000,UZS,Cash,,RCPT-N-01156,Completed,Tuition,Aprel tuition; source: TEMURBEK SCHOOL - Meliqulov Ibrohim 50%.csv line 13,monthly_discount,fixed,135000,270000,135000,135000,true
STU-00427,2026-05-01,260000,UZS,Cash,,RCPT-N-01157,Completed,Tuition,May tuition; source: TEMURBEK SCHOOL - Meliqulov Ibrohim 50%.csv line 13,serial_discount,fixed,10000,270000,10000,260000,true
STU-00428,2026-04-01,250000,UZS,Cash,,RCPT-N-01158,Completed,Tuition,Aprel tuition; source: TEMURBEK SCHOOL - Meliqulov Ibrohim 50%.csv line 14,serial_discount,fixed,20000,270000,20000,250000,true
STU-00428,2026-05-01,250000,UZS,Cash,,RCPT-N-01159,Completed,Tuition,May tuition; source: TEMURBEK SCHOOL - Meliqulov Ibrohim 50%.csv line 14,serial_discount,fixed,20000,270000,20000,250000,true
STU-00429,2026-04-01,250000,UZS,Cash,,RCPT-N-01160,Completed,Tuition,Aprel tuition; source: TEMURBEK SCHOOL - Meliqulov Ibrohim 50%.csv line 15,serial_discount,fixed,20000,270000,20000,250000,true
STU-00429,2026-05-01,250000,UZS,Cash,,RCPT-N-01161,Completed,Tuition,May tuition; source: TEMURBEK SCHOOL - Meliqulov Ibrohim 50%.csv line 15,serial_discount,fixed,20000,270000,20000,250000,true
STU-00430,2026-05-01,270000,UZS,Cash,,RCPT-N-01162,Completed,Tuition,May tuition; source: TEMURBEK SCHOOL - Meliqulov Ibrohim 50%.csv line 16,,,,,,,
STU-00431,2026-04-01,270000,UZS,Cash,,RCPT-N-01163,Completed,Tuition,Aprel tuition; source: TEMURBEK SCHOOL - Meliqulov Ibrohim 50%.csv line 17,,,,,,,
STU-00431,2026-05-01,270000,UZS,Cash,,RCPT-N-01164,Completed,Tuition,May tuition; source: TEMURBEK SCHOOL - Meliqulov Ibrohim 50%.csv line 17,,,,,,,
STU-00432,2026-04-01,270000,UZS,Cash,,RCPT-N-01165,Completed,Tuition,Aprel tuition; source: TEMURBEK SCHOOL - Meliqulov Ibrohim 50%.csv line 18,,,,,,,
STU-00432,2026-05-01,156000,UZS,Cash,,RCPT-N-01166,Completed,Tuition,May tuition; source: TEMURBEK SCHOOL - Meliqulov Ibrohim 50%.csv line 18,monthly_discount,fixed,114000,270000,114000,156000,true
STU-00433,2026-04-01,135000,UZS,Cash,,RCPT-N-01167,Completed,Tuition,Aprel tuition; source: TEMURBEK SCHOOL - Meliqulov Ibrohim 50%.csv line 19,monthly_discount,fixed,135000,270000,135000,135000,true
STU-00433,2026-05-01,270000,UZS,Cash,,RCPT-N-01168,Completed,Tuition,May tuition; source: TEMURBEK SCHOOL - Meliqulov Ibrohim 50%.csv line 19,,,,,,,
STU-00434,2026-04-01,110000,UZS,Cash,,RCPT-N-01169,Completed,Tuition,Aprel tuition; source: TEMURBEK SCHOOL - Meliqulov Ibrohim 50%.csv line 20,monthly_discount,fixed,160000,270000,160000,110000,true
STU-00434,2026-05-01,270000,UZS,Cash,,RCPT-N-01170,Completed,Tuition,May tuition; source: TEMURBEK SCHOOL - Meliqulov Ibrohim 50%.csv line 20,,,,,,,
STU-00435,2025-12-01,270000,UZS,Cash,,RCPT-N-01171,Completed,Tuition,Dekabr tuition; source: TEMURBEK SCHOOL - Meliqulov Ibrohim 50%.csv line 21,,,,,,,
STU-00435,2026-01-01,270000,UZS,Cash,,RCPT-N-01172,Completed,Tuition,Yanvar tuition; source: TEMURBEK SCHOOL - Meliqulov Ibrohim 50%.csv line 21,,,,,,,
STU-00435,2026-02-01,270000,UZS,Cash,,RCPT-N-01173,Completed,Tuition,Fevral tuition; source: TEMURBEK SCHOOL - Meliqulov Ibrohim 50%.csv line 21,,,,,,,
STU-00435,2026-03-01,270000,UZS,Cash,,RCPT-N-01174,Completed,Tuition,Mart tuition; source: TEMURBEK SCHOOL - Meliqulov Ibrohim 50%.csv line 21,,,,,,,
STU-00435,2026-04-01,270000,UZS,Cash,,RCPT-N-01175,Completed,Tuition,Aprel tuition; source: TEMURBEK SCHOOL - Meliqulov Ibrohim 50%.csv line 21,,,,,,,
STU-00435,2026-05-01,270000,UZS,Cash,,RCPT-N-01176,Completed,Tuition,May tuition; source: TEMURBEK SCHOOL - Meliqulov Ibrohim 50%.csv line 21,,,,,,,
STU-00436,2026-04-01,110000,UZS,Cash,,RCPT-N-01177,Completed,Tuition,Aprel tuition; source: TEMURBEK SCHOOL - Meliqulov Ibrohim 50%.csv line 22,monthly_discount,fixed,160000,270000,160000,110000,true
STU-00436,2026-05-01,270000,UZS,Cash,,RCPT-N-01178,Completed,Tuition,May tuition; source: TEMURBEK SCHOOL - Meliqulov Ibrohim 50%.csv line 22,,,,,,,
STU-00437,2026-04-01,270000,UZS,Cash,,RCPT-N-01179,Completed,Tuition,Aprel tuition; source: TEMURBEK SCHOOL - Meliqulov Ibrohim 50%.csv line 23,,,,,,,
STU-00437,2026-05-01,270000,UZS,Cash,,RCPT-N-01180,Completed,Tuition,May tuition; source: TEMURBEK SCHOOL - Meliqulov Ibrohim 50%.csv line 23,,,,,,,
STU-00438,2026-05-01,270000,UZS,Cash,,RCPT-N-01181,Completed,Tuition,May tuition; source: TEMURBEK SCHOOL - Meliqulov Ibrohim 50%.csv line 24,,,,,,,
STU-00439,2026-04-01,270000,UZS,Cash,,RCPT-N-01182,Completed,Tuition,Aprel tuition; source: TEMURBEK SCHOOL - Meliqulov Ibrohim 50%.csv line 25,,,,,,,
STU-00439,2026-05-01,90000,UZS,Cash,,RCPT-N-01183,Completed,Tuition,May tuition; source: TEMURBEK SCHOOL - Meliqulov Ibrohim 50%.csv line 25,monthly_discount,fixed,180000,270000,180000,90000,true
STU-00440,2026-04-01,260000,UZS,Cash,,RCPT-N-01184,Completed,Tuition,Aprel tuition; source: TEMURBEK SCHOOL - Meliqulov Ibrohim 50%.csv line 26,monthly_discount,fixed,10000,270000,10000,260000,true
STU-00441,2025-12-01,260000,UZS,Cash,,RCPT-N-01185,Completed,Tuition,Dekabr tuition; source: TEMURBEK SCHOOL - Meliqulov Ibrohim 50%.csv line 27,monthly_discount,fixed,10000,270000,10000,260000,true
STU-00441,2026-01-01,130000,UZS,Cash,,RCPT-N-01186,Completed,Tuition,Yanvar tuition; source: TEMURBEK SCHOOL - Meliqulov Ibrohim 50%.csv line 27,monthly_discount,fixed,140000,270000,140000,130000,true
STU-00441,2026-02-01,260000,UZS,Cash,,RCPT-N-01187,Completed,Tuition,Fevral tuition; source: TEMURBEK SCHOOL - Meliqulov Ibrohim 50%.csv line 27,monthly_discount,fixed,10000,270000,10000,260000,true
STU-00441,2026-03-01,260000,UZS,Cash,,RCPT-N-01188,Completed,Tuition,Mart tuition; source: TEMURBEK SCHOOL - Meliqulov Ibrohim 50%.csv line 27,monthly_discount,fixed,10000,270000,10000,260000,true
STU-00441,2026-04-01,270000,UZS,Cash,,RCPT-N-01189,Completed,Tuition,Aprel tuition; source: TEMURBEK SCHOOL - Meliqulov Ibrohim 50%.csv line 27,,,,,,,
STU-00442,2026-01-01,50000,UZS,Cash,,RCPT-N-01190,Completed,Tuition,Yanvar tuition; source: TEMURBEK SCHOOL - Meliqulov Ibrohim 50%.csv line 28,monthly_discount,fixed,220000,270000,220000,50000,true
STU-00442,2026-02-01,270000,UZS,Cash,,RCPT-N-01191,Completed,Tuition,Fevral tuition; source: TEMURBEK SCHOOL - Meliqulov Ibrohim 50%.csv line 28,,,,,,,
STU-00442,2026-03-01,270000,UZS,Cash,,RCPT-N-01192,Completed,Tuition,Mart tuition; source: TEMURBEK SCHOOL - Meliqulov Ibrohim 50%.csv line 28,,,,,,,
STU-00442,2026-04-01,270000,UZS,Cash,,RCPT-N-01193,Completed,Tuition,Aprel tuition; source: TEMURBEK SCHOOL - Meliqulov Ibrohim 50%.csv line 28,,,,,,,
STU-00444,2025-12-01,250000,UZS,Cash,,RCPT-N-01194,Completed,Tuition,Dekabr tuition; source: TEMURBEK SCHOOL - Meliqulov Ibrohim 50%.csv line 33,serial_discount,fixed,20000,270000,20000,250000,true
STU-00444,2026-01-01,250000,UZS,Cash,,RCPT-N-01195,Completed,Tuition,Yanvar tuition; source: TEMURBEK SCHOOL - Meliqulov Ibrohim 50%.csv line 33,serial_discount,fixed,20000,270000,20000,250000,true
STU-00444,2026-02-01,250000,UZS,Cash,,RCPT-N-01196,Completed,Tuition,Fevral tuition; source: TEMURBEK SCHOOL - Meliqulov Ibrohim 50%.csv line 33,serial_discount,fixed,20000,270000,20000,250000,true
STU-00444,2026-03-01,250000,UZS,Cash,,RCPT-N-01197,Completed,Tuition,Mart tuition; source: TEMURBEK SCHOOL - Meliqulov Ibrohim 50%.csv line 33,serial_discount,fixed,20000,270000,20000,250000,true
STU-00444,2026-04-01,250000,UZS,Cash,,RCPT-N-01198,Completed,Tuition,Aprel tuition; source: TEMURBEK SCHOOL - Meliqulov Ibrohim 50%.csv line 33,serial_discount,fixed,20000,270000,20000,250000,true
STU-00444,2026-05-01,250000,UZS,Cash,,RCPT-N-01199,Completed,Tuition,May tuition; source: TEMURBEK SCHOOL - Meliqulov Ibrohim 50%.csv line 33,serial_discount,fixed,20000,270000,20000,250000,true
STU-00445,2025-12-01,250000,UZS,Cash,,RCPT-N-01200,Completed,Tuition,Dekabr tuition; source: TEMURBEK SCHOOL - Meliqulov Ibrohim 50%.csv line 34,serial_discount,fixed,20000,270000,20000,250000,true
STU-00445,2026-01-01,250000,UZS,Cash,,RCPT-N-01201,Completed,Tuition,Yanvar tuition; source: TEMURBEK SCHOOL - Meliqulov Ibrohim 50%.csv line 34,serial_discount,fixed,20000,270000,20000,250000,true
STU-00445,2026-02-01,250000,UZS,Cash,,RCPT-N-01202,Completed,Tuition,Fevral tuition; source: TEMURBEK SCHOOL - Meliqulov Ibrohim 50%.csv line 34,serial_discount,fixed,20000,270000,20000,250000,true
STU-00445,2026-03-01,250000,UZS,Cash,,RCPT-N-01203,Completed,Tuition,Mart tuition; source: TEMURBEK SCHOOL - Meliqulov Ibrohim 50%.csv line 34,serial_discount,fixed,20000,270000,20000,250000,true
STU-00445,2026-04-01,250000,UZS,Cash,,RCPT-N-01204,Completed,Tuition,Aprel tuition; source: TEMURBEK SCHOOL - Meliqulov Ibrohim 50%.csv line 34,serial_discount,fixed,20000,270000,20000,250000,true
STU-00445,2026-05-01,250000,UZS,Cash,,RCPT-N-01205,Completed,Tuition,May tuition; source: TEMURBEK SCHOOL - Meliqulov Ibrohim 50%.csv line 34,serial_discount,fixed,20000,270000,20000,250000,true
STU-00446,2025-12-01,250000,UZS,Cash,,RCPT-N-01206,Completed,Tuition,Dekabr tuition; source: TEMURBEK SCHOOL - Meliqulov Ibrohim 50%.csv line 35,serial_discount,fixed,20000,270000,20000,250000,true
STU-00446,2026-01-01,250000,UZS,Cash,,RCPT-N-01207,Completed,Tuition,Yanvar tuition; source: TEMURBEK SCHOOL - Meliqulov Ibrohim 50%.csv line 35,serial_discount,fixed,20000,270000,20000,250000,true
STU-00446,2026-02-01,250000,UZS,Cash,,RCPT-N-01208,Completed,Tuition,Fevral tuition; source: TEMURBEK SCHOOL - Meliqulov Ibrohim 50%.csv line 35,serial_discount,fixed,20000,270000,20000,250000,true
STU-00446,2026-03-01,250000,UZS,Cash,,RCPT-N-01209,Completed,Tuition,Mart tuition; source: TEMURBEK SCHOOL - Meliqulov Ibrohim 50%.csv line 35,serial_discount,fixed,20000,270000,20000,250000,true
STU-00446,2026-04-01,250000,UZS,Cash,,RCPT-N-01210,Completed,Tuition,Aprel tuition; source: TEMURBEK SCHOOL - Meliqulov Ibrohim 50%.csv line 35,serial_discount,fixed,20000,270000,20000,250000,true
STU-00446,2026-05-01,250000,UZS,Cash,,RCPT-N-01211,Completed,Tuition,May tuition; source: TEMURBEK SCHOOL - Meliqulov Ibrohim 50%.csv line 35,serial_discount,fixed,20000,270000,20000,250000,true
STU-00447,2025-12-01,250000,UZS,Cash,,RCPT-N-01212,Completed,Tuition,Dekabr tuition; source: TEMURBEK SCHOOL - Meliqulov Ibrohim 50%.csv line 36,serial_discount,fixed,20000,270000,20000,250000,true
STU-00447,2026-01-01,250000,UZS,Cash,,RCPT-N-01213,Completed,Tuition,Yanvar tuition; source: TEMURBEK SCHOOL - Meliqulov Ibrohim 50%.csv line 36,serial_discount,fixed,20000,270000,20000,250000,true
STU-00447,2026-02-01,250000,UZS,Cash,,RCPT-N-01214,Completed,Tuition,Fevral tuition; source: TEMURBEK SCHOOL - Meliqulov Ibrohim 50%.csv line 36,serial_discount,fixed,20000,270000,20000,250000,true
STU-00447,2026-03-01,250000,UZS,Cash,,RCPT-N-01215,Completed,Tuition,Mart tuition; source: TEMURBEK SCHOOL - Meliqulov Ibrohim 50%.csv line 36,serial_discount,fixed,20000,270000,20000,250000,true
STU-00447,2026-04-01,250000,UZS,Cash,,RCPT-N-01216,Completed,Tuition,Aprel tuition; source: TEMURBEK SCHOOL - Meliqulov Ibrohim 50%.csv line 36,serial_discount,fixed,20000,270000,20000,250000,true
STU-00447,2026-05-01,250000,UZS,Cash,,RCPT-N-01217,Completed,Tuition,May tuition; source: TEMURBEK SCHOOL - Meliqulov Ibrohim 50%.csv line 36,serial_discount,fixed,20000,270000,20000,250000,true
STU-00448,2025-12-01,260000,UZS,Cash,,RCPT-N-01218,Completed,Tuition,Dekabr tuition; source: TEMURBEK SCHOOL - Meliqulov Ibrohim 50%.csv line 37,serial_discount,fixed,10000,270000,10000,260000,true
STU-00448,2026-01-01,260000,UZS,Cash,,RCPT-N-01219,Completed,Tuition,Yanvar tuition; source: TEMURBEK SCHOOL - Meliqulov Ibrohim 50%.csv line 37,serial_discount,fixed,10000,270000,10000,260000,true
STU-00448,2026-02-01,260000,UZS,Cash,,RCPT-N-01220,Completed,Tuition,Fevral tuition; source: TEMURBEK SCHOOL - Meliqulov Ibrohim 50%.csv line 37,serial_discount,fixed,10000,270000,10000,260000,true
STU-00448,2026-03-01,260000,UZS,Cash,,RCPT-N-01221,Completed,Tuition,Mart tuition; source: TEMURBEK SCHOOL - Meliqulov Ibrohim 50%.csv line 37,serial_discount,fixed,10000,270000,10000,260000,true
STU-00448,2026-04-01,250000,UZS,Cash,,RCPT-N-01222,Completed,Tuition,Aprel tuition; source: TEMURBEK SCHOOL - Meliqulov Ibrohim 50%.csv line 37,monthly_discount,fixed,20000,270000,20000,250000,true
STU-00448,2026-05-01,260000,UZS,Cash,,RCPT-N-01223,Completed,Tuition,May tuition; source: TEMURBEK SCHOOL - Meliqulov Ibrohim 50%.csv line 37,serial_discount,fixed,10000,270000,10000,260000,true
STU-00449,2025-12-01,260000,UZS,Cash,,RCPT-N-01224,Completed,Tuition,Dekabr tuition; source: TEMURBEK SCHOOL - Meliqulov Ibrohim 50%.csv line 38,serial_discount,fixed,10000,270000,10000,260000,true
STU-00449,2026-01-01,260000,UZS,Cash,,RCPT-N-01225,Completed,Tuition,Yanvar tuition; source: TEMURBEK SCHOOL - Meliqulov Ibrohim 50%.csv line 38,serial_discount,fixed,10000,270000,10000,260000,true
STU-00449,2026-02-01,260000,UZS,Cash,,RCPT-N-01226,Completed,Tuition,Fevral tuition; source: TEMURBEK SCHOOL - Meliqulov Ibrohim 50%.csv line 38,serial_discount,fixed,10000,270000,10000,260000,true
STU-00449,2026-03-01,260000,UZS,Cash,,RCPT-N-01227,Completed,Tuition,Mart tuition; source: TEMURBEK SCHOOL - Meliqulov Ibrohim 50%.csv line 38,serial_discount,fixed,10000,270000,10000,260000,true
STU-00449,2026-04-01,270000,UZS,Cash,,RCPT-N-01228,Completed,Tuition,Aprel tuition; source: TEMURBEK SCHOOL - Meliqulov Ibrohim 50%.csv line 38,,,,,,,
STU-00449,2026-05-01,260000,UZS,Cash,,RCPT-N-01229,Completed,Tuition,May tuition; source: TEMURBEK SCHOOL - Meliqulov Ibrohim 50%.csv line 38,serial_discount,fixed,10000,270000,10000,260000,true
STU-00450,2026-05-01,260000,UZS,Cash,,RCPT-N-01230,Completed,Tuition,May tuition; source: TEMURBEK SCHOOL - Meliqulov Ibrohim 50%.csv line 39,monthly_discount,fixed,10000,270000,10000,260000,true
STU-00451,2025-12-01,200000,UZS,Cash,,RCPT-N-01231,Completed,Tuition,Dekabr tuition; source: TEMURBEK SCHOOL - Meliqulov Ibrohim 50%.csv line 40,monthly_discount,fixed,70000,270000,70000,200000,true
STU-00451,2026-01-01,270000,UZS,Cash,,RCPT-N-01232,Completed,Tuition,Yanvar tuition; source: TEMURBEK SCHOOL - Meliqulov Ibrohim 50%.csv line 40,,,,,,,
STU-00451,2026-02-01,270000,UZS,Cash,,RCPT-N-01233,Completed,Tuition,Fevral tuition; source: TEMURBEK SCHOOL - Meliqulov Ibrohim 50%.csv line 40,,,,,,,
STU-00451,2026-03-01,280000,UZS,Cash,,RCPT-N-01234,Completed,Tuition,Mart tuition; source: TEMURBEK SCHOOL - Meliqulov Ibrohim 50%.csv line 40,,,,,,,
STU-00451,2026-04-01,270000,UZS,Cash,,RCPT-N-01235,Completed,Tuition,Aprel tuition; source: TEMURBEK SCHOOL - Meliqulov Ibrohim 50%.csv line 40,,,,,,,
STU-00451,2026-05-01,270000,UZS,Cash,,RCPT-N-01236,Completed,Tuition,May tuition; source: TEMURBEK SCHOOL - Meliqulov Ibrohim 50%.csv line 40,,,,,,,
STU-00452,2025-12-01,260000,UZS,Cash,,RCPT-N-01237,Completed,Tuition,Dekabr tuition; source: TEMURBEK SCHOOL - Meliqulov Ibrohim 50%.csv line 41,serial_discount,fixed,10000,270000,10000,260000,true
STU-00452,2026-01-01,260000,UZS,Cash,,RCPT-N-01238,Completed,Tuition,Yanvar tuition; source: TEMURBEK SCHOOL - Meliqulov Ibrohim 50%.csv line 41,serial_discount,fixed,10000,270000,10000,260000,true
STU-00452,2026-02-01,260000,UZS,Cash,,RCPT-N-01239,Completed,Tuition,Fevral tuition; source: TEMURBEK SCHOOL - Meliqulov Ibrohim 50%.csv line 41,serial_discount,fixed,10000,270000,10000,260000,true
STU-00452,2026-03-01,260000,UZS,Cash,,RCPT-N-01240,Completed,Tuition,Mart tuition; source: TEMURBEK SCHOOL - Meliqulov Ibrohim 50%.csv line 41,serial_discount,fixed,10000,270000,10000,260000,true
STU-00452,2026-04-01,260000,UZS,Cash,,RCPT-N-01241,Completed,Tuition,Aprel tuition; source: TEMURBEK SCHOOL - Meliqulov Ibrohim 50%.csv line 41,serial_discount,fixed,10000,270000,10000,260000,true
STU-00452,2026-05-01,260000,UZS,Cash,,RCPT-N-01242,Completed,Tuition,May tuition; source: TEMURBEK SCHOOL - Meliqulov Ibrohim 50%.csv line 41,serial_discount,fixed,10000,270000,10000,260000,true
STU-00453,2025-12-01,270000,UZS,Cash,,RCPT-N-01243,Completed,Tuition,Dekabr tuition; source: TEMURBEK SCHOOL - Meliqulov Ibrohim 50%.csv line 42,,,,,,,
STU-00453,2026-01-01,270000,UZS,Cash,,RCPT-N-01244,Completed,Tuition,Yanvar tuition; source: TEMURBEK SCHOOL - Meliqulov Ibrohim 50%.csv line 42,,,,,,,
STU-00453,2026-02-01,270000,UZS,Cash,,RCPT-N-01245,Completed,Tuition,Fevral tuition; source: TEMURBEK SCHOOL - Meliqulov Ibrohim 50%.csv line 42,,,,,,,
STU-00453,2026-03-01,270000,UZS,Cash,,RCPT-N-01246,Completed,Tuition,Mart tuition; source: TEMURBEK SCHOOL - Meliqulov Ibrohim 50%.csv line 42,,,,,,,
STU-00453,2026-04-01,270000,UZS,Cash,,RCPT-N-01247,Completed,Tuition,Aprel tuition; source: TEMURBEK SCHOOL - Meliqulov Ibrohim 50%.csv line 42,,,,,,,
STU-00453,2026-05-01,270000,UZS,Cash,,RCPT-N-01248,Completed,Tuition,May tuition; source: TEMURBEK SCHOOL - Meliqulov Ibrohim 50%.csv line 42,,,,,,,
STU-00454,2025-12-01,250000,UZS,Cash,,RCPT-N-01249,Completed,Tuition,Dekabr tuition; source: TEMURBEK SCHOOL - Meliqulov Ibrohim 50%.csv line 43,monthly_discount,fixed,20000,270000,20000,250000,true
STU-00454,2026-01-01,260000,UZS,Cash,,RCPT-N-01250,Completed,Tuition,Yanvar tuition; source: TEMURBEK SCHOOL - Meliqulov Ibrohim 50%.csv line 43,serial_discount,fixed,10000,270000,10000,260000,true
STU-00454,2026-02-01,260000,UZS,Cash,,RCPT-N-01251,Completed,Tuition,Fevral tuition; source: TEMURBEK SCHOOL - Meliqulov Ibrohim 50%.csv line 43,serial_discount,fixed,10000,270000,10000,260000,true
STU-00454,2026-03-01,260000,UZS,Cash,,RCPT-N-01252,Completed,Tuition,Mart tuition; source: TEMURBEK SCHOOL - Meliqulov Ibrohim 50%.csv line 43,serial_discount,fixed,10000,270000,10000,260000,true
STU-00454,2026-04-01,260000,UZS,Cash,,RCPT-N-01253,Completed,Tuition,Aprel tuition; source: TEMURBEK SCHOOL - Meliqulov Ibrohim 50%.csv line 43,serial_discount,fixed,10000,270000,10000,260000,true
STU-00454,2026-05-01,260000,UZS,Cash,,RCPT-N-01254,Completed,Tuition,May tuition; source: TEMURBEK SCHOOL - Meliqulov Ibrohim 50%.csv line 43,serial_discount,fixed,10000,270000,10000,260000,true
STU-00455,2025-12-01,80000,UZS,Cash,,RCPT-N-01255,Completed,Tuition,Dekabr tuition; source: TEMURBEK SCHOOL - Meliqulov Ibrohim 50%.csv line 44,monthly_discount,fixed,190000,270000,190000,80000,true
STU-00455,2026-01-01,270000,UZS,Cash,,RCPT-N-01256,Completed,Tuition,Yanvar tuition; source: TEMURBEK SCHOOL - Meliqulov Ibrohim 50%.csv line 44,,,,,,,
STU-00455,2026-02-01,270000,UZS,Cash,,RCPT-N-01257,Completed,Tuition,Fevral tuition; source: TEMURBEK SCHOOL - Meliqulov Ibrohim 50%.csv line 44,,,,,,,
STU-00455,2026-03-01,270000,UZS,Cash,,RCPT-N-01258,Completed,Tuition,Mart tuition; source: TEMURBEK SCHOOL - Meliqulov Ibrohim 50%.csv line 44,,,,,,,
STU-00455,2026-04-01,260000,UZS,Cash,,RCPT-N-01259,Completed,Tuition,Aprel tuition; source: TEMURBEK SCHOOL - Meliqulov Ibrohim 50%.csv line 44,serial_discount,fixed,10000,270000,10000,260000,true
STU-00455,2026-05-01,260000,UZS,Cash,,RCPT-N-01260,Completed,Tuition,May tuition; source: TEMURBEK SCHOOL - Meliqulov Ibrohim 50%.csv line 44,serial_discount,fixed,10000,270000,10000,260000,true
STU-00456,2026-04-01,90000,UZS,Cash,,RCPT-N-01261,Completed,Tuition,Aprel tuition; source: TEMURBEK SCHOOL - Meliqulov Ibrohim 50%.csv line 45,monthly_discount,fixed,180000,270000,180000,90000,true
STU-00456,2026-05-01,270000,UZS,Cash,,RCPT-N-01262,Completed,Tuition,May tuition; source: TEMURBEK SCHOOL - Meliqulov Ibrohim 50%.csv line 45,,,,,,,
STU-00457,2026-04-01,270000,UZS,Cash,,RCPT-N-01263,Completed,Tuition,Aprel tuition; source: TEMURBEK SCHOOL - Meliqulov Ibrohim 50%.csv line 46,,,,,,,
STU-00457,2026-05-01,110000,UZS,Cash,,RCPT-N-01264,Completed,Tuition,May tuition; source: TEMURBEK SCHOOL - Meliqulov Ibrohim 50%.csv line 46,monthly_discount,fixed,160000,270000,160000,110000,true
STU-00458,2026-01-01,135000,UZS,Cash,,RCPT-N-01265,Completed,Tuition,Yanvar tuition; source: TEMURBEK SCHOOL - Meliqulov Ibrohim 50%.csv line 47,monthly_discount,fixed,135000,270000,135000,135000,true
STU-00458,2026-02-01,270000,UZS,Cash,,RCPT-N-01266,Completed,Tuition,Fevral tuition; source: TEMURBEK SCHOOL - Meliqulov Ibrohim 50%.csv line 47,,,,,,,
STU-00458,2026-03-01,270000,UZS,Cash,,RCPT-N-01267,Completed,Tuition,Mart tuition; source: TEMURBEK SCHOOL - Meliqulov Ibrohim 50%.csv line 47,,,,,,,
STU-00458,2026-04-01,270000,UZS,Cash,,RCPT-N-01268,Completed,Tuition,Aprel tuition; source: TEMURBEK SCHOOL - Meliqulov Ibrohim 50%.csv line 47,,,,,,,
STU-00458,2026-05-01,260000,UZS,Cash,,RCPT-N-01269,Completed,Tuition,May tuition; source: TEMURBEK SCHOOL - Meliqulov Ibrohim 50%.csv line 47,monthly_discount,fixed,10000,270000,10000,260000,true
STU-00525,2026-06-01,200000,UZS,Cash,,RCPT-N-01270,Completed,Tuition,Iyun tuition; source: TEMURBEK SCHOOL - Meliqulov Ibrohim 50%.csv line 200,monthly_discount,fixed,50000,250000,50000,200000,true
STU-00525,2026-07-01,250000,UZS,Cash,,RCPT-N-01271,Completed,Tuition,Iyul tuition; source: TEMURBEK SCHOOL - Meliqulov Ibrohim 50%.csv line 200,,,,,,,
STU-00525,2026-08-01,250000,UZS,Cash,,RCPT-N-01272,Completed,Tuition,Avgust tuition; source: TEMURBEK SCHOOL - Meliqulov Ibrohim 50%.csv line 200,,,,,,,
STU-00526,2026-06-01,200000,UZS,Cash,,RCPT-N-01273,Completed,Tuition,Iyun tuition; source: TEMURBEK SCHOOL - Meliqulov Ibrohim 50%.csv line 201,monthly_discount,fixed,50000,250000,50000,200000,true
STU-00526,2026-07-01,250000,UZS,Cash,,RCPT-N-01274,Completed,Tuition,Iyul tuition; source: TEMURBEK SCHOOL - Meliqulov Ibrohim 50%.csv line 201,,,,,,,
STU-00526,2026-08-01,250000,UZS,Cash,,RCPT-N-01275,Completed,Tuition,Avgust tuition; source: TEMURBEK SCHOOL - Meliqulov Ibrohim 50%.csv line 201,,,,,,,
STU-00527,2026-06-01,200000,UZS,Cash,,RCPT-N-01276,Completed,Tuition,Iyun tuition; source: TEMURBEK SCHOOL - Meliqulov Ibrohim 50%.csv line 202,monthly_discount,fixed,50000,250000,50000,200000,true
STU-00527,2026-07-01,250000,UZS,Cash,,RCPT-N-01277,Completed,Tuition,Iyul tuition; source: TEMURBEK SCHOOL - Meliqulov Ibrohim 50%.csv line 202,,,,,,,
STU-00527,2026-08-01,250000,UZS,Cash,,RCPT-N-01278,Completed,Tuition,Avgust tuition; source: TEMURBEK SCHOOL - Meliqulov Ibrohim 50%.csv line 202,,,,,,,
STU-00528,2026-06-01,260000,UZS,Cash,,RCPT-N-01279,Completed,Tuition,Iyun tuition; source: TEMURBEK SCHOOL - Meliqulov Ibrohim 50%.csv line 203,,,,,,,
STU-00528,2026-07-01,260000,UZS,Cash,,RCPT-N-01280,Completed,Tuition,Iyul tuition; source: TEMURBEK SCHOOL - Meliqulov Ibrohim 50%.csv line 203,,,,,,,
STU-00528,2026-08-01,260000,UZS,Cash,,RCPT-N-01281,Completed,Tuition,Avgust tuition; source: TEMURBEK SCHOOL - Meliqulov Ibrohim 50%.csv line 203,,,,,,,
STU-00529,2026-06-01,260000,UZS,Cash,,RCPT-N-01282,Completed,Tuition,Iyun tuition; source: TEMURBEK SCHOOL - Meliqulov Ibrohim 50%.csv line 204,,,,,,,
STU-00529,2026-07-01,260000,UZS,Cash,,RCPT-N-01283,Completed,Tuition,Iyul tuition; source: TEMURBEK SCHOOL - Meliqulov Ibrohim 50%.csv line 204,,,,,,,
STU-00529,2026-08-01,260000,UZS,Cash,,RCPT-N-01284,Completed,Tuition,Avgust tuition; source: TEMURBEK SCHOOL - Meliqulov Ibrohim 50%.csv line 204,,,,,,,
STU-00530,2026-06-01,200000,UZS,Cash,,RCPT-N-01285,Completed,Tuition,Iyun tuition; source: TEMURBEK SCHOOL - Meliqulov Ibrohim 50%.csv line 205,monthly_discount,fixed,50000,250000,50000,200000,true
STU-00530,2026-07-01,250000,UZS,Cash,,RCPT-N-01286,Completed,Tuition,Iyul tuition; source: TEMURBEK SCHOOL - Meliqulov Ibrohim 50%.csv line 205,,,,,,,
STU-00530,2026-08-01,250000,UZS,Cash,,RCPT-N-01287,Completed,Tuition,Avgust tuition; source: TEMURBEK SCHOOL - Meliqulov Ibrohim 50%.csv line 205,,,,,,,
STU-00531,2026-06-01,200000,UZS,Cash,,RCPT-N-01288,Completed,Tuition,Iyun tuition; source: TEMURBEK SCHOOL - Meliqulov Ibrohim 50%.csv line 206,monthly_discount,fixed,50000,250000,50000,200000,true
STU-00531,2026-07-01,250000,UZS,Cash,,RCPT-N-01289,Completed,Tuition,Iyul tuition; source: TEMURBEK SCHOOL - Meliqulov Ibrohim 50%.csv line 206,,,,,,,
STU-00531,2026-08-01,250000,UZS,Cash,,RCPT-N-01290,Completed,Tuition,Avgust tuition; source: TEMURBEK SCHOOL - Meliqulov Ibrohim 50%.csv line 206,,,,,,,
STU-00532,2026-06-01,200000,UZS,Cash,,RCPT-N-01291,Completed,Tuition,Iyun tuition; source: TEMURBEK SCHOOL - Meliqulov Ibrohim 50%.csv line 207,monthly_discount,fixed,50000,250000,50000,200000,true
STU-00532,2026-07-01,250000,UZS,Cash,,RCPT-N-01292,Completed,Tuition,Iyul tuition; source: TEMURBEK SCHOOL - Meliqulov Ibrohim 50%.csv line 207,,,,,,,
STU-00532,2026-08-01,250000,UZS,Cash,,RCPT-N-01293,Completed,Tuition,Avgust tuition; source: TEMURBEK SCHOOL - Meliqulov Ibrohim 50%.csv line 207,,,,,,,
STU-00533,2026-06-01,200000,UZS,Cash,,RCPT-N-01294,Completed,Tuition,Iyun tuition; source: TEMURBEK SCHOOL - Meliqulov Ibrohim 50%.csv line 208,monthly_discount,fixed,50000,250000,50000,200000,true
STU-00533,2026-07-01,250000,UZS,Cash,,RCPT-N-01295,Completed,Tuition,Iyul tuition; source: TEMURBEK SCHOOL - Meliqulov Ibrohim 50%.csv line 208,,,,,,,
STU-00533,2026-08-01,250000,UZS,Cash,,RCPT-N-01296,Completed,Tuition,Avgust tuition; source: TEMURBEK SCHOOL - Meliqulov Ibrohim 50%.csv line 208,,,,,,,
STU-00534,2026-06-01,90000,UZS,Cash,,RCPT-N-01297,Completed,Tuition,Iyun tuition; source: TEMURBEK SCHOOL - Meliqulov Ibrohim 50%.csv line 209,monthly_discount,fixed,160000,250000,160000,90000,true
STU-00534,2026-07-01,250000,UZS,Cash,,RCPT-N-01298,Completed,Tuition,Iyul tuition; source: TEMURBEK SCHOOL - Meliqulov Ibrohim 50%.csv line 209,,,,,,,
STU-00534,2026-08-01,270000,UZS,Cash,,RCPT-N-01299,Completed,Tuition,Avgust tuition; source: TEMURBEK SCHOOL - Meliqulov Ibrohim 50%.csv line 209,,,,,,,
STU-00535,2026-07-01,280000,UZS,Cash,,RCPT-N-01300,Completed,Tuition,Iyul tuition; source: TEMURBEK SCHOOL - Meliqulov Ibrohim 50%.csv line 210,,,,,,,
STU-00535,2026-08-01,280000,UZS,Cash,,RCPT-N-01301,Completed,Tuition,Avgust tuition; source: TEMURBEK SCHOOL - Meliqulov Ibrohim 50%.csv line 210,,,,,,,
STU-00538,2026-08-01,270000,UZS,Cash,,RCPT-N-01302,Completed,Tuition,Avgust tuition; source: TEMURBEK SCHOOL - Meliqulov Ibrohim 50%.csv line 213,,,,,,,
STU-00539,2026-08-01,200000,UZS,Cash,,RCPT-N-01303,Completed,Tuition,Avgust tuition; source: TEMURBEK SCHOOL - Meliqulov Ibrohim 50%.csv line 214,monthly_discount,fixed,50000,250000,50000,200000,true
STU-00541,2026-08-01,180000,UZS,Cash,,RCPT-N-01304,Completed,Tuition,Avgust tuition; source: TEMURBEK SCHOOL - Meliqulov Ibrohim 50%.csv line 216,monthly_discount,fixed,70000,250000,70000,180000,true
STU-00542,2026-08-01,270000,UZS,Cash,,RCPT-N-01305,Completed,Tuition,Avgust tuition; source: TEMURBEK SCHOOL - Meliqulov Ibrohim 50%.csv line 217,,,,,,,
STU-00543,2026-08-01,112000,UZS,Cash,,RCPT-N-01306,Completed,Tuition,Avgust tuition; source: TEMURBEK SCHOOL - Meliqulov Ibrohim 50%.csv line 218,monthly_discount,fixed,138000,250000,138000,112000,true
STU-00546,2026-06-01,250000,UZS,Cash,,RCPT-N-01307,Completed,Tuition,Iyun tuition; source: TEMURBEK SCHOOL - Meliqulov Ibrohim 50%.csv line 225,serial_discount,fixed,20000,270000,20000,250000,true
STU-00546,2026-07-01,250000,UZS,Cash,,RCPT-N-01308,Completed,Tuition,Iyul tuition; source: TEMURBEK SCHOOL - Meliqulov Ibrohim 50%.csv line 225,serial_discount,fixed,20000,270000,20000,250000,true
STU-00546,2026-08-01,250000,UZS,Cash,,RCPT-N-01309,Completed,Tuition,Avgust tuition; source: TEMURBEK SCHOOL - Meliqulov Ibrohim 50%.csv line 225,serial_discount,fixed,20000,270000,20000,250000,true
STU-00547,2026-06-01,250000,UZS,Cash,,RCPT-N-01310,Completed,Tuition,Iyun tuition; source: TEMURBEK SCHOOL - Meliqulov Ibrohim 50%.csv line 226,serial_discount,fixed,20000,270000,20000,250000,true
STU-00547,2026-07-01,250000,UZS,Cash,,RCPT-N-01311,Completed,Tuition,Iyul tuition; source: TEMURBEK SCHOOL - Meliqulov Ibrohim 50%.csv line 226,serial_discount,fixed,20000,270000,20000,250000,true
STU-00547,2026-08-01,250000,UZS,Cash,,RCPT-N-01312,Completed,Tuition,Avgust tuition; source: TEMURBEK SCHOOL - Meliqulov Ibrohim 50%.csv line 226,serial_discount,fixed,20000,270000,20000,250000,true
STU-00548,2026-06-01,150000,UZS,Cash,,RCPT-N-01313,Completed,Tuition,Iyun tuition; source: TEMURBEK SCHOOL - Meliqulov Ibrohim 50%.csv line 227,monthly_discount,fixed,120000,270000,120000,150000,true
STU-00548,2026-07-01,260000,UZS,Cash,,RCPT-N-01314,Completed,Tuition,Iyul tuition; source: TEMURBEK SCHOOL - Meliqulov Ibrohim 50%.csv line 227,serial_discount,fixed,10000,270000,10000,260000,true
STU-00548,2026-08-01,260000,UZS,Cash,,RCPT-N-01315,Completed,Tuition,Avgust tuition; source: TEMURBEK SCHOOL - Meliqulov Ibrohim 50%.csv line 227,serial_discount,fixed,10000,270000,10000,260000,true
STU-00549,2026-06-01,130000,UZS,Cash,,RCPT-N-01316,Completed,Tuition,Iyun tuition; source: TEMURBEK SCHOOL - Meliqulov Ibrohim 50%.csv line 228,monthly_discount,fixed,140000,270000,140000,130000,true
STU-00549,2026-07-01,260000,UZS,Cash,,RCPT-N-01317,Completed,Tuition,Iyul tuition; source: TEMURBEK SCHOOL - Meliqulov Ibrohim 50%.csv line 228,monthly_discount,fixed,10000,270000,10000,260000,true
STU-00550,2026-06-01,130000,UZS,Cash,,RCPT-N-01318,Completed,Tuition,Iyun tuition; source: TEMURBEK SCHOOL - Meliqulov Ibrohim 50%.csv line 229,monthly_discount,fixed,140000,270000,140000,130000,true
STU-00550,2026-07-01,260000,UZS,Cash,,RCPT-N-01319,Completed,Tuition,Iyul tuition; source: TEMURBEK SCHOOL - Meliqulov Ibrohim 50%.csv line 229,monthly_discount,fixed,10000,270000,10000,260000,true
STU-00551,2026-06-01,70000,UZS,Cash,,RCPT-N-01320,Completed,Tuition,Iyun tuition; source: TEMURBEK SCHOOL - Meliqulov Ibrohim 50%.csv line 230,monthly_discount,fixed,200000,270000,200000,70000,true
STU-00551,2026-07-01,270000,UZS,Cash,,RCPT-N-01321,Completed,Tuition,Iyul tuition; source: TEMURBEK SCHOOL - Meliqulov Ibrohim 50%.csv line 230,,,,,,,
STU-00551,2026-08-01,270000,UZS,Cash,,RCPT-N-01322,Completed,Tuition,Avgust tuition; source: TEMURBEK SCHOOL - Meliqulov Ibrohim 50%.csv line 230,,,,,,,
STU-00552,2026-06-01,45000,UZS,Cash,,RCPT-N-01323,Completed,Tuition,Iyun tuition; source: TEMURBEK SCHOOL - Meliqulov Ibrohim 50%.csv line 231,monthly_discount,fixed,225000,270000,225000,45000,true
STU-00552,2026-07-01,270000,UZS,Cash,,RCPT-N-01324,Completed,Tuition,Iyul tuition; source: TEMURBEK SCHOOL - Meliqulov Ibrohim 50%.csv line 231,,,,,,,
STU-00552,2026-08-01,270000,UZS,Cash,,RCPT-N-01325,Completed,Tuition,Avgust tuition; source: TEMURBEK SCHOOL - Meliqulov Ibrohim 50%.csv line 231,,,,,,,
STU-00553,2026-07-01,135000,UZS,Cash,,RCPT-N-01326,Completed,Tuition,Iyul tuition; source: TEMURBEK SCHOOL - Meliqulov Ibrohim 50%.csv line 232,monthly_discount,fixed,135000,270000,135000,135000,true
STU-00553,2026-08-01,280000,UZS,Cash,,RCPT-N-01327,Completed,Tuition,Avgust tuition; source: TEMURBEK SCHOOL - Meliqulov Ibrohim 50%.csv line 232,,,,,,,
STU-00554,2026-07-01,270000,UZS,Cash,,RCPT-N-01328,Completed,Tuition,Iyul tuition; source: TEMURBEK SCHOOL - Meliqulov Ibrohim 50%.csv line 233,,,,,,,
STU-00554,2026-08-01,270000,UZS,Cash,,RCPT-N-01329,Completed,Tuition,Avgust tuition; source: TEMURBEK SCHOOL - Meliqulov Ibrohim 50%.csv line 233,,,,,,,
STU-00555,2026-07-01,200000,UZS,Cash,,RCPT-N-01330,Completed,Tuition,Iyul tuition; source: TEMURBEK SCHOOL - Meliqulov Ibrohim 50%.csv line 234,monthly_discount,fixed,70000,270000,70000,200000,true
STU-00555,2026-08-01,260000,UZS,Cash,,RCPT-N-01331,Completed,Tuition,Avgust tuition; source: TEMURBEK SCHOOL - Meliqulov Ibrohim 50%.csv line 234,monthly_discount,fixed,10000,270000,10000,260000,true
STU-00556,2026-07-01,90000,UZS,Cash,,RCPT-N-01332,Completed,Tuition,Iyul tuition; source: TEMURBEK SCHOOL - Meliqulov Ibrohim 50%.csv line 235,monthly_discount,fixed,180000,270000,180000,90000,true
STU-00556,2026-08-01,260000,UZS,Cash,,RCPT-N-01333,Completed,Tuition,Avgust tuition; source: TEMURBEK SCHOOL - Meliqulov Ibrohim 50%.csv line 235,monthly_discount,fixed,10000,270000,10000,260000,true
STU-00557,2026-07-01,200000,UZS,Cash,,RCPT-N-01334,Completed,Tuition,Iyul tuition; source: TEMURBEK SCHOOL - Meliqulov Ibrohim 50%.csv line 236,monthly_discount,fixed,70000,270000,70000,200000,true
STU-00557,2026-08-01,260000,UZS,Cash,,RCPT-N-01335,Completed,Tuition,Avgust tuition; source: TEMURBEK SCHOOL - Meliqulov Ibrohim 50%.csv line 236,monthly_discount,fixed,10000,270000,10000,260000,true
STU-00558,2026-07-01,135000,UZS,Cash,,RCPT-N-01336,Completed,Tuition,Iyul tuition; source: TEMURBEK SCHOOL - Meliqulov Ibrohim 50%.csv line 237,monthly_discount,fixed,135000,270000,135000,135000,true
STU-00558,2026-08-01,270000,UZS,Cash,,RCPT-N-01337,Completed,Tuition,Avgust tuition; source: TEMURBEK SCHOOL - Meliqulov Ibrohim 50%.csv line 237,,,,,,,
STU-00559,2026-07-01,135000,UZS,Cash,,RCPT-N-01338,Completed,Tuition,Iyul tuition; source: TEMURBEK SCHOOL - Meliqulov Ibrohim 50%.csv line 238,monthly_discount,fixed,135000,270000,135000,135000,true
STU-00559,2026-08-01,270000,UZS,Cash,,RCPT-N-01339,Completed,Tuition,Avgust tuition; source: TEMURBEK SCHOOL - Meliqulov Ibrohim 50%.csv line 238,,,,,,,
STU-00560,2026-07-01,125000,UZS,Cash,,RCPT-N-01340,Completed,Tuition,Iyul tuition; source: TEMURBEK SCHOOL - Meliqulov Ibrohim 50%.csv line 239,monthly_discount,fixed,145000,270000,145000,125000,true
STU-00561,2026-07-01,112000,UZS,Cash,,RCPT-N-01341,Completed,Tuition,Iyul tuition; source: TEMURBEK SCHOOL - Meliqulov Ibrohim 50%.csv line 240,monthly_discount,fixed,158000,270000,158000,112000,true
STU-00561,2026-08-01,90000,UZS,Cash,,RCPT-N-01342,Completed,Tuition,Avgust tuition; source: TEMURBEK SCHOOL - Meliqulov Ibrohim 50%.csv line 240,monthly_discount,fixed,180000,270000,180000,90000,true
STU-00562,2026-07-01,270000,UZS,Cash,,RCPT-N-01343,Completed,Tuition,Iyul tuition; source: TEMURBEK SCHOOL - Meliqulov Ibrohim 50%.csv line 241,,,,,,,
STU-00562,2026-08-01,270000,UZS,Cash,,RCPT-N-01344,Completed,Tuition,Avgust tuition; source: TEMURBEK SCHOOL - Meliqulov Ibrohim 50%.csv line 241,,,,,,,
STU-00564,2026-08-01,270000,UZS,Cash,,RCPT-N-01345,Completed,Tuition,Avgust tuition; source: TEMURBEK SCHOOL - Meliqulov Ibrohim 50%.csv line 243,,,,,,,
STU-00565,2026-08-01,180000,UZS,Cash,,RCPT-N-01346,Completed,Tuition,Avgust tuition; source: TEMURBEK SCHOOL - Meliqulov Ibrohim 50%.csv line 244,monthly_discount,fixed,90000,270000,90000,180000,true
STU-00566,2025-12-01,260000,UZS,Cash,,RCPT-N-01347,Completed,Tuition,Dekabr tuition; source: TEMURBEK SCHOOL - Muhammadiyev Yorqin 50%.csv line 7,serial_discount,fixed,10000,270000,10000,260000,true
STU-00566,2026-01-01,260000,UZS,Cash,,RCPT-N-01348,Completed,Tuition,Yanvar tuition; source: TEMURBEK SCHOOL - Muhammadiyev Yorqin 50%.csv line 7,serial_discount,fixed,10000,270000,10000,260000,true
STU-00566,2026-02-01,270000,UZS,Cash,,RCPT-N-01349,Completed,Tuition,Fevral tuition; source: TEMURBEK SCHOOL - Muhammadiyev Yorqin 50%.csv line 7,,,,,,,
STU-00566,2026-03-01,260000,UZS,Cash,,RCPT-N-01350,Completed,Tuition,Mart tuition; source: TEMURBEK SCHOOL - Muhammadiyev Yorqin 50%.csv line 7,serial_discount,fixed,10000,270000,10000,260000,true
STU-00566,2026-04-01,260000,UZS,Cash,,RCPT-N-01351,Completed,Tuition,Aprel tuition; source: TEMURBEK SCHOOL - Muhammadiyev Yorqin 50%.csv line 7,serial_discount,fixed,10000,270000,10000,260000,true
STU-00566,2026-05-01,260000,UZS,Cash,,RCPT-N-01352,Completed,Tuition,May tuition; source: TEMURBEK SCHOOL - Muhammadiyev Yorqin 50%.csv line 7,serial_discount,fixed,10000,270000,10000,260000,true
STU-00567,2025-12-01,260000,UZS,Cash,,RCPT-N-01353,Completed,Tuition,Dekabr tuition; source: TEMURBEK SCHOOL - Muhammadiyev Yorqin 50%.csv line 8,serial_discount,fixed,10000,270000,10000,260000,true
STU-00567,2026-01-01,260000,UZS,Cash,,RCPT-N-01354,Completed,Tuition,Yanvar tuition; source: TEMURBEK SCHOOL - Muhammadiyev Yorqin 50%.csv line 8,serial_discount,fixed,10000,270000,10000,260000,true
STU-00567,2026-02-01,260000,UZS,Cash,,RCPT-N-01355,Completed,Tuition,Fevral tuition; source: TEMURBEK SCHOOL - Muhammadiyev Yorqin 50%.csv line 8,serial_discount,fixed,10000,270000,10000,260000,true
STU-00567,2026-03-01,260000,UZS,Cash,,RCPT-N-01356,Completed,Tuition,Mart tuition; source: TEMURBEK SCHOOL - Muhammadiyev Yorqin 50%.csv line 8,serial_discount,fixed,10000,270000,10000,260000,true
STU-00567,2026-04-01,260000,UZS,Cash,,RCPT-N-01357,Completed,Tuition,Aprel tuition; source: TEMURBEK SCHOOL - Muhammadiyev Yorqin 50%.csv line 8,serial_discount,fixed,10000,270000,10000,260000,true
STU-00567,2026-05-01,260000,UZS,Cash,,RCPT-N-01358,Completed,Tuition,May tuition; source: TEMURBEK SCHOOL - Muhammadiyev Yorqin 50%.csv line 8,serial_discount,fixed,10000,270000,10000,260000,true
STU-00568,2025-12-01,270000,UZS,Cash,,RCPT-N-01359,Completed,Tuition,Dekabr tuition; source: TEMURBEK SCHOOL - Muhammadiyev Yorqin 50%.csv line 9,,,,,,,
STU-00568,2026-01-01,270000,UZS,Cash,,RCPT-N-01360,Completed,Tuition,Yanvar tuition; source: TEMURBEK SCHOOL - Muhammadiyev Yorqin 50%.csv line 9,,,,,,,
STU-00568,2026-02-01,270000,UZS,Cash,,RCPT-N-01361,Completed,Tuition,Fevral tuition; source: TEMURBEK SCHOOL - Muhammadiyev Yorqin 50%.csv line 9,,,,,,,
STU-00568,2026-03-01,270000,UZS,Cash,,RCPT-N-01362,Completed,Tuition,Mart tuition; source: TEMURBEK SCHOOL - Muhammadiyev Yorqin 50%.csv line 9,,,,,,,
STU-00568,2026-04-01,270000,UZS,Cash,,RCPT-N-01363,Completed,Tuition,Aprel tuition; source: TEMURBEK SCHOOL - Muhammadiyev Yorqin 50%.csv line 9,,,,,,,
STU-00568,2026-05-01,270000,UZS,Cash,,RCPT-N-01364,Completed,Tuition,May tuition; source: TEMURBEK SCHOOL - Muhammadiyev Yorqin 50%.csv line 9,,,,,,,
STU-00569,2025-12-01,270000,UZS,Cash,,RCPT-N-01365,Completed,Tuition,Dekabr tuition; source: TEMURBEK SCHOOL - Muhammadiyev Yorqin 50%.csv line 10,,,,,,,
STU-00569,2026-01-01,270000,UZS,Cash,,RCPT-N-01366,Completed,Tuition,Yanvar tuition; source: TEMURBEK SCHOOL - Muhammadiyev Yorqin 50%.csv line 10,,,,,,,
STU-00569,2026-02-01,270000,UZS,Cash,,RCPT-N-01367,Completed,Tuition,Fevral tuition; source: TEMURBEK SCHOOL - Muhammadiyev Yorqin 50%.csv line 10,,,,,,,
STU-00569,2026-03-01,280000,UZS,Cash,,RCPT-N-01368,Completed,Tuition,Mart tuition; source: TEMURBEK SCHOOL - Muhammadiyev Yorqin 50%.csv line 10,,,,,,,
STU-00569,2026-04-01,270000,UZS,Cash,,RCPT-N-01369,Completed,Tuition,Aprel tuition; source: TEMURBEK SCHOOL - Muhammadiyev Yorqin 50%.csv line 10,,,,,,,
STU-00569,2026-05-01,280000,UZS,Cash,,RCPT-N-01370,Completed,Tuition,May tuition; source: TEMURBEK SCHOOL - Muhammadiyev Yorqin 50%.csv line 10,,,,,,,
STU-00570,2025-12-01,270000,UZS,Cash,,RCPT-N-01371,Completed,Tuition,Dekabr tuition; source: TEMURBEK SCHOOL - Muhammadiyev Yorqin 50%.csv line 11,,,,,,,
STU-00570,2026-01-01,270000,UZS,Cash,,RCPT-N-01372,Completed,Tuition,Yanvar tuition; source: TEMURBEK SCHOOL - Muhammadiyev Yorqin 50%.csv line 11,,,,,,,
STU-00570,2026-02-01,270000,UZS,Cash,,RCPT-N-01373,Completed,Tuition,Fevral tuition; source: TEMURBEK SCHOOL - Muhammadiyev Yorqin 50%.csv line 11,,,,,,,
STU-00570,2026-03-01,270000,UZS,Cash,,RCPT-N-01374,Completed,Tuition,Mart tuition; source: TEMURBEK SCHOOL - Muhammadiyev Yorqin 50%.csv line 11,,,,,,,
STU-00570,2026-04-01,280000,UZS,Cash,,RCPT-N-01375,Completed,Tuition,Aprel tuition; source: TEMURBEK SCHOOL - Muhammadiyev Yorqin 50%.csv line 11,,,,,,,
STU-00570,2026-05-01,280000,UZS,Cash,,RCPT-N-01376,Completed,Tuition,May tuition; source: TEMURBEK SCHOOL - Muhammadiyev Yorqin 50%.csv line 11,,,,,,,
STU-00571,2025-12-01,270000,UZS,Cash,,RCPT-N-01377,Completed,Tuition,Dekabr tuition; source: TEMURBEK SCHOOL - Muhammadiyev Yorqin 50%.csv line 12,,,,,,,
STU-00571,2026-01-01,270000,UZS,Cash,,RCPT-N-01378,Completed,Tuition,Yanvar tuition; source: TEMURBEK SCHOOL - Muhammadiyev Yorqin 50%.csv line 12,,,,,,,
STU-00571,2026-02-01,270000,UZS,Cash,,RCPT-N-01379,Completed,Tuition,Fevral tuition; source: TEMURBEK SCHOOL - Muhammadiyev Yorqin 50%.csv line 12,,,,,,,
STU-00571,2026-03-01,270000,UZS,Cash,,RCPT-N-01380,Completed,Tuition,Mart tuition; source: TEMURBEK SCHOOL - Muhammadiyev Yorqin 50%.csv line 12,,,,,,,
STU-00571,2026-04-01,280000,UZS,Cash,,RCPT-N-01381,Completed,Tuition,Aprel tuition; source: TEMURBEK SCHOOL - Muhammadiyev Yorqin 50%.csv line 12,,,,,,,
STU-00571,2026-05-01,280000,UZS,Cash,,RCPT-N-01382,Completed,Tuition,May tuition; source: TEMURBEK SCHOOL - Muhammadiyev Yorqin 50%.csv line 12,,,,,,,
STU-00572,2025-12-01,270000,UZS,Cash,,RCPT-N-01383,Completed,Tuition,Dekabr tuition; source: TEMURBEK SCHOOL - Muhammadiyev Yorqin 50%.csv line 13,,,,,,,
STU-00572,2026-01-01,270000,UZS,Cash,,RCPT-N-01384,Completed,Tuition,Yanvar tuition; source: TEMURBEK SCHOOL - Muhammadiyev Yorqin 50%.csv line 13,,,,,,,
STU-00572,2026-02-01,270000,UZS,Cash,,RCPT-N-01385,Completed,Tuition,Fevral tuition; source: TEMURBEK SCHOOL - Muhammadiyev Yorqin 50%.csv line 13,,,,,,,
STU-00572,2026-03-01,280000,UZS,Cash,,RCPT-N-01386,Completed,Tuition,Mart tuition; source: TEMURBEK SCHOOL - Muhammadiyev Yorqin 50%.csv line 13,,,,,,,
STU-00572,2026-04-01,270000,UZS,Cash,,RCPT-N-01387,Completed,Tuition,Aprel tuition; source: TEMURBEK SCHOOL - Muhammadiyev Yorqin 50%.csv line 13,,,,,,,
STU-00572,2026-05-01,270000,UZS,Cash,,RCPT-N-01388,Completed,Tuition,May tuition; source: TEMURBEK SCHOOL - Muhammadiyev Yorqin 50%.csv line 13,,,,,,,
STU-00573,2025-12-01,270000,UZS,Cash,,RCPT-N-01389,Completed,Tuition,Dekabr tuition; source: TEMURBEK SCHOOL - Muhammadiyev Yorqin 50%.csv line 14,,,,,,,
STU-00573,2026-01-01,270000,UZS,Cash,,RCPT-N-01390,Completed,Tuition,Yanvar tuition; source: TEMURBEK SCHOOL - Muhammadiyev Yorqin 50%.csv line 14,,,,,,,
STU-00573,2026-02-01,270000,UZS,Cash,,RCPT-N-01391,Completed,Tuition,Fevral tuition; source: TEMURBEK SCHOOL - Muhammadiyev Yorqin 50%.csv line 14,,,,,,,
STU-00573,2026-03-01,280000,UZS,Cash,,RCPT-N-01392,Completed,Tuition,Mart tuition; source: TEMURBEK SCHOOL - Muhammadiyev Yorqin 50%.csv line 14,,,,,,,
STU-00573,2026-04-01,270000,UZS,Cash,,RCPT-N-01393,Completed,Tuition,Aprel tuition; source: TEMURBEK SCHOOL - Muhammadiyev Yorqin 50%.csv line 14,,,,,,,
STU-00573,2026-05-01,280000,UZS,Cash,,RCPT-N-01394,Completed,Tuition,May tuition; source: TEMURBEK SCHOOL - Muhammadiyev Yorqin 50%.csv line 14,,,,,,,
STU-00574,2025-12-01,270000,UZS,Cash,,RCPT-N-01395,Completed,Tuition,Dekabr tuition; source: TEMURBEK SCHOOL - Muhammadiyev Yorqin 50%.csv line 15,,,,,,,
STU-00574,2026-01-01,270000,UZS,Cash,,RCPT-N-01396,Completed,Tuition,Yanvar tuition; source: TEMURBEK SCHOOL - Muhammadiyev Yorqin 50%.csv line 15,,,,,,,
STU-00574,2026-02-01,270000,UZS,Cash,,RCPT-N-01397,Completed,Tuition,Fevral tuition; source: TEMURBEK SCHOOL - Muhammadiyev Yorqin 50%.csv line 15,,,,,,,
STU-00574,2026-03-01,280000,UZS,Cash,,RCPT-N-01398,Completed,Tuition,Mart tuition; source: TEMURBEK SCHOOL - Muhammadiyev Yorqin 50%.csv line 15,,,,,,,
STU-00574,2026-04-01,280000,UZS,Cash,,RCPT-N-01399,Completed,Tuition,Aprel tuition; source: TEMURBEK SCHOOL - Muhammadiyev Yorqin 50%.csv line 15,,,,,,,
STU-00574,2026-05-01,280000,UZS,Cash,,RCPT-N-01400,Completed,Tuition,May tuition; source: TEMURBEK SCHOOL - Muhammadiyev Yorqin 50%.csv line 15,,,,,,,
STU-00575,2025-12-01,270000,UZS,Cash,,RCPT-N-01401,Completed,Tuition,Dekabr tuition; source: TEMURBEK SCHOOL - Muhammadiyev Yorqin 50%.csv line 16,,,,,,,
STU-00575,2026-01-01,270000,UZS,Cash,,RCPT-N-01402,Completed,Tuition,Yanvar tuition; source: TEMURBEK SCHOOL - Muhammadiyev Yorqin 50%.csv line 16,,,,,,,
STU-00575,2026-02-01,270000,UZS,Cash,,RCPT-N-01403,Completed,Tuition,Fevral tuition; source: TEMURBEK SCHOOL - Muhammadiyev Yorqin 50%.csv line 16,,,,,,,
STU-00575,2026-04-01,280000,UZS,Cash,,RCPT-N-01404,Completed,Tuition,Aprel tuition; source: TEMURBEK SCHOOL - Muhammadiyev Yorqin 50%.csv line 16,,,,,,,
STU-00575,2026-05-01,280000,UZS,Cash,,RCPT-N-01405,Completed,Tuition,May tuition; source: TEMURBEK SCHOOL - Muhammadiyev Yorqin 50%.csv line 16,,,,,,,
STU-00576,2025-12-01,270000,UZS,Cash,,RCPT-N-01406,Completed,Tuition,Dekabr tuition; source: TEMURBEK SCHOOL - Muhammadiyev Yorqin 50%.csv line 17,,,,,,,
STU-00576,2026-01-01,270000,UZS,Cash,,RCPT-N-01407,Completed,Tuition,Yanvar tuition; source: TEMURBEK SCHOOL - Muhammadiyev Yorqin 50%.csv line 17,,,,,,,
STU-00576,2026-02-01,270000,UZS,Cash,,RCPT-N-01408,Completed,Tuition,Fevral tuition; source: TEMURBEK SCHOOL - Muhammadiyev Yorqin 50%.csv line 17,,,,,,,
STU-00576,2026-03-01,270000,UZS,Cash,,RCPT-N-01409,Completed,Tuition,Mart tuition; source: TEMURBEK SCHOOL - Muhammadiyev Yorqin 50%.csv line 17,,,,,,,
STU-00576,2026-04-01,260000,UZS,Cash,,RCPT-N-01410,Completed,Tuition,Aprel tuition; source: TEMURBEK SCHOOL - Muhammadiyev Yorqin 50%.csv line 17,serial_discount,fixed,10000,270000,10000,260000,true
STU-00576,2026-05-01,260000,UZS,Cash,,RCPT-N-01411,Completed,Tuition,May tuition; source: TEMURBEK SCHOOL - Muhammadiyev Yorqin 50%.csv line 17,serial_discount,fixed,10000,270000,10000,260000,true
STU-00577,2026-02-01,135000,UZS,Cash,,RCPT-N-01412,Completed,Tuition,Fevral tuition; source: TEMURBEK SCHOOL - Muhammadiyev Yorqin 50%.csv line 18,monthly_discount,fixed,135000,270000,135000,135000,true
STU-00577,2026-03-01,270000,UZS,Cash,,RCPT-N-01413,Completed,Tuition,Mart tuition; source: TEMURBEK SCHOOL - Muhammadiyev Yorqin 50%.csv line 18,,,,,,,
STU-00577,2026-04-01,270000,UZS,Cash,,RCPT-N-01414,Completed,Tuition,Aprel tuition; source: TEMURBEK SCHOOL - Muhammadiyev Yorqin 50%.csv line 18,,,,,,,
STU-00577,2026-05-01,270000,UZS,Cash,,RCPT-N-01415,Completed,Tuition,May tuition; source: TEMURBEK SCHOOL - Muhammadiyev Yorqin 50%.csv line 18,,,,,,,
STU-00578,2026-02-01,135000,UZS,Cash,,RCPT-N-01416,Completed,Tuition,Fevral tuition; source: TEMURBEK SCHOOL - Muhammadiyev Yorqin 50%.csv line 19,monthly_discount,fixed,135000,270000,135000,135000,true
STU-00578,2026-03-01,270000,UZS,Cash,,RCPT-N-01417,Completed,Tuition,Mart tuition; source: TEMURBEK SCHOOL - Muhammadiyev Yorqin 50%.csv line 19,,,,,,,
STU-00578,2026-04-01,280000,UZS,Cash,,RCPT-N-01418,Completed,Tuition,Aprel tuition; source: TEMURBEK SCHOOL - Muhammadiyev Yorqin 50%.csv line 19,,,,,,,
STU-00578,2026-05-01,280000,UZS,Cash,,RCPT-N-01419,Completed,Tuition,May tuition; source: TEMURBEK SCHOOL - Muhammadiyev Yorqin 50%.csv line 19,,,,,,,
STU-00579,2026-02-01,135000,UZS,Cash,,RCPT-N-01420,Completed,Tuition,Fevral tuition; source: TEMURBEK SCHOOL - Muhammadiyev Yorqin 50%.csv line 20,monthly_discount,fixed,135000,270000,135000,135000,true
STU-00579,2026-03-01,280000,UZS,Cash,,RCPT-N-01421,Completed,Tuition,Mart tuition; source: TEMURBEK SCHOOL - Muhammadiyev Yorqin 50%.csv line 20,,,,,,,
STU-00579,2026-04-01,270000,UZS,Cash,,RCPT-N-01422,Completed,Tuition,Aprel tuition; source: TEMURBEK SCHOOL - Muhammadiyev Yorqin 50%.csv line 20,,,,,,,
STU-00579,2026-05-01,280000,UZS,Cash,,RCPT-N-01423,Completed,Tuition,May tuition; source: TEMURBEK SCHOOL - Muhammadiyev Yorqin 50%.csv line 20,,,,,,,
STU-00580,2026-02-01,135000,UZS,Cash,,RCPT-N-01424,Completed,Tuition,Fevral tuition; source: TEMURBEK SCHOOL - Muhammadiyev Yorqin 50%.csv line 21,monthly_discount,fixed,135000,270000,135000,135000,true
STU-00580,2026-03-01,200000,UZS,Cash,,RCPT-N-01425,Completed,Tuition,Mart tuition; source: TEMURBEK SCHOOL - Muhammadiyev Yorqin 50%.csv line 21,serial_discount,fixed,70000,270000,70000,200000,true
STU-00580,2026-04-01,200000,UZS,Cash,,RCPT-N-01426,Completed,Tuition,Aprel tuition; source: TEMURBEK SCHOOL - Muhammadiyev Yorqin 50%.csv line 21,serial_discount,fixed,70000,270000,70000,200000,true
STU-00580,2026-05-01,200000,UZS,Cash,,RCPT-N-01427,Completed,Tuition,May tuition; source: TEMURBEK SCHOOL - Muhammadiyev Yorqin 50%.csv line 21,serial_discount,fixed,70000,270000,70000,200000,true
STU-00581,2026-02-01,135000,UZS,Cash,,RCPT-N-01428,Completed,Tuition,Fevral tuition; source: TEMURBEK SCHOOL - Muhammadiyev Yorqin 50%.csv line 22,monthly_discount,fixed,135000,270000,135000,135000,true
STU-00581,2026-03-01,200000,UZS,Cash,,RCPT-N-01429,Completed,Tuition,Mart tuition; source: TEMURBEK SCHOOL - Muhammadiyev Yorqin 50%.csv line 22,serial_discount,fixed,70000,270000,70000,200000,true
STU-00581,2026-04-01,200000,UZS,Cash,,RCPT-N-01430,Completed,Tuition,Aprel tuition; source: TEMURBEK SCHOOL - Muhammadiyev Yorqin 50%.csv line 22,serial_discount,fixed,70000,270000,70000,200000,true
STU-00581,2026-05-01,200000,UZS,Cash,,RCPT-N-01431,Completed,Tuition,May tuition; source: TEMURBEK SCHOOL - Muhammadiyev Yorqin 50%.csv line 22,serial_discount,fixed,70000,270000,70000,200000,true
STU-00582,2026-02-01,135000,UZS,Cash,,RCPT-N-01432,Completed,Tuition,Fevral tuition; source: TEMURBEK SCHOOL - Muhammadiyev Yorqin 50%.csv line 23,monthly_discount,fixed,135000,270000,135000,135000,true
STU-00582,2026-03-01,270000,UZS,Cash,,RCPT-N-01433,Completed,Tuition,Mart tuition; source: TEMURBEK SCHOOL - Muhammadiyev Yorqin 50%.csv line 23,,,,,,,
STU-00582,2026-04-01,270000,UZS,Cash,,RCPT-N-01434,Completed,Tuition,Aprel tuition; source: TEMURBEK SCHOOL - Muhammadiyev Yorqin 50%.csv line 23,,,,,,,
STU-00582,2026-05-01,260000,UZS,Cash,,RCPT-N-01435,Completed,Tuition,May tuition; source: TEMURBEK SCHOOL - Muhammadiyev Yorqin 50%.csv line 23,monthly_discount,fixed,10000,270000,10000,260000,true
STU-00583,2026-02-01,270000,UZS,Cash,,RCPT-N-01436,Completed,Tuition,Fevral tuition; source: TEMURBEK SCHOOL - Muhammadiyev Yorqin 50%.csv line 24,,,,,,,
STU-00583,2026-03-01,270000,UZS,Cash,,RCPT-N-01437,Completed,Tuition,Mart tuition; source: TEMURBEK SCHOOL - Muhammadiyev Yorqin 50%.csv line 24,,,,,,,
STU-00583,2026-04-01,270000,UZS,Cash,,RCPT-N-01438,Completed,Tuition,Aprel tuition; source: TEMURBEK SCHOOL - Muhammadiyev Yorqin 50%.csv line 24,,,,,,,
STU-00583,2026-05-01,270000,UZS,Cash,,RCPT-N-01439,Completed,Tuition,May tuition; source: TEMURBEK SCHOOL - Muhammadiyev Yorqin 50%.csv line 24,,,,,,,
STU-00584,2026-05-01,270000,UZS,Cash,,RCPT-N-01440,Completed,Tuition,May tuition; source: TEMURBEK SCHOOL - Nuriddinova Kifoyat 45%.csv line 6,,,,,,,
STU-00585,2025-12-01,270000,UZS,Cash,,RCPT-N-01441,Completed,Tuition,Dekabr tuition; source: TEMURBEK SCHOOL - Nuriddinova Kifoyat 45%.csv line 7,,,,,,,
STU-00585,2026-01-01,270000,UZS,Cash,,RCPT-N-01442,Completed,Tuition,Yanvar tuition; source: TEMURBEK SCHOOL - Nuriddinova Kifoyat 45%.csv line 7,,,,,,,
STU-00585,2026-02-01,270000,UZS,Cash,,RCPT-N-01443,Completed,Tuition,Fev tuition; source: TEMURBEK SCHOOL - Nuriddinova Kifoyat 45%.csv line 7,,,,,,,
STU-00585,2026-03-01,270000,UZS,Cash,,RCPT-N-01444,Completed,Tuition,Mart tuition; source: TEMURBEK SCHOOL - Nuriddinova Kifoyat 45%.csv line 7,,,,,,,
STU-00585,2026-04-01,270000,UZS,Cash,,RCPT-N-01445,Completed,Tuition,Aprel tuition; source: TEMURBEK SCHOOL - Nuriddinova Kifoyat 45%.csv line 7,,,,,,,
STU-00585,2026-05-01,270000,UZS,Cash,,RCPT-N-01446,Completed,Tuition,May tuition; source: TEMURBEK SCHOOL - Nuriddinova Kifoyat 45%.csv line 7,,,,,,,
STU-00586,2025-12-01,270000,UZS,Cash,,RCPT-N-01447,Completed,Tuition,Dekabr tuition; source: TEMURBEK SCHOOL - Nuriddinova Kifoyat 45%.csv line 8,,,,,,,
STU-00586,2026-01-01,270000,UZS,Cash,,RCPT-N-01448,Completed,Tuition,Yanvar tuition; source: TEMURBEK SCHOOL - Nuriddinova Kifoyat 45%.csv line 8,,,,,,,
STU-00586,2026-02-01,270000,UZS,Cash,,RCPT-N-01449,Completed,Tuition,Fev tuition; source: TEMURBEK SCHOOL - Nuriddinova Kifoyat 45%.csv line 8,,,,,,,
STU-00586,2026-03-01,270000,UZS,Cash,,RCPT-N-01450,Completed,Tuition,Mart tuition; source: TEMURBEK SCHOOL - Nuriddinova Kifoyat 45%.csv line 8,,,,,,,
STU-00586,2026-04-01,270000,UZS,Cash,,RCPT-N-01451,Completed,Tuition,Aprel tuition; source: TEMURBEK SCHOOL - Nuriddinova Kifoyat 45%.csv line 8,,,,,,,
STU-00586,2026-05-01,270000,UZS,Cash,,RCPT-N-01452,Completed,Tuition,May tuition; source: TEMURBEK SCHOOL - Nuriddinova Kifoyat 45%.csv line 8,,,,,,,
STU-00587,2025-12-01,270000,UZS,Cash,,RCPT-N-01453,Completed,Tuition,Dekabr tuition; source: TEMURBEK SCHOOL - Nuriddinova Kifoyat 45%.csv line 9,,,,,,,
STU-00587,2026-01-01,270000,UZS,Cash,,RCPT-N-01454,Completed,Tuition,Yanvar tuition; source: TEMURBEK SCHOOL - Nuriddinova Kifoyat 45%.csv line 9,,,,,,,
STU-00587,2026-02-01,270000,UZS,Cash,,RCPT-N-01455,Completed,Tuition,Fev tuition; source: TEMURBEK SCHOOL - Nuriddinova Kifoyat 45%.csv line 9,,,,,,,
STU-00587,2026-03-01,270000,UZS,Cash,,RCPT-N-01456,Completed,Tuition,Mart tuition; source: TEMURBEK SCHOOL - Nuriddinova Kifoyat 45%.csv line 9,,,,,,,
STU-00587,2026-04-01,270000,UZS,Cash,,RCPT-N-01457,Completed,Tuition,Aprel tuition; source: TEMURBEK SCHOOL - Nuriddinova Kifoyat 45%.csv line 9,,,,,,,
STU-00587,2026-05-01,270000,UZS,Cash,,RCPT-N-01458,Completed,Tuition,May tuition; source: TEMURBEK SCHOOL - Nuriddinova Kifoyat 45%.csv line 9,,,,,,,
STU-00588,2025-12-01,200000,UZS,Cash,,RCPT-N-01459,Completed,Tuition,Dekabr tuition; source: TEMURBEK SCHOOL - Nuriddinova Kifoyat 45%.csv line 10,monthly_discount,fixed,70000,270000,70000,200000,true
STU-00588,2026-01-01,270000,UZS,Cash,,RCPT-N-01460,Completed,Tuition,Yanvar tuition; source: TEMURBEK SCHOOL - Nuriddinova Kifoyat 45%.csv line 10,,,,,,,
STU-00588,2026-02-01,270000,UZS,Cash,,RCPT-N-01461,Completed,Tuition,Fev tuition; source: TEMURBEK SCHOOL - Nuriddinova Kifoyat 45%.csv line 10,,,,,,,
STU-00588,2026-03-01,270000,UZS,Cash,,RCPT-N-01462,Completed,Tuition,Mart tuition; source: TEMURBEK SCHOOL - Nuriddinova Kifoyat 45%.csv line 10,,,,,,,
STU-00588,2026-04-01,270000,UZS,Cash,,RCPT-N-01463,Completed,Tuition,Aprel tuition; source: TEMURBEK SCHOOL - Nuriddinova Kifoyat 45%.csv line 10,,,,,,,
STU-00588,2026-05-01,270000,UZS,Cash,,RCPT-N-01464,Completed,Tuition,May tuition; source: TEMURBEK SCHOOL - Nuriddinova Kifoyat 45%.csv line 10,,,,,,,
STU-00589,2025-12-01,270000,UZS,Cash,,RCPT-N-01465,Completed,Tuition,Dekabr tuition; source: TEMURBEK SCHOOL - Nuriddinova Kifoyat 45%.csv line 11,,,,,,,
STU-00589,2026-01-01,270000,UZS,Cash,,RCPT-N-01466,Completed,Tuition,Yanvar tuition; source: TEMURBEK SCHOOL - Nuriddinova Kifoyat 45%.csv line 11,,,,,,,
STU-00589,2026-02-01,270000,UZS,Cash,,RCPT-N-01467,Completed,Tuition,Fev tuition; source: TEMURBEK SCHOOL - Nuriddinova Kifoyat 45%.csv line 11,,,,,,,
STU-00589,2026-03-01,270000,UZS,Cash,,RCPT-N-01468,Completed,Tuition,Mart tuition; source: TEMURBEK SCHOOL - Nuriddinova Kifoyat 45%.csv line 11,,,,,,,
STU-00589,2026-04-01,270000,UZS,Cash,,RCPT-N-01469,Completed,Tuition,Aprel tuition; source: TEMURBEK SCHOOL - Nuriddinova Kifoyat 45%.csv line 11,,,,,,,
STU-00589,2026-05-01,270000,UZS,Cash,,RCPT-N-01470,Completed,Tuition,May tuition; source: TEMURBEK SCHOOL - Nuriddinova Kifoyat 45%.csv line 11,,,,,,,
STU-00590,2026-01-01,65000,UZS,Cash,,RCPT-N-01471,Completed,Tuition,Yanvar tuition; source: TEMURBEK SCHOOL - Nuriddinova Kifoyat 45%.csv line 12,monthly_discount,fixed,205000,270000,205000,65000,true
STU-00590,2026-02-01,270000,UZS,Cash,,RCPT-N-01472,Completed,Tuition,Fev tuition; source: TEMURBEK SCHOOL - Nuriddinova Kifoyat 45%.csv line 12,,,,,,,
STU-00590,2026-03-01,270000,UZS,Cash,,RCPT-N-01473,Completed,Tuition,Mart tuition; source: TEMURBEK SCHOOL - Nuriddinova Kifoyat 45%.csv line 12,,,,,,,
STU-00590,2026-05-01,270000,UZS,Cash,,RCPT-N-01474,Completed,Tuition,May tuition; source: TEMURBEK SCHOOL - Nuriddinova Kifoyat 45%.csv line 12,,,,,,,
STU-00591,2026-01-01,45000,UZS,Cash,,RCPT-N-01475,Completed,Tuition,Yanvar tuition; source: TEMURBEK SCHOOL - Nuriddinova Kifoyat 45%.csv line 13,monthly_discount,fixed,225000,270000,225000,45000,true
STU-00591,2026-02-01,270000,UZS,Cash,,RCPT-N-01476,Completed,Tuition,Fev tuition; source: TEMURBEK SCHOOL - Nuriddinova Kifoyat 45%.csv line 13,,,,,,,
STU-00591,2026-03-01,270000,UZS,Cash,,RCPT-N-01477,Completed,Tuition,Mart tuition; source: TEMURBEK SCHOOL - Nuriddinova Kifoyat 45%.csv line 13,,,,,,,
STU-00591,2026-04-01,270000,UZS,Cash,,RCPT-N-01478,Completed,Tuition,Aprel tuition; source: TEMURBEK SCHOOL - Nuriddinova Kifoyat 45%.csv line 13,,,,,,,
STU-00591,2026-05-01,270000,UZS,Cash,,RCPT-N-01479,Completed,Tuition,May tuition; source: TEMURBEK SCHOOL - Nuriddinova Kifoyat 45%.csv line 13,,,,,,,
STU-00592,2026-02-01,270000,UZS,Cash,,RCPT-N-01480,Completed,Tuition,Fev tuition; source: TEMURBEK SCHOOL - Nuriddinova Kifoyat 45%.csv line 14,,,,,,,
STU-00592,2026-03-01,270000,UZS,Cash,,RCPT-N-01481,Completed,Tuition,Mart tuition; source: TEMURBEK SCHOOL - Nuriddinova Kifoyat 45%.csv line 14,,,,,,,
STU-00592,2026-04-01,270000,UZS,Cash,,RCPT-N-01482,Completed,Tuition,Aprel tuition; source: TEMURBEK SCHOOL - Nuriddinova Kifoyat 45%.csv line 14,,,,,,,
STU-00592,2026-05-01,270000,UZS,Cash,,RCPT-N-01483,Completed,Tuition,May tuition; source: TEMURBEK SCHOOL - Nuriddinova Kifoyat 45%.csv line 14,,,,,,,
STU-00593,2026-02-01,270000,UZS,Cash,,RCPT-N-01484,Completed,Tuition,Fev tuition; source: TEMURBEK SCHOOL - Nuriddinova Kifoyat 45%.csv line 15,,,,,,,
STU-00593,2026-03-01,270000,UZS,Cash,,RCPT-N-01485,Completed,Tuition,Mart tuition; source: TEMURBEK SCHOOL - Nuriddinova Kifoyat 45%.csv line 15,,,,,,,
STU-00593,2026-04-01,270000,UZS,Cash,,RCPT-N-01486,Completed,Tuition,Aprel tuition; source: TEMURBEK SCHOOL - Nuriddinova Kifoyat 45%.csv line 15,,,,,,,
STU-00594,2026-02-01,270000,UZS,Cash,,RCPT-N-01487,Completed,Tuition,Fev tuition; source: TEMURBEK SCHOOL - Nuriddinova Kifoyat 45%.csv line 16,,,,,,,
STU-00594,2026-03-01,270000,UZS,Cash,,RCPT-N-01488,Completed,Tuition,Mart tuition; source: TEMURBEK SCHOOL - Nuriddinova Kifoyat 45%.csv line 16,,,,,,,
STU-00594,2026-04-01,270000,UZS,Cash,,RCPT-N-01489,Completed,Tuition,Aprel tuition; source: TEMURBEK SCHOOL - Nuriddinova Kifoyat 45%.csv line 16,,,,,,,
STU-00594,2026-05-01,270000,UZS,Cash,,RCPT-N-01490,Completed,Tuition,May tuition; source: TEMURBEK SCHOOL - Nuriddinova Kifoyat 45%.csv line 16,,,,,,,
STU-00595,2026-03-01,270000,UZS,Cash,,RCPT-N-01491,Completed,Tuition,Mart tuition; source: TEMURBEK SCHOOL - Nuriddinova Kifoyat 45%.csv line 17,,,,,,,
STU-00595,2026-04-01,270000,UZS,Cash,,RCPT-N-01492,Completed,Tuition,Aprel tuition; source: TEMURBEK SCHOOL - Nuriddinova Kifoyat 45%.csv line 17,,,,,,,
STU-00595,2026-05-01,270000,UZS,Cash,,RCPT-N-01493,Completed,Tuition,May tuition; source: TEMURBEK SCHOOL - Nuriddinova Kifoyat 45%.csv line 17,,,,,,,
STU-00596,2026-03-01,270000,UZS,Cash,,RCPT-N-01494,Completed,Tuition,Mart tuition; source: TEMURBEK SCHOOL - Nuriddinova Kifoyat 45%.csv line 18,,,,,,,
STU-00596,2026-04-01,270000,UZS,Cash,,RCPT-N-01495,Completed,Tuition,Aprel tuition; source: TEMURBEK SCHOOL - Nuriddinova Kifoyat 45%.csv line 18,,,,,,,
STU-00596,2026-05-01,270000,UZS,Cash,,RCPT-N-01496,Completed,Tuition,May tuition; source: TEMURBEK SCHOOL - Nuriddinova Kifoyat 45%.csv line 18,,,,,,,
STU-00597,2025-12-01,270000,UZS,Cash,,RCPT-N-01497,Completed,Tuition,Dekabr tuition; source: TEMURBEK SCHOOL - Nuriddinova Kifoyat 45%.csv line 19,,,,,,,
STU-00597,2026-01-01,225000,UZS,Cash,,RCPT-N-01498,Completed,Tuition,Yanvar tuition; source: TEMURBEK SCHOOL - Nuriddinova Kifoyat 45%.csv line 19,monthly_discount,fixed,45000,270000,45000,225000,true
STU-00597,2026-02-01,270000,UZS,Cash,,RCPT-N-01499,Completed,Tuition,Fev tuition; source: TEMURBEK SCHOOL - Nuriddinova Kifoyat 45%.csv line 19,,,,,,,
STU-00597,2026-03-01,270000,UZS,Cash,,RCPT-N-01500,Completed,Tuition,Mart tuition; source: TEMURBEK SCHOOL - Nuriddinova Kifoyat 45%.csv line 19,,,,,,,
STU-00597,2026-04-01,270000,UZS,Cash,,RCPT-N-01501,Completed,Tuition,Aprel tuition; source: TEMURBEK SCHOOL - Nuriddinova Kifoyat 45%.csv line 19,,,,,,,
STU-00597,2026-05-01,270000,UZS,Cash,,RCPT-N-01502,Completed,Tuition,May tuition; source: TEMURBEK SCHOOL - Nuriddinova Kifoyat 45%.csv line 19,,,,,,,
STU-00598,2026-01-01,260000,UZS,Cash,,RCPT-N-01503,Completed,Tuition,Yanvar tuition; source: TEMURBEK SCHOOL - Nuriddinova Kifoyat 45%.csv line 20,serial_discount,fixed,10000,270000,10000,260000,true
STU-00598,2026-02-01,270000,UZS,Cash,,RCPT-N-01504,Completed,Tuition,Fev tuition; source: TEMURBEK SCHOOL - Nuriddinova Kifoyat 45%.csv line 20,,,,,,,
STU-00598,2026-03-01,260000,UZS,Cash,,RCPT-N-01505,Completed,Tuition,Mart tuition; source: TEMURBEK SCHOOL - Nuriddinova Kifoyat 45%.csv line 20,serial_discount,fixed,10000,270000,10000,260000,true
STU-00598,2026-04-01,260000,UZS,Cash,,RCPT-N-01506,Completed,Tuition,Aprel tuition; source: TEMURBEK SCHOOL - Nuriddinova Kifoyat 45%.csv line 20,serial_discount,fixed,10000,270000,10000,260000,true
STU-00598,2026-05-01,260000,UZS,Cash,,RCPT-N-01507,Completed,Tuition,May tuition; source: TEMURBEK SCHOOL - Nuriddinova Kifoyat 45%.csv line 20,serial_discount,fixed,10000,270000,10000,260000,true
STU-00599,2026-01-01,270000,UZS,Cash,,RCPT-N-01508,Completed,Tuition,Yanvar tuition; source: TEMURBEK SCHOOL - Nuriddinova Kifoyat 45%.csv line 21,,,,,,,
STU-00599,2026-02-01,270000,UZS,Cash,,RCPT-N-01509,Completed,Tuition,Fev tuition; source: TEMURBEK SCHOOL - Nuriddinova Kifoyat 45%.csv line 21,,,,,,,
STU-00599,2026-03-01,270000,UZS,Cash,,RCPT-N-01510,Completed,Tuition,Mart tuition; source: TEMURBEK SCHOOL - Nuriddinova Kifoyat 45%.csv line 21,,,,,,,
STU-00599,2026-04-01,270000,UZS,Cash,,RCPT-N-01511,Completed,Tuition,Aprel tuition; source: TEMURBEK SCHOOL - Nuriddinova Kifoyat 45%.csv line 21,,,,,,,
STU-00599,2026-05-01,270000,UZS,Cash,,RCPT-N-01512,Completed,Tuition,May tuition; source: TEMURBEK SCHOOL - Nuriddinova Kifoyat 45%.csv line 21,,,,,,,
STU-00600,2026-04-01,270000,UZS,Cash,,RCPT-N-01513,Completed,Tuition,Aprel tuition; source: TEMURBEK SCHOOL - Nuriddinova Kifoyat 45%.csv line 22,,,,,,,
STU-00600,2026-05-01,270000,UZS,Cash,,RCPT-N-01514,Completed,Tuition,May tuition; source: TEMURBEK SCHOOL - Nuriddinova Kifoyat 45%.csv line 22,,,,,,,
STU-00601,2025-12-01,270000,UZS,Cash,,RCPT-N-01515,Completed,Tuition,Dekabr tuition; source: TEMURBEK SCHOOL - Nuriddinova Kifoyat 45%.csv line 23,,,,,,,
STU-00601,2026-01-01,270000,UZS,Cash,,RCPT-N-01516,Completed,Tuition,Yanvar tuition; source: TEMURBEK SCHOOL - Nuriddinova Kifoyat 45%.csv line 23,,,,,,,
STU-00601,2026-02-01,270000,UZS,Cash,,RCPT-N-01517,Completed,Tuition,Fev tuition; source: TEMURBEK SCHOOL - Nuriddinova Kifoyat 45%.csv line 23,,,,,,,
STU-00601,2026-03-01,270000,UZS,Cash,,RCPT-N-01518,Completed,Tuition,Mart tuition; source: TEMURBEK SCHOOL - Nuriddinova Kifoyat 45%.csv line 23,,,,,,,
STU-00601,2026-04-01,270000,UZS,Cash,,RCPT-N-01519,Completed,Tuition,Aprel tuition; source: TEMURBEK SCHOOL - Nuriddinova Kifoyat 45%.csv line 23,,,,,,,
STU-00601,2026-05-01,280000,UZS,Cash,,RCPT-N-01520,Completed,Tuition,May tuition; source: TEMURBEK SCHOOL - Nuriddinova Kifoyat 45%.csv line 23,,,,,,,
STU-00604,2025-12-01,270000,UZS,Cash,,RCPT-N-01521,Completed,Tuition,Dekabr tuition; source: TEMURBEK SCHOOL - Nuriddinova Kifoyat 45%.csv line 27,,,,,,,
STU-00604,2026-01-01,270000,UZS,Cash,,RCPT-N-01522,Completed,Tuition,Yanvar tuition; source: TEMURBEK SCHOOL - Nuriddinova Kifoyat 45%.csv line 27,,,,,,,
STU-00604,2026-02-01,270000,UZS,Cash,,RCPT-N-01523,Completed,Tuition,Fev tuition; source: TEMURBEK SCHOOL - Nuriddinova Kifoyat 45%.csv line 27,,,,,,,
STU-00604,2026-03-01,270000,UZS,Cash,,RCPT-N-01524,Completed,Tuition,Mart tuition; source: TEMURBEK SCHOOL - Nuriddinova Kifoyat 45%.csv line 27,,,,,,,
STU-00604,2026-04-01,270000,UZS,Cash,,RCPT-N-01525,Completed,Tuition,Aprel tuition; source: TEMURBEK SCHOOL - Nuriddinova Kifoyat 45%.csv line 27,,,,,,,
STU-00605,2025-12-01,250000,UZS,Cash,,RCPT-N-01526,Completed,Tuition,Dekabr tuition; source: TEMURBEK SCHOOL - Nuriddinova Kifoyat 45%.csv line 35,serial_discount,fixed,20000,270000,20000,250000,true
STU-00605,2026-01-01,250000,UZS,Cash,,RCPT-N-01527,Completed,Tuition,Yan tuition; source: TEMURBEK SCHOOL - Nuriddinova Kifoyat 45%.csv line 35,serial_discount,fixed,20000,270000,20000,250000,true
STU-00605,2026-02-01,250000,UZS,Cash,,RCPT-N-01528,Completed,Tuition,Fev tuition; source: TEMURBEK SCHOOL - Nuriddinova Kifoyat 45%.csv line 35,serial_discount,fixed,20000,270000,20000,250000,true
STU-00605,2026-03-01,250000,UZS,Cash,,RCPT-N-01529,Completed,Tuition,Mart tuition; source: TEMURBEK SCHOOL - Nuriddinova Kifoyat 45%.csv line 35,serial_discount,fixed,20000,270000,20000,250000,true
STU-00605,2026-04-01,250000,UZS,Cash,,RCPT-N-01530,Completed,Tuition,Aprel tuition; source: TEMURBEK SCHOOL - Nuriddinova Kifoyat 45%.csv line 35,serial_discount,fixed,20000,270000,20000,250000,true
STU-00605,2026-05-01,250000,UZS,Cash,,RCPT-N-01531,Completed,Tuition,May tuition; source: TEMURBEK SCHOOL - Nuriddinova Kifoyat 45%.csv line 35,serial_discount,fixed,20000,270000,20000,250000,true
STU-00606,2026-01-01,200000,UZS,Cash,,RCPT-N-01532,Completed,Tuition,Yan tuition; source: TEMURBEK SCHOOL - Nuriddinova Kifoyat 45%.csv line 36,monthly_discount,fixed,70000,270000,70000,200000,true
STU-00606,2026-02-01,270000,UZS,Cash,,RCPT-N-01533,Completed,Tuition,Fev tuition; source: TEMURBEK SCHOOL - Nuriddinova Kifoyat 45%.csv line 36,,,,,,,
STU-00606,2026-03-01,270000,UZS,Cash,,RCPT-N-01534,Completed,Tuition,Mart tuition; source: TEMURBEK SCHOOL - Nuriddinova Kifoyat 45%.csv line 36,,,,,,,
STU-00606,2026-04-01,270000,UZS,Cash,,RCPT-N-01535,Completed,Tuition,Aprel tuition; source: TEMURBEK SCHOOL - Nuriddinova Kifoyat 45%.csv line 36,,,,,,,
STU-00606,2026-05-01,270000,UZS,Cash,,RCPT-N-01536,Completed,Tuition,May tuition; source: TEMURBEK SCHOOL - Nuriddinova Kifoyat 45%.csv line 36,,,,,,,
STU-00607,2026-01-01,135000,UZS,Cash,,RCPT-N-01537,Completed,Tuition,Yan tuition; source: TEMURBEK SCHOOL - Nuriddinova Kifoyat 45%.csv line 37,monthly_discount,fixed,135000,270000,135000,135000,true
STU-00607,2026-02-01,270000,UZS,Cash,,RCPT-N-01538,Completed,Tuition,Fev tuition; source: TEMURBEK SCHOOL - Nuriddinova Kifoyat 45%.csv line 37,,,,,,,
STU-00607,2026-03-01,270000,UZS,Cash,,RCPT-N-01539,Completed,Tuition,Mart tuition; source: TEMURBEK SCHOOL - Nuriddinova Kifoyat 45%.csv line 37,,,,,,,
STU-00607,2026-04-01,270000,UZS,Cash,,RCPT-N-01540,Completed,Tuition,Aprel tuition; source: TEMURBEK SCHOOL - Nuriddinova Kifoyat 45%.csv line 37,,,,,,,
STU-00607,2026-05-01,270000,UZS,Cash,,RCPT-N-01541,Completed,Tuition,May tuition; source: TEMURBEK SCHOOL - Nuriddinova Kifoyat 45%.csv line 37,,,,,,,
STU-00608,2026-01-01,65000,UZS,Cash,,RCPT-N-01542,Completed,Tuition,Yan tuition; source: TEMURBEK SCHOOL - Nuriddinova Kifoyat 45%.csv line 38,monthly_discount,fixed,205000,270000,205000,65000,true
STU-00608,2026-02-01,270000,UZS,Cash,,RCPT-N-01543,Completed,Tuition,Fev tuition; source: TEMURBEK SCHOOL - Nuriddinova Kifoyat 45%.csv line 38,,,,,,,
STU-00608,2026-03-01,270000,UZS,Cash,,RCPT-N-01544,Completed,Tuition,Mart tuition; source: TEMURBEK SCHOOL - Nuriddinova Kifoyat 45%.csv line 38,,,,,,,
STU-00608,2026-04-01,270000,UZS,Cash,,RCPT-N-01545,Completed,Tuition,Aprel tuition; source: TEMURBEK SCHOOL - Nuriddinova Kifoyat 45%.csv line 38,,,,,,,
STU-00608,2026-05-01,270000,UZS,Cash,,RCPT-N-01546,Completed,Tuition,May tuition; source: TEMURBEK SCHOOL - Nuriddinova Kifoyat 45%.csv line 38,,,,,,,
STU-00609,2026-02-01,270000,UZS,Cash,,RCPT-N-01547,Completed,Tuition,Fev tuition; source: TEMURBEK SCHOOL - Nuriddinova Kifoyat 45%.csv line 39,,,,,,,
STU-00609,2026-03-01,270000,UZS,Cash,,RCPT-N-01548,Completed,Tuition,Mart tuition; source: TEMURBEK SCHOOL - Nuriddinova Kifoyat 45%.csv line 39,,,,,,,
STU-00609,2026-04-01,270000,UZS,Cash,,RCPT-N-01549,Completed,Tuition,Aprel tuition; source: TEMURBEK SCHOOL - Nuriddinova Kifoyat 45%.csv line 39,,,,,,,
STU-00609,2026-05-01,270000,UZS,Cash,,RCPT-N-01550,Completed,Tuition,May tuition; source: TEMURBEK SCHOOL - Nuriddinova Kifoyat 45%.csv line 39,,,,,,,
STU-00610,2026-02-01,270000,UZS,Cash,,RCPT-N-01551,Completed,Tuition,Fev tuition; source: TEMURBEK SCHOOL - Nuriddinova Kifoyat 45%.csv line 40,,,,,,,
STU-00610,2026-03-01,270000,UZS,Cash,,RCPT-N-01552,Completed,Tuition,Mart tuition; source: TEMURBEK SCHOOL - Nuriddinova Kifoyat 45%.csv line 40,,,,,,,
STU-00610,2026-04-01,270000,UZS,Cash,,RCPT-N-01553,Completed,Tuition,Aprel tuition; source: TEMURBEK SCHOOL - Nuriddinova Kifoyat 45%.csv line 40,,,,,,,
STU-00610,2026-05-01,270000,UZS,Cash,,RCPT-N-01554,Completed,Tuition,May tuition; source: TEMURBEK SCHOOL - Nuriddinova Kifoyat 45%.csv line 40,,,,,,,
STU-00611,2026-05-01,270000,UZS,Cash,,RCPT-N-01555,Completed,Tuition,May tuition; source: TEMURBEK SCHOOL - Nuriddinova Kifoyat 45%.csv line 41,,,,,,,
STU-00613,2025-12-01,270000,UZS,Cash,,RCPT-N-01556,Completed,Tuition,Dekabr tuition; source: TEMURBEK SCHOOL - Nuriddinova Kifoyat 45%.csv line 43,,,,,,,
STU-00613,2026-01-01,270000,UZS,Cash,,RCPT-N-01557,Completed,Tuition,Yan tuition; source: TEMURBEK SCHOOL - Nuriddinova Kifoyat 45%.csv line 43,,,,,,,
STU-00613,2026-02-01,270000,UZS,Cash,,RCPT-N-01558,Completed,Tuition,Fev tuition; source: TEMURBEK SCHOOL - Nuriddinova Kifoyat 45%.csv line 43,,,,,,,
STU-00613,2026-03-01,270000,UZS,Cash,,RCPT-N-01559,Completed,Tuition,Mart tuition; source: TEMURBEK SCHOOL - Nuriddinova Kifoyat 45%.csv line 43,,,,,,,
STU-00613,2026-04-01,270000,UZS,Cash,,RCPT-N-01560,Completed,Tuition,Aprel tuition; source: TEMURBEK SCHOOL - Nuriddinova Kifoyat 45%.csv line 43,,,,,,,
STU-00614,2025-12-01,270000,UZS,Cash,,RCPT-N-01561,Completed,Tuition,Dekabr tuition; source: TEMURBEK SCHOOL - Nuriddinova Kifoyat 45%.csv line 44,,,,,,,
STU-00614,2026-01-01,270000,UZS,Cash,,RCPT-N-01562,Completed,Tuition,Yan tuition; source: TEMURBEK SCHOOL - Nuriddinova Kifoyat 45%.csv line 44,,,,,,,
STU-00614,2026-02-01,270000,UZS,Cash,,RCPT-N-01563,Completed,Tuition,Fev tuition; source: TEMURBEK SCHOOL - Nuriddinova Kifoyat 45%.csv line 44,,,,,,,
STU-00614,2026-03-01,270000,UZS,Cash,,RCPT-N-01564,Completed,Tuition,Mart tuition; source: TEMURBEK SCHOOL - Nuriddinova Kifoyat 45%.csv line 44,,,,,,,
STU-00614,2026-04-01,270000,UZS,Cash,,RCPT-N-01565,Completed,Tuition,Aprel tuition; source: TEMURBEK SCHOOL - Nuriddinova Kifoyat 45%.csv line 44,,,,,,,
STU-00614,2026-05-01,270000,UZS,Cash,,RCPT-N-01566,Completed,Tuition,May tuition; source: TEMURBEK SCHOOL - Nuriddinova Kifoyat 45%.csv line 44,,,,,,,
STU-00615,2026-01-01,270000,UZS,Cash,,RCPT-N-01567,Completed,Tuition,Yan tuition; source: TEMURBEK SCHOOL - Nuriddinova Kifoyat 45%.csv line 45,,,,,,,
STU-00615,2026-02-01,270000,UZS,Cash,,RCPT-N-01568,Completed,Tuition,Fev tuition; source: TEMURBEK SCHOOL - Nuriddinova Kifoyat 45%.csv line 45,,,,,,,
STU-00615,2026-03-01,270000,UZS,Cash,,RCPT-N-01569,Completed,Tuition,Mart tuition; source: TEMURBEK SCHOOL - Nuriddinova Kifoyat 45%.csv line 45,,,,,,,
STU-00615,2026-04-01,270000,UZS,Cash,,RCPT-N-01570,Completed,Tuition,Aprel tuition; source: TEMURBEK SCHOOL - Nuriddinova Kifoyat 45%.csv line 45,,,,,,,
STU-00617,2026-05-01,270000,UZS,Cash,,RCPT-N-01571,Completed,Tuition,May tuition; source: TEMURBEK SCHOOL - Nuriddinova Kifoyat 45%.csv line 47,,,,,,,
STU-00618,2026-05-01,270000,UZS,Cash,,RCPT-N-01572,Completed,Tuition,May tuition; source: TEMURBEK SCHOOL - Nuriddinova Kifoyat 45%.csv line 48,,,,,,,
STU-00620,2025-11-01,270000,UZS,Cash,,RCPT-N-01573,Completed,Tuition,Noyabr tuition; source: TEMURBEK SCHOOL - O'ktamov Aminjon 50%.csv line 7,serial_discount,fixed,10000,280000,10000,270000,true
STU-00620,2025-12-01,270000,UZS,Cash,,RCPT-N-01574,Completed,Tuition,Dekabr tuition; source: TEMURBEK SCHOOL - O'ktamov Aminjon 50%.csv line 7,serial_discount,fixed,10000,280000,10000,270000,true
STU-00620,2026-01-01,270000,UZS,Cash,,RCPT-N-01575,Completed,Tuition,Yanvar tuition; source: TEMURBEK SCHOOL - O'ktamov Aminjon 50%.csv line 7,serial_discount,fixed,10000,280000,10000,270000,true
STU-00620,2026-02-01,270000,UZS,Cash,,RCPT-N-01576,Completed,Tuition,Fevral tuition; source: TEMURBEK SCHOOL - O'ktamov Aminjon 50%.csv line 7,serial_discount,fixed,10000,280000,10000,270000,true
STU-00620,2026-03-01,270000,UZS,Cash,,RCPT-N-01577,Completed,Tuition,Mart tuition; source: TEMURBEK SCHOOL - O'ktamov Aminjon 50%.csv line 7,serial_discount,fixed,10000,280000,10000,270000,true
STU-00620,2026-04-01,270000,UZS,Cash,,RCPT-N-01578,Completed,Tuition,Aprel tuition; source: TEMURBEK SCHOOL - O'ktamov Aminjon 50%.csv line 7,serial_discount,fixed,10000,280000,10000,270000,true
STU-00620,2026-05-01,270000,UZS,Cash,,RCPT-N-01579,Completed,Tuition,May tuition; source: TEMURBEK SCHOOL - O'ktamov Aminjon 50%.csv line 7,serial_discount,fixed,10000,280000,10000,270000,true
STU-00621,2025-11-01,280000,UZS,Cash,,RCPT-N-01580,Completed,Tuition,Noyabr tuition; source: TEMURBEK SCHOOL - O'ktamov Aminjon 50%.csv line 8,,,,,,,
STU-00621,2025-12-01,280000,UZS,Cash,,RCPT-N-01581,Completed,Tuition,Dekabr tuition; source: TEMURBEK SCHOOL - O'ktamov Aminjon 50%.csv line 8,,,,,,,
STU-00621,2026-01-01,280000,UZS,Cash,,RCPT-N-01582,Completed,Tuition,Yanvar tuition; source: TEMURBEK SCHOOL - O'ktamov Aminjon 50%.csv line 8,,,,,,,
STU-00621,2026-02-01,280000,UZS,Cash,,RCPT-N-01583,Completed,Tuition,Fevral tuition; source: TEMURBEK SCHOOL - O'ktamov Aminjon 50%.csv line 8,,,,,,,
STU-00621,2026-03-01,280000,UZS,Cash,,RCPT-N-01584,Completed,Tuition,Mart tuition; source: TEMURBEK SCHOOL - O'ktamov Aminjon 50%.csv line 8,,,,,,,
STU-00621,2026-04-01,280000,UZS,Cash,,RCPT-N-01585,Completed,Tuition,Aprel tuition; source: TEMURBEK SCHOOL - O'ktamov Aminjon 50%.csv line 8,,,,,,,
STU-00621,2026-05-01,280000,UZS,Cash,,RCPT-N-01586,Completed,Tuition,May tuition; source: TEMURBEK SCHOOL - O'ktamov Aminjon 50%.csv line 8,,,,,,,
STU-00622,2025-11-01,280000,UZS,Cash,,RCPT-N-01587,Completed,Tuition,Noyabr tuition; source: TEMURBEK SCHOOL - O'ktamov Aminjon 50%.csv line 9,,,,,,,
STU-00622,2025-12-01,280000,UZS,Cash,,RCPT-N-01588,Completed,Tuition,Dekabr tuition; source: TEMURBEK SCHOOL - O'ktamov Aminjon 50%.csv line 9,,,,,,,
STU-00622,2026-01-01,280000,UZS,Cash,,RCPT-N-01589,Completed,Tuition,Yanvar tuition; source: TEMURBEK SCHOOL - O'ktamov Aminjon 50%.csv line 9,,,,,,,
STU-00622,2026-02-01,280000,UZS,Cash,,RCPT-N-01590,Completed,Tuition,Fevral tuition; source: TEMURBEK SCHOOL - O'ktamov Aminjon 50%.csv line 9,,,,,,,
STU-00622,2026-03-01,280000,UZS,Cash,,RCPT-N-01591,Completed,Tuition,Mart tuition; source: TEMURBEK SCHOOL - O'ktamov Aminjon 50%.csv line 9,,,,,,,
STU-00622,2026-04-01,280000,UZS,Cash,,RCPT-N-01592,Completed,Tuition,Aprel tuition; source: TEMURBEK SCHOOL - O'ktamov Aminjon 50%.csv line 9,,,,,,,
STU-00622,2026-05-01,280000,UZS,Cash,,RCPT-N-01593,Completed,Tuition,May tuition; source: TEMURBEK SCHOOL - O'ktamov Aminjon 50%.csv line 9,,,,,,,
STU-00623,2025-11-01,270000,UZS,Cash,,RCPT-N-01594,Completed,Tuition,Noyabr tuition; source: TEMURBEK SCHOOL - O'ktamov Aminjon 50%.csv line 10,monthly_discount,fixed,10000,280000,10000,270000,true
STU-00623,2025-12-01,280000,UZS,Cash,,RCPT-N-01595,Completed,Tuition,Dekabr tuition; source: TEMURBEK SCHOOL - O'ktamov Aminjon 50%.csv line 10,,,,,,,
STU-00623,2026-01-01,280000,UZS,Cash,,RCPT-N-01596,Completed,Tuition,Yanvar tuition; source: TEMURBEK SCHOOL - O'ktamov Aminjon 50%.csv line 10,,,,,,,
STU-00623,2026-02-01,280000,UZS,Cash,,RCPT-N-01597,Completed,Tuition,Fevral tuition; source: TEMURBEK SCHOOL - O'ktamov Aminjon 50%.csv line 10,,,,,,,
STU-00623,2026-03-01,280000,UZS,Cash,,RCPT-N-01598,Completed,Tuition,Mart tuition; source: TEMURBEK SCHOOL - O'ktamov Aminjon 50%.csv line 10,,,,,,,
STU-00623,2026-04-01,280000,UZS,Cash,,RCPT-N-01599,Completed,Tuition,Aprel tuition; source: TEMURBEK SCHOOL - O'ktamov Aminjon 50%.csv line 10,,,,,,,
STU-00623,2026-05-01,280000,UZS,Cash,,RCPT-N-01600,Completed,Tuition,May tuition; source: TEMURBEK SCHOOL - O'ktamov Aminjon 50%.csv line 10,,,,,,,
STU-00624,2025-11-01,280000,UZS,Cash,,RCPT-N-01601,Completed,Tuition,Noyabr tuition; source: TEMURBEK SCHOOL - O'ktamov Aminjon 50%.csv line 11,,,,,,,
STU-00624,2025-12-01,280000,UZS,Cash,,RCPT-N-01602,Completed,Tuition,Dekabr tuition; source: TEMURBEK SCHOOL - O'ktamov Aminjon 50%.csv line 11,,,,,,,
STU-00624,2026-01-01,280000,UZS,Cash,,RCPT-N-01603,Completed,Tuition,Yanvar tuition; source: TEMURBEK SCHOOL - O'ktamov Aminjon 50%.csv line 11,,,,,,,
STU-00624,2026-02-01,280000,UZS,Cash,,RCPT-N-01604,Completed,Tuition,Fevral tuition; source: TEMURBEK SCHOOL - O'ktamov Aminjon 50%.csv line 11,,,,,,,
STU-00624,2026-03-01,280000,UZS,Cash,,RCPT-N-01605,Completed,Tuition,Mart tuition; source: TEMURBEK SCHOOL - O'ktamov Aminjon 50%.csv line 11,,,,,,,
STU-00624,2026-04-01,280000,UZS,Cash,,RCPT-N-01606,Completed,Tuition,Aprel tuition; source: TEMURBEK SCHOOL - O'ktamov Aminjon 50%.csv line 11,,,,,,,
STU-00624,2026-05-01,280000,UZS,Cash,,RCPT-N-01607,Completed,Tuition,May tuition; source: TEMURBEK SCHOOL - O'ktamov Aminjon 50%.csv line 11,,,,,,,
STU-00625,2025-11-01,270000,UZS,Cash,,RCPT-N-01608,Completed,Tuition,Noyabr tuition; source: TEMURBEK SCHOOL - O'ktamov Aminjon 50%.csv line 12,monthly_discount,fixed,10000,280000,10000,270000,true
STU-00625,2025-12-01,270000,UZS,Cash,,RCPT-N-01609,Completed,Tuition,Dekabr tuition; source: TEMURBEK SCHOOL - O'ktamov Aminjon 50%.csv line 12,monthly_discount,fixed,10000,280000,10000,270000,true
STU-00625,2026-01-01,270000,UZS,Cash,,RCPT-N-01610,Completed,Tuition,Yanvar tuition; source: TEMURBEK SCHOOL - O'ktamov Aminjon 50%.csv line 12,monthly_discount,fixed,10000,280000,10000,270000,true
STU-00625,2026-02-01,260000,UZS,Cash,,RCPT-N-01611,Completed,Tuition,Fevral tuition; source: TEMURBEK SCHOOL - O'ktamov Aminjon 50%.csv line 12,serial_discount,fixed,20000,280000,20000,260000,true
STU-00625,2026-03-01,270000,UZS,Cash,,RCPT-N-01612,Completed,Tuition,Mart tuition; source: TEMURBEK SCHOOL - O'ktamov Aminjon 50%.csv line 12,monthly_discount,fixed,10000,280000,10000,270000,true
STU-00625,2026-04-01,270000,UZS,Cash,,RCPT-N-01613,Completed,Tuition,Aprel tuition; source: TEMURBEK SCHOOL - O'ktamov Aminjon 50%.csv line 12,monthly_discount,fixed,10000,280000,10000,270000,true
STU-00625,2026-05-01,260000,UZS,Cash,,RCPT-N-01614,Completed,Tuition,May tuition; source: TEMURBEK SCHOOL - O'ktamov Aminjon 50%.csv line 12,serial_discount,fixed,20000,280000,20000,260000,true
STU-00626,2025-11-01,270000,UZS,Cash,,RCPT-N-01615,Completed,Tuition,Noyabr tuition; source: TEMURBEK SCHOOL - O'ktamov Aminjon 50%.csv line 13,serial_discount,fixed,10000,280000,10000,270000,true
STU-00626,2025-12-01,270000,UZS,Cash,,RCPT-N-01616,Completed,Tuition,Dekabr tuition; source: TEMURBEK SCHOOL - O'ktamov Aminjon 50%.csv line 13,serial_discount,fixed,10000,280000,10000,270000,true
STU-00626,2026-01-01,270000,UZS,Cash,,RCPT-N-01617,Completed,Tuition,Yanvar tuition; source: TEMURBEK SCHOOL - O'ktamov Aminjon 50%.csv line 13,serial_discount,fixed,10000,280000,10000,270000,true
STU-00626,2026-02-01,270000,UZS,Cash,,RCPT-N-01618,Completed,Tuition,Fevral tuition; source: TEMURBEK SCHOOL - O'ktamov Aminjon 50%.csv line 13,serial_discount,fixed,10000,280000,10000,270000,true
STU-00626,2026-03-01,270000,UZS,Cash,,RCPT-N-01619,Completed,Tuition,Mart tuition; source: TEMURBEK SCHOOL - O'ktamov Aminjon 50%.csv line 13,serial_discount,fixed,10000,280000,10000,270000,true
STU-00626,2026-04-01,270000,UZS,Cash,,RCPT-N-01620,Completed,Tuition,Aprel tuition; source: TEMURBEK SCHOOL - O'ktamov Aminjon 50%.csv line 13,serial_discount,fixed,10000,280000,10000,270000,true
STU-00626,2026-05-01,270000,UZS,Cash,,RCPT-N-01621,Completed,Tuition,May tuition; source: TEMURBEK SCHOOL - O'ktamov Aminjon 50%.csv line 13,serial_discount,fixed,10000,280000,10000,270000,true
STU-00627,2025-11-01,280000,UZS,Cash,,RCPT-N-01622,Completed,Tuition,Noyabr tuition; source: TEMURBEK SCHOOL - O'ktamov Aminjon 50%.csv line 14,,,,,,,
STU-00627,2025-12-01,280000,UZS,Cash,,RCPT-N-01623,Completed,Tuition,Dekabr tuition; source: TEMURBEK SCHOOL - O'ktamov Aminjon 50%.csv line 14,,,,,,,
STU-00627,2026-01-01,280000,UZS,Cash,,RCPT-N-01624,Completed,Tuition,Yanvar tuition; source: TEMURBEK SCHOOL - O'ktamov Aminjon 50%.csv line 14,,,,,,,
STU-00627,2026-02-01,280000,UZS,Cash,,RCPT-N-01625,Completed,Tuition,Fevral tuition; source: TEMURBEK SCHOOL - O'ktamov Aminjon 50%.csv line 14,,,,,,,
STU-00627,2026-03-01,280000,UZS,Cash,,RCPT-N-01626,Completed,Tuition,Mart tuition; source: TEMURBEK SCHOOL - O'ktamov Aminjon 50%.csv line 14,,,,,,,
STU-00627,2026-04-01,280000,UZS,Cash,,RCPT-N-01627,Completed,Tuition,Aprel tuition; source: TEMURBEK SCHOOL - O'ktamov Aminjon 50%.csv line 14,,,,,,,
STU-00628,2025-11-01,280000,UZS,Cash,,RCPT-N-01628,Completed,Tuition,Noyabr tuition; source: TEMURBEK SCHOOL - O'ktamov Aminjon 50%.csv line 15,,,,,,,
STU-00628,2025-12-01,280000,UZS,Cash,,RCPT-N-01629,Completed,Tuition,Dekabr tuition; source: TEMURBEK SCHOOL - O'ktamov Aminjon 50%.csv line 15,,,,,,,
STU-00628,2026-01-01,280000,UZS,Cash,,RCPT-N-01630,Completed,Tuition,Yanvar tuition; source: TEMURBEK SCHOOL - O'ktamov Aminjon 50%.csv line 15,,,,,,,
STU-00628,2026-02-01,280000,UZS,Cash,,RCPT-N-01631,Completed,Tuition,Fevral tuition; source: TEMURBEK SCHOOL - O'ktamov Aminjon 50%.csv line 15,,,,,,,
STU-00628,2026-03-01,280000,UZS,Cash,,RCPT-N-01632,Completed,Tuition,Mart tuition; source: TEMURBEK SCHOOL - O'ktamov Aminjon 50%.csv line 15,,,,,,,
STU-00628,2026-04-01,280000,UZS,Cash,,RCPT-N-01633,Completed,Tuition,Aprel tuition; source: TEMURBEK SCHOOL - O'ktamov Aminjon 50%.csv line 15,,,,,,,
STU-00628,2026-05-01,280000,UZS,Cash,,RCPT-N-01634,Completed,Tuition,May tuition; source: TEMURBEK SCHOOL - O'ktamov Aminjon 50%.csv line 15,,,,,,,
STU-00629,2026-01-01,270000,UZS,Cash,,RCPT-N-01635,Completed,Tuition,Yanvar tuition; source: TEMURBEK SCHOOL - O'ktamov Aminjon 50%.csv line 16,monthly_discount,fixed,10000,280000,10000,270000,true
STU-00629,2026-02-01,260000,UZS,Cash,,RCPT-N-01636,Completed,Tuition,Fevral tuition; source: TEMURBEK SCHOOL - O'ktamov Aminjon 50%.csv line 16,serial_discount,fixed,20000,280000,20000,260000,true
STU-00629,2026-03-01,270000,UZS,Cash,,RCPT-N-01637,Completed,Tuition,Mart tuition; source: TEMURBEK SCHOOL - O'ktamov Aminjon 50%.csv line 16,monthly_discount,fixed,10000,280000,10000,270000,true
STU-00629,2026-04-01,270000,UZS,Cash,,RCPT-N-01638,Completed,Tuition,Aprel tuition; source: TEMURBEK SCHOOL - O'ktamov Aminjon 50%.csv line 16,monthly_discount,fixed,10000,280000,10000,270000,true
STU-00629,2026-05-01,260000,UZS,Cash,,RCPT-N-01639,Completed,Tuition,May tuition; source: TEMURBEK SCHOOL - O'ktamov Aminjon 50%.csv line 16,serial_discount,fixed,20000,280000,20000,260000,true
STU-00630,2026-02-01,350000,UZS,Cash,,RCPT-N-01640,Completed,Tuition,Fevral tuition; source: TEMURBEK SCHOOL - O'ktamov Aminjon 50%.csv line 17,,,,,,,
STU-00630,2026-03-01,200000,UZS,Cash,,RCPT-N-01641,Completed,Tuition,Mart tuition; source: TEMURBEK SCHOOL - O'ktamov Aminjon 50%.csv line 17,monthly_discount,fixed,80000,280000,80000,200000,true
STU-00630,2026-04-01,280000,UZS,Cash,,RCPT-N-01642,Completed,Tuition,Aprel tuition; source: TEMURBEK SCHOOL - O'ktamov Aminjon 50%.csv line 17,,,,,,,
STU-00631,2026-02-01,200000,UZS,Cash,,RCPT-N-01643,Completed,Tuition,Fevral tuition; source: TEMURBEK SCHOOL - O'ktamov Aminjon 50%.csv line 18,serial_discount,fixed,80000,280000,80000,200000,true
STU-00631,2026-03-01,200000,UZS,Cash,,RCPT-N-01644,Completed,Tuition,Mart tuition; source: TEMURBEK SCHOOL - O'ktamov Aminjon 50%.csv line 18,serial_discount,fixed,80000,280000,80000,200000,true
STU-00631,2026-04-01,200000,UZS,Cash,,RCPT-N-01645,Completed,Tuition,Aprel tuition; source: TEMURBEK SCHOOL - O'ktamov Aminjon 50%.csv line 18,serial_discount,fixed,80000,280000,80000,200000,true
STU-00631,2026-05-01,200000,UZS,Cash,,RCPT-N-01646,Completed,Tuition,May tuition; source: TEMURBEK SCHOOL - O'ktamov Aminjon 50%.csv line 18,serial_discount,fixed,80000,280000,80000,200000,true
STU-00632,2026-02-01,280000,UZS,Cash,,RCPT-N-01647,Completed,Tuition,Fevral tuition; source: TEMURBEK SCHOOL - O'ktamov Aminjon 50%.csv line 19,,,,,,,
STU-00632,2026-03-01,280000,UZS,Cash,,RCPT-N-01648,Completed,Tuition,Mart tuition; source: TEMURBEK SCHOOL - O'ktamov Aminjon 50%.csv line 19,,,,,,,
STU-00632,2026-04-01,280000,UZS,Cash,,RCPT-N-01649,Completed,Tuition,Aprel tuition; source: TEMURBEK SCHOOL - O'ktamov Aminjon 50%.csv line 19,,,,,,,
STU-00633,2026-02-01,140000,UZS,Cash,,RCPT-N-01650,Completed,Tuition,Fevral tuition; source: TEMURBEK SCHOOL - O'ktamov Aminjon 50%.csv line 20,monthly_discount,fixed,140000,280000,140000,140000,true
STU-00633,2026-03-01,280000,UZS,Cash,,RCPT-N-01651,Completed,Tuition,Mart tuition; source: TEMURBEK SCHOOL - O'ktamov Aminjon 50%.csv line 20,,,,,,,
STU-00633,2026-04-01,280000,UZS,Cash,,RCPT-N-01652,Completed,Tuition,Aprel tuition; source: TEMURBEK SCHOOL - O'ktamov Aminjon 50%.csv line 20,,,,,,,
STU-00633,2026-05-01,260000,UZS,Cash,,RCPT-N-01653,Completed,Tuition,May tuition; source: TEMURBEK SCHOOL - O'ktamov Aminjon 50%.csv line 20,monthly_discount,fixed,20000,280000,20000,260000,true
STU-00634,2026-03-01,280000,UZS,Cash,,RCPT-N-01654,Completed,Tuition,Mart tuition; source: TEMURBEK SCHOOL - O'ktamov Aminjon 50%.csv line 21,,,,,,,
STU-00634,2026-04-01,280000,UZS,Cash,,RCPT-N-01655,Completed,Tuition,Aprel tuition; source: TEMURBEK SCHOOL - O'ktamov Aminjon 50%.csv line 21,,,,,,,
STU-00634,2026-05-01,280000,UZS,Cash,,RCPT-N-01656,Completed,Tuition,May tuition; source: TEMURBEK SCHOOL - O'ktamov Aminjon 50%.csv line 21,,,,,,,
STU-00635,2026-04-01,280000,UZS,Cash,,RCPT-N-01657,Completed,Tuition,Aprel tuition; source: TEMURBEK SCHOOL - O'ktamov Aminjon 50%.csv line 22,,,,,,,
STU-00635,2026-05-01,280000,UZS,Cash,,RCPT-N-01658,Completed,Tuition,May tuition; source: TEMURBEK SCHOOL - O'ktamov Aminjon 50%.csv line 22,,,,,,,
STU-00638,2026-05-01,280000,UZS,Cash,,RCPT-N-01659,Completed,Tuition,May tuition; source: TEMURBEK SCHOOL - O'ktamov Aminjon 50%.csv line 25,,,,,,,
STU-00639,2026-05-01,280000,UZS,Cash,,RCPT-N-01660,Completed,Tuition,May tuition; source: TEMURBEK SCHOOL - O'ktamov Aminjon 50%.csv line 26,,,,,,,
STU-00647,2025-11-01,280000,UZS,Cash,,RCPT-N-01661,Completed,Tuition,Noyabr tuition; source: TEMURBEK SCHOOL - O'ktamov Aminjon 50%.csv line 45,,,,,,,
STU-00647,2025-12-01,190000,UZS,Cash,,RCPT-N-01662,Completed,Tuition,Dekabr tuition; source: TEMURBEK SCHOOL - O'ktamov Aminjon 50%.csv line 45,monthly_discount,fixed,90000,280000,90000,190000,true
STU-00647,2026-01-01,280000,UZS,Cash,,RCPT-N-01663,Completed,Tuition,Yanvar tuition; source: TEMURBEK SCHOOL - O'ktamov Aminjon 50%.csv line 45,,,,,,,
STU-00647,2026-02-01,280000,UZS,Cash,,RCPT-N-01664,Completed,Tuition,Fevral tuition; source: TEMURBEK SCHOOL - O'ktamov Aminjon 50%.csv line 45,,,,,,,
STU-00647,2026-03-01,280000,UZS,Cash,,RCPT-N-01665,Completed,Tuition,Mart tuition; source: TEMURBEK SCHOOL - O'ktamov Aminjon 50%.csv line 45,,,,,,,
STU-00647,2026-04-01,280000,UZS,Cash,,RCPT-N-01666,Completed,Tuition,Aprel tuition; source: TEMURBEK SCHOOL - O'ktamov Aminjon 50%.csv line 45,,,,,,,
STU-00647,2026-05-01,280000,UZS,Cash,,RCPT-N-01667,Completed,Tuition,May tuition; source: TEMURBEK SCHOOL - O'ktamov Aminjon 50%.csv line 45,,,,,,,
STU-00648,2025-11-01,280000,UZS,Cash,,RCPT-N-01668,Completed,Tuition,Noyabr tuition; source: TEMURBEK SCHOOL - O'ktamov Aminjon 50%.csv line 46,,,,,,,
STU-00648,2025-12-01,280000,UZS,Cash,,RCPT-N-01669,Completed,Tuition,Dekabr tuition; source: TEMURBEK SCHOOL - O'ktamov Aminjon 50%.csv line 46,,,,,,,
STU-00648,2026-01-01,280000,UZS,Cash,,RCPT-N-01670,Completed,Tuition,Yanvar tuition; source: TEMURBEK SCHOOL - O'ktamov Aminjon 50%.csv line 46,,,,,,,
STU-00648,2026-02-01,280000,UZS,Cash,,RCPT-N-01671,Completed,Tuition,Fevral tuition; source: TEMURBEK SCHOOL - O'ktamov Aminjon 50%.csv line 46,,,,,,,
STU-00648,2026-03-01,280000,UZS,Cash,,RCPT-N-01672,Completed,Tuition,Mart tuition; source: TEMURBEK SCHOOL - O'ktamov Aminjon 50%.csv line 46,,,,,,,
STU-00648,2026-04-01,280000,UZS,Cash,,RCPT-N-01673,Completed,Tuition,Aprel tuition; source: TEMURBEK SCHOOL - O'ktamov Aminjon 50%.csv line 46,,,,,,,
STU-00648,2026-05-01,280000,UZS,Cash,,RCPT-N-01674,Completed,Tuition,May tuition; source: TEMURBEK SCHOOL - O'ktamov Aminjon 50%.csv line 46,,,,,,,
STU-00649,2025-12-01,280000,UZS,Cash,,RCPT-N-01675,Completed,Tuition,Dekabr tuition; source: TEMURBEK SCHOOL - O'ktamov Aminjon 50%.csv line 47,,,,,,,
STU-00649,2026-01-01,280000,UZS,Cash,,RCPT-N-01676,Completed,Tuition,Yanvar tuition; source: TEMURBEK SCHOOL - O'ktamov Aminjon 50%.csv line 47,,,,,,,
STU-00649,2026-02-01,280000,UZS,Cash,,RCPT-N-01677,Completed,Tuition,Fevral tuition; source: TEMURBEK SCHOOL - O'ktamov Aminjon 50%.csv line 47,,,,,,,
STU-00649,2026-03-01,280000,UZS,Cash,,RCPT-N-01678,Completed,Tuition,Mart tuition; source: TEMURBEK SCHOOL - O'ktamov Aminjon 50%.csv line 47,,,,,,,
STU-00649,2026-05-01,280000,UZS,Cash,,RCPT-N-01679,Completed,Tuition,May tuition; source: TEMURBEK SCHOOL - O'ktamov Aminjon 50%.csv line 47,,,,,,,
STU-00650,2025-11-01,270000,UZS,Cash,,RCPT-N-01680,Completed,Tuition,Noyabr tuition; source: TEMURBEK SCHOOL - O'ktamov Aminjon 50%.csv line 48,monthly_discount,fixed,10000,280000,10000,270000,true
STU-00650,2025-12-01,270000,UZS,Cash,,RCPT-N-01681,Completed,Tuition,Dekabr tuition; source: TEMURBEK SCHOOL - O'ktamov Aminjon 50%.csv line 48,monthly_discount,fixed,10000,280000,10000,270000,true
STU-00650,2026-01-01,280000,UZS,Cash,,RCPT-N-01682,Completed,Tuition,Yanvar tuition; source: TEMURBEK SCHOOL - O'ktamov Aminjon 50%.csv line 48,,,,,,,
STU-00650,2026-02-01,280000,UZS,Cash,,RCPT-N-01683,Completed,Tuition,Fevral tuition; source: TEMURBEK SCHOOL - O'ktamov Aminjon 50%.csv line 48,,,,,,,
STU-00650,2026-03-01,280000,UZS,Cash,,RCPT-N-01684,Completed,Tuition,Mart tuition; source: TEMURBEK SCHOOL - O'ktamov Aminjon 50%.csv line 48,,,,,,,
STU-00650,2026-04-01,280000,UZS,Cash,,RCPT-N-01685,Completed,Tuition,Aprel tuition; source: TEMURBEK SCHOOL - O'ktamov Aminjon 50%.csv line 48,,,,,,,
STU-00650,2026-05-01,280000,UZS,Cash,,RCPT-N-01686,Completed,Tuition,May tuition; source: TEMURBEK SCHOOL - O'ktamov Aminjon 50%.csv line 48,,,,,,,
STU-00651,2025-11-01,280000,UZS,Cash,,RCPT-N-01687,Completed,Tuition,Noyabr tuition; source: TEMURBEK SCHOOL - O'ktamov Aminjon 50%.csv line 49,,,,,,,
STU-00651,2025-12-01,280000,UZS,Cash,,RCPT-N-01688,Completed,Tuition,Dekabr tuition; source: TEMURBEK SCHOOL - O'ktamov Aminjon 50%.csv line 49,,,,,,,
STU-00651,2026-01-01,280000,UZS,Cash,,RCPT-N-01689,Completed,Tuition,Yanvar tuition; source: TEMURBEK SCHOOL - O'ktamov Aminjon 50%.csv line 49,,,,,,,
STU-00651,2026-02-01,280000,UZS,Cash,,RCPT-N-01690,Completed,Tuition,Fevral tuition; source: TEMURBEK SCHOOL - O'ktamov Aminjon 50%.csv line 49,,,,,,,
STU-00651,2026-03-01,280000,UZS,Cash,,RCPT-N-01691,Completed,Tuition,Mart tuition; source: TEMURBEK SCHOOL - O'ktamov Aminjon 50%.csv line 49,,,,,,,
STU-00651,2026-04-01,280000,UZS,Cash,,RCPT-N-01692,Completed,Tuition,Aprel tuition; source: TEMURBEK SCHOOL - O'ktamov Aminjon 50%.csv line 49,,,,,,,
STU-00651,2026-05-01,280000,UZS,Cash,,RCPT-N-01693,Completed,Tuition,May tuition; source: TEMURBEK SCHOOL - O'ktamov Aminjon 50%.csv line 49,,,,,,,
STU-00652,2025-11-01,200000,UZS,Cash,,RCPT-N-01694,Completed,Tuition,Noyabr tuition; source: TEMURBEK SCHOOL - O'ktamov Aminjon 50%.csv line 50,serial_discount,fixed,80000,280000,80000,200000,true
STU-00652,2025-12-01,200000,UZS,Cash,,RCPT-N-01695,Completed,Tuition,Dekabr tuition; source: TEMURBEK SCHOOL - O'ktamov Aminjon 50%.csv line 50,serial_discount,fixed,80000,280000,80000,200000,true
STU-00652,2026-01-01,200000,UZS,Cash,,RCPT-N-01696,Completed,Tuition,Yanvar tuition; source: TEMURBEK SCHOOL - O'ktamov Aminjon 50%.csv line 50,serial_discount,fixed,80000,280000,80000,200000,true
STU-00652,2026-02-01,200000,UZS,Cash,,RCPT-N-01697,Completed,Tuition,Fevral tuition; source: TEMURBEK SCHOOL - O'ktamov Aminjon 50%.csv line 50,serial_discount,fixed,80000,280000,80000,200000,true
STU-00652,2026-03-01,200000,UZS,Cash,,RCPT-N-01698,Completed,Tuition,Mart tuition; source: TEMURBEK SCHOOL - O'ktamov Aminjon 50%.csv line 50,serial_discount,fixed,80000,280000,80000,200000,true
STU-00652,2026-04-01,200000,UZS,Cash,,RCPT-N-01699,Completed,Tuition,Aprel tuition; source: TEMURBEK SCHOOL - O'ktamov Aminjon 50%.csv line 50,serial_discount,fixed,80000,280000,80000,200000,true
STU-00652,2026-05-01,200000,UZS,Cash,,RCPT-N-01700,Completed,Tuition,May tuition; source: TEMURBEK SCHOOL - O'ktamov Aminjon 50%.csv line 50,serial_discount,fixed,80000,280000,80000,200000,true
STU-00653,2025-11-01,280000,UZS,Cash,,RCPT-N-01701,Completed,Tuition,Noyabr tuition; source: TEMURBEK SCHOOL - O'ktamov Aminjon 50%.csv line 51,,,,,,,
STU-00653,2025-12-01,280000,UZS,Cash,,RCPT-N-01702,Completed,Tuition,Dekabr tuition; source: TEMURBEK SCHOOL - O'ktamov Aminjon 50%.csv line 51,,,,,,,
STU-00653,2026-01-01,280000,UZS,Cash,,RCPT-N-01703,Completed,Tuition,Yanvar tuition; source: TEMURBEK SCHOOL - O'ktamov Aminjon 50%.csv line 51,,,,,,,
STU-00653,2026-02-01,70000,UZS,Cash,,RCPT-N-01704,Completed,Tuition,Fevral tuition; source: TEMURBEK SCHOOL - O'ktamov Aminjon 50%.csv line 51,monthly_discount,fixed,210000,280000,210000,70000,true
STU-00653,2026-03-01,210000,UZS,Cash,,RCPT-N-01705,Completed,Tuition,Mart tuition; source: TEMURBEK SCHOOL - O'ktamov Aminjon 50%.csv line 51,monthly_discount,fixed,70000,280000,70000,210000,true
STU-00653,2026-04-01,115000,UZS,Cash,,RCPT-N-01706,Completed,Tuition,Aprel tuition; source: TEMURBEK SCHOOL - O'ktamov Aminjon 50%.csv line 51,serial_discount,fixed,165000,280000,165000,115000,true
STU-00653,2026-05-01,115000,UZS,Cash,,RCPT-N-01707,Completed,Tuition,May tuition; source: TEMURBEK SCHOOL - O'ktamov Aminjon 50%.csv line 51,serial_discount,fixed,165000,280000,165000,115000,true
STU-00654,2025-11-01,650000,UZS,Cash,,RCPT-N-01708,Completed,Tuition,Noyabr tuition; source: TEMURBEK SCHOOL - O'ktamov Aminjon 50%.csv line 52,,,,,,,
STU-00654,2025-12-01,280000,UZS,Cash,,RCPT-N-01709,Completed,Tuition,Dekabr tuition; source: TEMURBEK SCHOOL - O'ktamov Aminjon 50%.csv line 52,,,,,,,
STU-00654,2026-01-01,280000,UZS,Cash,,RCPT-N-01710,Completed,Tuition,Yanvar tuition; source: TEMURBEK SCHOOL - O'ktamov Aminjon 50%.csv line 52,,,,,,,
STU-00654,2026-02-01,280000,UZS,Cash,,RCPT-N-01711,Completed,Tuition,Fevral tuition; source: TEMURBEK SCHOOL - O'ktamov Aminjon 50%.csv line 52,,,,,,,
STU-00654,2026-03-01,280000,UZS,Cash,,RCPT-N-01712,Completed,Tuition,Mart tuition; source: TEMURBEK SCHOOL - O'ktamov Aminjon 50%.csv line 52,,,,,,,
STU-00655,2025-11-01,220000,UZS,Cash,,RCPT-N-01713,Completed,Tuition,Noyabr tuition; source: TEMURBEK SCHOOL - O'ktamov Aminjon 50%.csv line 53,monthly_discount,fixed,60000,280000,60000,220000,true
STU-00655,2026-01-01,280000,UZS,Cash,,RCPT-N-01714,Completed,Tuition,Yanvar tuition; source: TEMURBEK SCHOOL - O'ktamov Aminjon 50%.csv line 53,,,,,,,
STU-00655,2026-02-01,185000,UZS,Cash,,RCPT-N-01715,Completed,Tuition,Fevral tuition; source: TEMURBEK SCHOOL - O'ktamov Aminjon 50%.csv line 53,monthly_discount,fixed,95000,280000,95000,185000,true
STU-00655,2026-03-01,280000,UZS,Cash,,RCPT-N-01716,Completed,Tuition,Mart tuition; source: TEMURBEK SCHOOL - O'ktamov Aminjon 50%.csv line 53,,,,,,,
STU-00655,2026-04-01,280000,UZS,Cash,,RCPT-N-01717,Completed,Tuition,Aprel tuition; source: TEMURBEK SCHOOL - O'ktamov Aminjon 50%.csv line 53,,,,,,,
STU-00655,2026-05-01,280000,UZS,Cash,,RCPT-N-01718,Completed,Tuition,May tuition; source: TEMURBEK SCHOOL - O'ktamov Aminjon 50%.csv line 53,,,,,,,
STU-00656,2026-01-01,115000,UZS,Cash,,RCPT-N-01719,Completed,Tuition,Yanvar tuition; source: TEMURBEK SCHOOL - O'ktamov Aminjon 50%.csv line 54,monthly_discount,fixed,165000,280000,165000,115000,true
STU-00656,2026-02-01,250000,UZS,Cash,,RCPT-N-01720,Completed,Tuition,Fevral tuition; source: TEMURBEK SCHOOL - O'ktamov Aminjon 50%.csv line 54,serial_discount,fixed,30000,280000,30000,250000,true
STU-00656,2026-03-01,250000,UZS,Cash,,RCPT-N-01721,Completed,Tuition,Mart tuition; source: TEMURBEK SCHOOL - O'ktamov Aminjon 50%.csv line 54,serial_discount,fixed,30000,280000,30000,250000,true
STU-00656,2026-04-01,150000,UZS,Cash,,RCPT-N-01722,Completed,Tuition,Aprel tuition; source: TEMURBEK SCHOOL - O'ktamov Aminjon 50%.csv line 54,monthly_discount,fixed,130000,280000,130000,150000,true
STU-00656,2026-05-01,250000,UZS,Cash,,RCPT-N-01723,Completed,Tuition,May tuition; source: TEMURBEK SCHOOL - O'ktamov Aminjon 50%.csv line 54,serial_discount,fixed,30000,280000,30000,250000,true
STU-00657,2026-01-01,70000,UZS,Cash,,RCPT-N-01724,Completed,Tuition,Yanvar tuition; source: TEMURBEK SCHOOL - O'ktamov Aminjon 50%.csv line 55,monthly_discount,fixed,210000,280000,210000,70000,true
STU-00657,2026-02-01,280000,UZS,Cash,,RCPT-N-01725,Completed,Tuition,Fevral tuition; source: TEMURBEK SCHOOL - O'ktamov Aminjon 50%.csv line 55,,,,,,,
STU-00657,2026-03-01,280000,UZS,Cash,,RCPT-N-01726,Completed,Tuition,Mart tuition; source: TEMURBEK SCHOOL - O'ktamov Aminjon 50%.csv line 55,,,,,,,
STU-00657,2026-04-01,280000,UZS,Cash,,RCPT-N-01727,Completed,Tuition,Aprel tuition; source: TEMURBEK SCHOOL - O'ktamov Aminjon 50%.csv line 55,,,,,,,
STU-00657,2026-05-01,280000,UZS,Cash,,RCPT-N-01728,Completed,Tuition,May tuition; source: TEMURBEK SCHOOL - O'ktamov Aminjon 50%.csv line 55,,,,,,,
STU-00658,2025-12-01,135000,UZS,Cash,,RCPT-N-01729,Completed,Tuition,Dekabr tuition; source: TEMURBEK SCHOOL - O'ktamov Aminjon 50%.csv line 56,monthly_discount,fixed,145000,280000,145000,135000,true
STU-00658,2026-01-01,280000,UZS,Cash,,RCPT-N-01730,Completed,Tuition,Yanvar tuition; source: TEMURBEK SCHOOL - O'ktamov Aminjon 50%.csv line 56,,,,,,,
STU-00658,2026-02-01,280000,UZS,Cash,,RCPT-N-01731,Completed,Tuition,Fevral tuition; source: TEMURBEK SCHOOL - O'ktamov Aminjon 50%.csv line 56,,,,,,,
STU-00658,2026-03-01,280000,UZS,Cash,,RCPT-N-01732,Completed,Tuition,Mart tuition; source: TEMURBEK SCHOOL - O'ktamov Aminjon 50%.csv line 56,,,,,,,
STU-00658,2026-04-01,290000,UZS,Cash,,RCPT-N-01733,Completed,Tuition,Aprel tuition; source: TEMURBEK SCHOOL - O'ktamov Aminjon 50%.csv line 56,,,,,,,
STU-00659,2025-11-01,280000,UZS,Cash,,RCPT-N-01734,Completed,Tuition,Noyabr tuition; source: TEMURBEK SCHOOL - O'ktamov Aminjon 50%.csv line 57,,,,,,,
STU-00659,2025-12-01,280000,UZS,Cash,,RCPT-N-01735,Completed,Tuition,Dekabr tuition; source: TEMURBEK SCHOOL - O'ktamov Aminjon 50%.csv line 57,,,,,,,
STU-00659,2026-01-01,270000,UZS,Cash,,RCPT-N-01736,Completed,Tuition,Yanvar tuition; source: TEMURBEK SCHOOL - O'ktamov Aminjon 50%.csv line 57,monthly_discount,fixed,10000,280000,10000,270000,true
STU-00659,2026-02-01,270000,UZS,Cash,,RCPT-N-01737,Completed,Tuition,Fevral tuition; source: TEMURBEK SCHOOL - O'ktamov Aminjon 50%.csv line 57,monthly_discount,fixed,10000,280000,10000,270000,true
STU-00659,2026-03-01,280000,UZS,Cash,,RCPT-N-01738,Completed,Tuition,Mart tuition; source: TEMURBEK SCHOOL - O'ktamov Aminjon 50%.csv line 57,,,,,,,
STU-00659,2026-04-01,280000,UZS,Cash,,RCPT-N-01739,Completed,Tuition,Aprel tuition; source: TEMURBEK SCHOOL - O'ktamov Aminjon 50%.csv line 57,,,,,,,
STU-00659,2026-05-01,210000,UZS,Cash,,RCPT-N-01740,Completed,Tuition,May tuition; source: TEMURBEK SCHOOL - O'ktamov Aminjon 50%.csv line 57,monthly_discount,fixed,70000,280000,70000,210000,true
STU-00660,2026-01-01,140000,UZS,Cash,,RCPT-N-01741,Completed,Tuition,Yanvar tuition; source: TEMURBEK SCHOOL - O'ktamov Aminjon 50%.csv line 58,monthly_discount,fixed,140000,280000,140000,140000,true
STU-00660,2026-02-01,250000,UZS,Cash,,RCPT-N-01742,Completed,Tuition,Fevral tuition; source: TEMURBEK SCHOOL - O'ktamov Aminjon 50%.csv line 58,serial_discount,fixed,30000,280000,30000,250000,true
STU-00660,2026-03-01,280000,UZS,Cash,,RCPT-N-01743,Completed,Tuition,Mart tuition; source: TEMURBEK SCHOOL - O'ktamov Aminjon 50%.csv line 58,,,,,,,
STU-00660,2026-04-01,250000,UZS,Cash,,RCPT-N-01744,Completed,Tuition,Aprel tuition; source: TEMURBEK SCHOOL - O'ktamov Aminjon 50%.csv line 58,serial_discount,fixed,30000,280000,30000,250000,true
STU-00660,2026-05-01,250000,UZS,Cash,,RCPT-N-01745,Completed,Tuition,May tuition; source: TEMURBEK SCHOOL - O'ktamov Aminjon 50%.csv line 58,serial_discount,fixed,30000,280000,30000,250000,true
STU-00661,2025-11-01,280000,UZS,Cash,,RCPT-N-01746,Completed,Tuition,Noyabr tuition; source: TEMURBEK SCHOOL - O'ktamov Aminjon 50%.csv line 59,,,,,,,
STU-00661,2025-12-01,280000,UZS,Cash,,RCPT-N-01747,Completed,Tuition,Dekabr tuition; source: TEMURBEK SCHOOL - O'ktamov Aminjon 50%.csv line 59,,,,,,,
STU-00661,2026-01-01,280000,UZS,Cash,,RCPT-N-01748,Completed,Tuition,Yanvar tuition; source: TEMURBEK SCHOOL - O'ktamov Aminjon 50%.csv line 59,,,,,,,
STU-00661,2026-02-01,280000,UZS,Cash,,RCPT-N-01749,Completed,Tuition,Fevral tuition; source: TEMURBEK SCHOOL - O'ktamov Aminjon 50%.csv line 59,,,,,,,
STU-00661,2026-03-01,280000,UZS,Cash,,RCPT-N-01750,Completed,Tuition,Mart tuition; source: TEMURBEK SCHOOL - O'ktamov Aminjon 50%.csv line 59,,,,,,,
STU-00662,2026-03-01,185000,UZS,Cash,,RCPT-N-01751,Completed,Tuition,Mart tuition; source: TEMURBEK SCHOOL - O'ktamov Aminjon 50%.csv line 60,monthly_discount,fixed,95000,280000,95000,185000,true
STU-00662,2026-04-01,280000,UZS,Cash,,RCPT-N-01752,Completed,Tuition,Aprel tuition; source: TEMURBEK SCHOOL - O'ktamov Aminjon 50%.csv line 60,,,,,,,
STU-00662,2026-05-01,280000,UZS,Cash,,RCPT-N-01753,Completed,Tuition,May tuition; source: TEMURBEK SCHOOL - O'ktamov Aminjon 50%.csv line 60,,,,,,,
STU-00663,2026-04-01,280000,UZS,Cash,,RCPT-N-01754,Completed,Tuition,Aprel tuition; source: TEMURBEK SCHOOL - O'ktamov Aminjon 50%.csv line 61,,,,,,,
STU-00663,2026-05-01,280000,UZS,Cash,,RCPT-N-01755,Completed,Tuition,May tuition; source: TEMURBEK SCHOOL - O'ktamov Aminjon 50%.csv line 61,,,,,,,
STU-00664,2026-05-01,200000,UZS,Cash,,RCPT-N-01756,Completed,Tuition,May tuition; source: TEMURBEK SCHOOL - O'ktamov Aminjon 50%.csv line 62,monthly_discount,fixed,80000,280000,80000,200000,true
STU-00665,2026-05-01,280000,UZS,Cash,,RCPT-N-01757,Completed,Tuition,May tuition; source: TEMURBEK SCHOOL - O'ktamov Aminjon 50%.csv line 63,,,,,,,
STU-00666,2026-05-01,115000,UZS,Cash,,RCPT-N-01758,Completed,Tuition,May tuition; source: TEMURBEK SCHOOL - O'ktamov Aminjon 50%.csv line 64,monthly_discount,fixed,165000,280000,165000,115000,true
STU-00667,2025-11-01,280000,UZS,Cash,,RCPT-N-01759,Completed,Tuition,Noyabr tuition; source: TEMURBEK SCHOOL - O'ktamov Aminjon 50%.csv line 80,,,,,,,
STU-00667,2025-12-01,280000,UZS,Cash,,RCPT-N-01760,Completed,Tuition,Dekabr tuition; source: TEMURBEK SCHOOL - O'ktamov Aminjon 50%.csv line 80,,,,,,,
STU-00667,2026-01-01,45000,UZS,Cash,,RCPT-N-01761,Completed,Tuition,Yanvar tuition; source: TEMURBEK SCHOOL - O'ktamov Aminjon 50%.csv line 80,monthly_discount,fixed,235000,280000,235000,45000,true
STU-00667,2026-03-01,280000,UZS,Cash,,RCPT-N-01762,Completed,Tuition,Mart tuition; source: TEMURBEK SCHOOL - O'ktamov Aminjon 50%.csv line 80,,,,,,,
STU-00667,2026-04-01,280000,UZS,Cash,,RCPT-N-01763,Completed,Tuition,Aprel tuition; source: TEMURBEK SCHOOL - O'ktamov Aminjon 50%.csv line 80,,,,,,,
STU-00667,2026-05-01,280000,UZS,Cash,,RCPT-N-01764,Completed,Tuition,May tuition; source: TEMURBEK SCHOOL - O'ktamov Aminjon 50%.csv line 80,,,,,,,
STU-00668,2025-11-01,280000,UZS,Cash,,RCPT-N-01765,Completed,Tuition,Noyabr tuition; source: TEMURBEK SCHOOL - O'ktamov Aminjon 50%.csv line 81,,,,,,,
STU-00668,2025-12-01,280000,UZS,Cash,,RCPT-N-01766,Completed,Tuition,Dekabr tuition; source: TEMURBEK SCHOOL - O'ktamov Aminjon 50%.csv line 81,,,,,,,
STU-00668,2026-01-01,280000,UZS,Cash,,RCPT-N-01767,Completed,Tuition,Yanvar tuition; source: TEMURBEK SCHOOL - O'ktamov Aminjon 50%.csv line 81,,,,,,,
STU-00668,2026-02-01,280000,UZS,Cash,,RCPT-N-01768,Completed,Tuition,Fevral tuition; source: TEMURBEK SCHOOL - O'ktamov Aminjon 50%.csv line 81,,,,,,,
STU-00668,2026-03-01,280000,UZS,Cash,,RCPT-N-01769,Completed,Tuition,Mart tuition; source: TEMURBEK SCHOOL - O'ktamov Aminjon 50%.csv line 81,,,,,,,
STU-00668,2026-04-01,280000,UZS,Cash,,RCPT-N-01770,Completed,Tuition,Aprel tuition; source: TEMURBEK SCHOOL - O'ktamov Aminjon 50%.csv line 81,,,,,,,
STU-00668,2026-05-01,280000,UZS,Cash,,RCPT-N-01771,Completed,Tuition,May tuition; source: TEMURBEK SCHOOL - O'ktamov Aminjon 50%.csv line 81,,,,,,,
STU-00669,2025-11-01,270000,UZS,Cash,,RCPT-N-01772,Completed,Tuition,Noyabr tuition; source: TEMURBEK SCHOOL - O'ktamov Aminjon 50%.csv line 82,monthly_discount,fixed,10000,280000,10000,270000,true
STU-00669,2025-12-01,250000,UZS,Cash,,RCPT-N-01773,Completed,Tuition,Dekabr tuition; source: TEMURBEK SCHOOL - O'ktamov Aminjon 50%.csv line 82,monthly_discount,fixed,30000,280000,30000,250000,true
STU-00669,2026-01-01,310000,UZS,Cash,,RCPT-N-01774,Completed,Tuition,Yanvar tuition; source: TEMURBEK SCHOOL - O'ktamov Aminjon 50%.csv line 82,,,,,,,
STU-00669,2026-02-01,280000,UZS,Cash,,RCPT-N-01775,Completed,Tuition,Fevral tuition; source: TEMURBEK SCHOOL - O'ktamov Aminjon 50%.csv line 82,,,,,,,
STU-00669,2026-03-01,280000,UZS,Cash,,RCPT-N-01776,Completed,Tuition,Mart tuition; source: TEMURBEK SCHOOL - O'ktamov Aminjon 50%.csv line 82,,,,,,,
STU-00669,2026-04-01,280000,UZS,Cash,,RCPT-N-01777,Completed,Tuition,Aprel tuition; source: TEMURBEK SCHOOL - O'ktamov Aminjon 50%.csv line 82,,,,,,,
STU-00669,2026-05-01,280000,UZS,Cash,,RCPT-N-01778,Completed,Tuition,May tuition; source: TEMURBEK SCHOOL - O'ktamov Aminjon 50%.csv line 82,,,,,,,
STU-00670,2025-11-01,140000,UZS,Cash,,RCPT-N-01779,Completed,Tuition,Noyabr tuition; source: TEMURBEK SCHOOL - O'ktamov Aminjon 50%.csv line 83,monthly_discount,fixed,140000,280000,140000,140000,true
STU-00670,2025-12-01,280000,UZS,Cash,,RCPT-N-01780,Completed,Tuition,Dekabr tuition; source: TEMURBEK SCHOOL - O'ktamov Aminjon 50%.csv line 83,,,,,,,
STU-00670,2026-01-01,300000,UZS,Cash,,RCPT-N-01781,Completed,Tuition,Yanvar tuition; source: TEMURBEK SCHOOL - O'ktamov Aminjon 50%.csv line 83,,,,,,,
STU-00670,2026-02-01,280000,UZS,Cash,,RCPT-N-01782,Completed,Tuition,Fevral tuition; source: TEMURBEK SCHOOL - O'ktamov Aminjon 50%.csv line 83,,,,,,,
STU-00670,2026-03-01,280000,UZS,Cash,,RCPT-N-01783,Completed,Tuition,Mart tuition; source: TEMURBEK SCHOOL - O'ktamov Aminjon 50%.csv line 83,,,,,,,
STU-00670,2026-04-01,280000,UZS,Cash,,RCPT-N-01784,Completed,Tuition,Aprel tuition; source: TEMURBEK SCHOOL - O'ktamov Aminjon 50%.csv line 83,,,,,,,
STU-00670,2026-05-01,280000,UZS,Cash,,RCPT-N-01785,Completed,Tuition,May tuition; source: TEMURBEK SCHOOL - O'ktamov Aminjon 50%.csv line 83,,,,,,,
STU-00671,2026-01-01,210000,UZS,Cash,,RCPT-N-01786,Completed,Tuition,Yanvar tuition; source: TEMURBEK SCHOOL - O'ktamov Aminjon 50%.csv line 84,monthly_discount,fixed,70000,280000,70000,210000,true
STU-00671,2026-02-01,280000,UZS,Cash,,RCPT-N-01787,Completed,Tuition,Fevral tuition; source: TEMURBEK SCHOOL - O'ktamov Aminjon 50%.csv line 84,,,,,,,
STU-00671,2026-03-01,280000,UZS,Cash,,RCPT-N-01788,Completed,Tuition,Mart tuition; source: TEMURBEK SCHOOL - O'ktamov Aminjon 50%.csv line 84,,,,,,,
STU-00671,2026-04-01,280000,UZS,Cash,,RCPT-N-01789,Completed,Tuition,Aprel tuition; source: TEMURBEK SCHOOL - O'ktamov Aminjon 50%.csv line 84,,,,,,,
STU-00671,2026-05-01,280000,UZS,Cash,,RCPT-N-01790,Completed,Tuition,May tuition; source: TEMURBEK SCHOOL - O'ktamov Aminjon 50%.csv line 84,,,,,,,
STU-00672,2026-02-01,280000,UZS,Cash,,RCPT-N-01791,Completed,Tuition,Fevral tuition; source: TEMURBEK SCHOOL - O'ktamov Aminjon 50%.csv line 85,,,,,,,
STU-00672,2026-03-01,280000,UZS,Cash,,RCPT-N-01792,Completed,Tuition,Mart tuition; source: TEMURBEK SCHOOL - O'ktamov Aminjon 50%.csv line 85,,,,,,,
STU-00672,2026-04-01,280000,UZS,Cash,,RCPT-N-01793,Completed,Tuition,Aprel tuition; source: TEMURBEK SCHOOL - O'ktamov Aminjon 50%.csv line 85,,,,,,,
STU-00672,2026-05-01,280000,UZS,Cash,,RCPT-N-01794,Completed,Tuition,May tuition; source: TEMURBEK SCHOOL - O'ktamov Aminjon 50%.csv line 85,,,,,,,
STU-00673,2025-11-01,280000,UZS,Cash,,RCPT-N-01795,Completed,Tuition,Noyabr tuition; source: TEMURBEK SCHOOL - O'ktamov Aminjon 50%.csv line 86,,,,,,,
STU-00673,2025-12-01,280000,UZS,Cash,,RCPT-N-01796,Completed,Tuition,Dekabr tuition; source: TEMURBEK SCHOOL - O'ktamov Aminjon 50%.csv line 86,,,,,,,
STU-00673,2026-01-01,280000,UZS,Cash,,RCPT-N-01797,Completed,Tuition,Yanvar tuition; source: TEMURBEK SCHOOL - O'ktamov Aminjon 50%.csv line 86,,,,,,,
STU-00673,2026-02-01,280000,UZS,Cash,,RCPT-N-01798,Completed,Tuition,Fevral tuition; source: TEMURBEK SCHOOL - O'ktamov Aminjon 50%.csv line 86,,,,,,,
STU-00673,2026-03-01,250000,UZS,Cash,,RCPT-N-01799,Completed,Tuition,Mart tuition; source: TEMURBEK SCHOOL - O'ktamov Aminjon 50%.csv line 86,serial_discount,fixed,30000,280000,30000,250000,true
STU-00673,2026-04-01,280000,UZS,Cash,,RCPT-N-01800,Completed,Tuition,Aprel tuition; source: TEMURBEK SCHOOL - O'ktamov Aminjon 50%.csv line 86,,,,,,,
STU-00673,2026-05-01,250000,UZS,Cash,,RCPT-N-01801,Completed,Tuition,May tuition; source: TEMURBEK SCHOOL - O'ktamov Aminjon 50%.csv line 86,serial_discount,fixed,30000,280000,30000,250000,true
STU-00674,2026-04-01,280000,UZS,Cash,,RCPT-N-01802,Completed,Tuition,Aprel tuition; source: TEMURBEK SCHOOL - O'ktamov Aminjon 50%.csv line 87,,,,,,,
STU-00674,2026-05-01,280000,UZS,Cash,,RCPT-N-01803,Completed,Tuition,May tuition; source: TEMURBEK SCHOOL - O'ktamov Aminjon 50%.csv line 87,,,,,,,
STU-00675,2026-04-01,280000,UZS,Cash,,RCPT-N-01804,Completed,Tuition,Aprel tuition; source: TEMURBEK SCHOOL - O'ktamov Aminjon 50%.csv line 88,,,,,,,
STU-00675,2026-05-01,280000,UZS,Cash,,RCPT-N-01805,Completed,Tuition,May tuition; source: TEMURBEK SCHOOL - O'ktamov Aminjon 50%.csv line 88,,,,,,,
STU-00676,2026-04-01,270000,UZS,Cash,,RCPT-N-01806,Completed,Tuition,Aprel tuition; source: TEMURBEK SCHOOL - O'ktamov Aminjon 50%.csv line 89,monthly_discount,fixed,10000,280000,10000,270000,true
STU-00676,2026-05-01,280000,UZS,Cash,,RCPT-N-01807,Completed,Tuition,May tuition; source: TEMURBEK SCHOOL - O'ktamov Aminjon 50%.csv line 89,,,,,,,
STU-00677,2026-04-01,160000,UZS,Cash,,RCPT-N-01808,Completed,Tuition,Aprel tuition; source: TEMURBEK SCHOOL - O'ktamov Aminjon 50%.csv line 90,monthly_discount,fixed,120000,280000,120000,160000,true
STU-00678,2026-05-01,185000,UZS,Cash,,RCPT-N-01809,Completed,Tuition,May tuition; source: TEMURBEK SCHOOL - O'ktamov Aminjon 50%.csv line 91,monthly_discount,fixed,95000,280000,95000,185000,true
STU-00679,2026-05-01,185000,UZS,Cash,,RCPT-N-01810,Completed,Tuition,May tuition; source: TEMURBEK SCHOOL - O'ktamov Aminjon 50%.csv line 92,monthly_discount,fixed,95000,280000,95000,185000,true
STU-00681,2026-05-01,280000,UZS,Cash,,RCPT-N-01811,Completed,Tuition,May tuition; source: TEMURBEK SCHOOL - O'ktamov Aminjon 50%.csv line 94,,,,,,,
STU-00682,2026-05-01,280000,UZS,Cash,,RCPT-N-01812,Completed,Tuition,May tuition; source: TEMURBEK SCHOOL - O'ktamov Aminjon 50%.csv line 95,,,,,,,
STU-00683,2026-05-01,280000,UZS,Cash,,RCPT-N-01813,Completed,Tuition,May tuition; source: TEMURBEK SCHOOL - O'ktamov Aminjon 50%.csv line 96,,,,,,,
STU-00685,2025-11-01,600000,UZS,Cash,,RCPT-N-01814,Completed,Tuition,Noyabr tuition; source: TEMURBEK SCHOOL - O'ktamov Aminjon 50%.csv line 105,,,,,,,
STU-00685,2025-12-01,5000000,UZS,Cash,,RCPT-N-01815,Completed,Tuition,Dekabr tuition; source: TEMURBEK SCHOOL - O'ktamov Aminjon 50%.csv line 105,,,,,,,
STU-00685,2026-01-01,600000,UZS,Cash,,RCPT-N-01816,Completed,Tuition,Yanvar tuition; source: TEMURBEK SCHOOL - O'ktamov Aminjon 50%.csv line 105,,,,,,,
STU-00685,2026-02-01,600000,UZS,Cash,,RCPT-N-01817,Completed,Tuition,Fevral tuition; source: TEMURBEK SCHOOL - O'ktamov Aminjon 50%.csv line 105,,,,,,,
STU-00685,2026-03-01,650000,UZS,Cash,,RCPT-N-01818,Completed,Tuition,Mart tuition; source: TEMURBEK SCHOOL - O'ktamov Aminjon 50%.csv line 105,,,,,,,
STU-00685,2026-04-01,650000,UZS,Cash,,RCPT-N-01819,Completed,Tuition,Aprel tuition; source: TEMURBEK SCHOOL - O'ktamov Aminjon 50%.csv line 105,,,,,,,
STU-00685,2026-05-01,650000,UZS,Cash,,RCPT-N-01820,Completed,Tuition,May tuition; source: TEMURBEK SCHOOL - O'ktamov Aminjon 50%.csv line 105,,,,,,,
STU-00686,2025-11-01,600000,UZS,Cash,,RCPT-N-01821,Completed,Tuition,Noyabr tuition; source: TEMURBEK SCHOOL - O'ktamov Aminjon 50%.csv line 106,,,,,,,
STU-00686,2025-12-01,500000,UZS,Cash,,RCPT-N-01822,Completed,Tuition,Dekabr tuition; source: TEMURBEK SCHOOL - O'ktamov Aminjon 50%.csv line 106,serial_discount,fixed,100000,600000,100000,500000,true
STU-00686,2026-01-01,500000,UZS,Cash,,RCPT-N-01823,Completed,Tuition,Yanvar tuition; source: TEMURBEK SCHOOL - O'ktamov Aminjon 50%.csv line 106,serial_discount,fixed,100000,600000,100000,500000,true
STU-00686,2026-02-01,500000,UZS,Cash,,RCPT-N-01824,Completed,Tuition,Fevral tuition; source: TEMURBEK SCHOOL - O'ktamov Aminjon 50%.csv line 106,serial_discount,fixed,100000,600000,100000,500000,true
STU-00686,2026-03-01,500000,UZS,Cash,,RCPT-N-01825,Completed,Tuition,Mart tuition; source: TEMURBEK SCHOOL - O'ktamov Aminjon 50%.csv line 106,serial_discount,fixed,100000,600000,100000,500000,true
STU-00686,2026-04-01,500000,UZS,Cash,,RCPT-N-01826,Completed,Tuition,Aprel tuition; source: TEMURBEK SCHOOL - O'ktamov Aminjon 50%.csv line 106,serial_discount,fixed,100000,600000,100000,500000,true
STU-00686,2026-05-01,500000,UZS,Cash,,RCPT-N-01827,Completed,Tuition,May tuition; source: TEMURBEK SCHOOL - O'ktamov Aminjon 50%.csv line 106,serial_discount,fixed,100000,600000,100000,500000,true
STU-00687,2025-11-01,300000,UZS,Cash,,RCPT-N-01828,Completed,Tuition,Noyabr tuition; source: TEMURBEK SCHOOL - O'ktamov Aminjon 50%.csv line 107,monthly_discount,fixed,300000,600000,300000,300000,true
STU-00687,2025-12-01,270000,UZS,Cash,,RCPT-N-01829,Completed,Tuition,Dekabr tuition; source: TEMURBEK SCHOOL - O'ktamov Aminjon 50%.csv line 107,monthly_discount,fixed,330000,600000,330000,270000,true
STU-00687,2026-01-01,600000,UZS,Cash,,RCPT-N-01830,Completed,Tuition,Yanvar tuition; source: TEMURBEK SCHOOL - O'ktamov Aminjon 50%.csv line 107,,,,,,,
STU-00687,2026-02-01,600000,UZS,Cash,,RCPT-N-01831,Completed,Tuition,Fevral tuition; source: TEMURBEK SCHOOL - O'ktamov Aminjon 50%.csv line 107,,,,,,,
STU-00687,2026-03-01,600000,UZS,Cash,,RCPT-N-01832,Completed,Tuition,Mart tuition; source: TEMURBEK SCHOOL - O'ktamov Aminjon 50%.csv line 107,,,,,,,
STU-00687,2026-04-01,600000,UZS,Cash,,RCPT-N-01833,Completed,Tuition,Aprel tuition; source: TEMURBEK SCHOOL - O'ktamov Aminjon 50%.csv line 107,,,,,,,
STU-00687,2026-05-01,600000,UZS,Cash,,RCPT-N-01834,Completed,Tuition,May tuition; source: TEMURBEK SCHOOL - O'ktamov Aminjon 50%.csv line 107,,,,,,,
STU-00688,2026-06-01,280000,UZS,Cash,,RCPT-N-01835,Completed,Tuition,Iyun tuition; source: TEMURBEK SCHOOL - O'ktamov Aminjon 50%.csv line 161,,,,,,,
STU-00688,2026-07-01,280000,UZS,Cash,,RCPT-N-01836,Completed,Tuition,Iyul tuition; source: TEMURBEK SCHOOL - O'ktamov Aminjon 50%.csv line 161,,,,,,,
STU-00688,2026-08-01,280000,UZS,Cash,,RCPT-N-01837,Completed,Tuition,Avgust tuition; source: TEMURBEK SCHOOL - O'ktamov Aminjon 50%.csv line 161,,,,,,,
STU-00689,2026-06-01,250000,UZS,Cash,,RCPT-N-01838,Completed,Tuition,Iyun tuition; source: TEMURBEK SCHOOL - O'ktamov Aminjon 50%.csv line 162,serial_discount,fixed,30000,280000,30000,250000,true
STU-00689,2026-07-01,250000,UZS,Cash,,RCPT-N-01839,Completed,Tuition,Iyul tuition; source: TEMURBEK SCHOOL - O'ktamov Aminjon 50%.csv line 162,serial_discount,fixed,30000,280000,30000,250000,true
STU-00690,2026-06-01,280000,UZS,Cash,,RCPT-N-01840,Completed,Tuition,Iyun tuition; source: TEMURBEK SCHOOL - O'ktamov Aminjon 50%.csv line 163,,,,,,,
STU-00690,2026-07-01,270000,UZS,Cash,,RCPT-N-01841,Completed,Tuition,Iyul tuition; source: TEMURBEK SCHOOL - O'ktamov Aminjon 50%.csv line 163,serial_discount,fixed,10000,280000,10000,270000,true
STU-00690,2026-08-01,270000,UZS,Cash,,RCPT-N-01842,Completed,Tuition,Avgust tuition; source: TEMURBEK SCHOOL - O'ktamov Aminjon 50%.csv line 163,serial_discount,fixed,10000,280000,10000,270000,true
STU-00691,2026-06-01,140000,UZS,Cash,,RCPT-N-01843,Completed,Tuition,Iyun tuition; source: TEMURBEK SCHOOL - O'ktamov Aminjon 50%.csv line 164,monthly_discount,fixed,140000,280000,140000,140000,true
STU-00691,2026-07-01,280000,UZS,Cash,,RCPT-N-01844,Completed,Tuition,Iyul tuition; source: TEMURBEK SCHOOL - O'ktamov Aminjon 50%.csv line 164,,,,,,,
STU-00691,2026-08-01,280000,UZS,Cash,,RCPT-N-01845,Completed,Tuition,Avgust tuition; source: TEMURBEK SCHOOL - O'ktamov Aminjon 50%.csv line 164,,,,,,,
STU-00692,2026-06-01,140000,UZS,Cash,,RCPT-N-01846,Completed,Tuition,Iyun tuition; source: TEMURBEK SCHOOL - O'ktamov Aminjon 50%.csv line 165,monthly_discount,fixed,140000,280000,140000,140000,true
STU-00692,2026-07-01,280000,UZS,Cash,,RCPT-N-01847,Completed,Tuition,Iyul tuition; source: TEMURBEK SCHOOL - O'ktamov Aminjon 50%.csv line 165,,,,,,,
STU-00693,2026-06-01,280000,UZS,Cash,,RCPT-N-01848,Completed,Tuition,Iyun tuition; source: TEMURBEK SCHOOL - O'ktamov Aminjon 50%.csv line 166,,,,,,,
STU-00693,2026-07-01,280000,UZS,Cash,,RCPT-N-01849,Completed,Tuition,Iyul tuition; source: TEMURBEK SCHOOL - O'ktamov Aminjon 50%.csv line 166,,,,,,,
STU-00693,2026-08-01,280000,UZS,Cash,,RCPT-N-01850,Completed,Tuition,Avgust tuition; source: TEMURBEK SCHOOL - O'ktamov Aminjon 50%.csv line 166,,,,,,,
STU-00694,2026-06-01,260000,UZS,Cash,,RCPT-N-01851,Completed,Tuition,Iyun tuition; source: TEMURBEK SCHOOL - O'ktamov Aminjon 50%.csv line 167,monthly_discount,fixed,20000,280000,20000,260000,true
STU-00694,2026-07-01,280000,UZS,Cash,,RCPT-N-01852,Completed,Tuition,Iyul tuition; source: TEMURBEK SCHOOL - O'ktamov Aminjon 50%.csv line 167,,,,,,,
STU-00694,2026-08-01,280000,UZS,Cash,,RCPT-N-01853,Completed,Tuition,Avgust tuition; source: TEMURBEK SCHOOL - O'ktamov Aminjon 50%.csv line 167,,,,,,,
STU-00695,2026-06-01,280000,UZS,Cash,,RCPT-N-01854,Completed,Tuition,Iyun tuition; source: TEMURBEK SCHOOL - O'ktamov Aminjon 50%.csv line 168,,,,,,,
STU-00695,2026-07-01,280000,UZS,Cash,,RCPT-N-01855,Completed,Tuition,Iyul tuition; source: TEMURBEK SCHOOL - O'ktamov Aminjon 50%.csv line 168,,,,,,,
STU-00695,2026-08-01,280000,UZS,Cash,,RCPT-N-01856,Completed,Tuition,Avgust tuition; source: TEMURBEK SCHOOL - O'ktamov Aminjon 50%.csv line 168,,,,,,,
STU-00696,2026-06-01,280000,UZS,Cash,,RCPT-N-01857,Completed,Tuition,Iyun tuition; source: TEMURBEK SCHOOL - O'ktamov Aminjon 50%.csv line 169,,,,,,,
STU-00696,2026-07-01,280000,UZS,Cash,,RCPT-N-01858,Completed,Tuition,Iyul tuition; source: TEMURBEK SCHOOL - O'ktamov Aminjon 50%.csv line 169,,,,,,,
STU-00696,2026-08-01,280000,UZS,Cash,,RCPT-N-01859,Completed,Tuition,Avgust tuition; source: TEMURBEK SCHOOL - O'ktamov Aminjon 50%.csv line 169,,,,,,,
STU-00697,2026-06-01,270000,UZS,Cash,,RCPT-N-01860,Completed,Tuition,Iyun tuition; source: TEMURBEK SCHOOL - O'ktamov Aminjon 50%.csv line 170,serial_discount,fixed,10000,280000,10000,270000,true
STU-00697,2026-07-01,135000,UZS,Cash,,RCPT-N-01861,Completed,Tuition,Iyul tuition; source: TEMURBEK SCHOOL - O'ktamov Aminjon 50%.csv line 170,monthly_discount,fixed,145000,280000,145000,135000,true
STU-00697,2026-08-01,270000,UZS,Cash,,RCPT-N-01862,Completed,Tuition,Avgust tuition; source: TEMURBEK SCHOOL - O'ktamov Aminjon 50%.csv line 170,serial_discount,fixed,10000,280000,10000,270000,true
STU-00698,2026-07-01,270000,UZS,Cash,,RCPT-N-01863,Completed,Tuition,Iyul tuition; source: TEMURBEK SCHOOL - O'ktamov Aminjon 50%.csv line 171,monthly_discount,fixed,10000,280000,10000,270000,true
STU-00698,2026-08-01,280000,UZS,Cash,,RCPT-N-01864,Completed,Tuition,Avgust tuition; source: TEMURBEK SCHOOL - O'ktamov Aminjon 50%.csv line 171,,,,,,,
STU-00699,2026-07-01,280000,UZS,Cash,,RCPT-N-01865,Completed,Tuition,Iyul tuition; source: TEMURBEK SCHOOL - O'ktamov Aminjon 50%.csv line 172,,,,,,,
STU-00699,2026-08-01,280000,UZS,Cash,,RCPT-N-01866,Completed,Tuition,Avgust tuition; source: TEMURBEK SCHOOL - O'ktamov Aminjon 50%.csv line 172,,,,,,,
STU-00700,2026-07-01,280000,UZS,Cash,,RCPT-N-01867,Completed,Tuition,Iyul tuition; source: TEMURBEK SCHOOL - O'ktamov Aminjon 50%.csv line 173,,,,,,,
STU-00700,2026-08-01,280000,UZS,Cash,,RCPT-N-01868,Completed,Tuition,Avgust tuition; source: TEMURBEK SCHOOL - O'ktamov Aminjon 50%.csv line 173,,,,,,,
STU-00704,2026-08-01,280000,UZS,Cash,,RCPT-N-01869,Completed,Tuition,Avgust tuition; source: TEMURBEK SCHOOL - O'ktamov Aminjon 50%.csv line 177,,,,,,,
STU-00705,2026-06-01,280000,UZS,Cash,,RCPT-N-01870,Completed,Tuition,Iyun tuition; source: TEMURBEK SCHOOL - O'ktamov Aminjon 50%.csv line 185,,,,,,,
STU-00705,2026-07-01,280000,UZS,Cash,,RCPT-N-01871,Completed,Tuition,Iyul tuition; source: TEMURBEK SCHOOL - O'ktamov Aminjon 50%.csv line 185,,,,,,,
STU-00705,2026-08-01,270000,UZS,Cash,,RCPT-N-01872,Completed,Tuition,Avgust tuition; source: TEMURBEK SCHOOL - O'ktamov Aminjon 50%.csv line 185,,,,,,,
STU-00706,2026-06-01,270000,UZS,Cash,,RCPT-N-01873,Completed,Tuition,Iyun tuition; source: TEMURBEK SCHOOL - O'ktamov Aminjon 50%.csv line 186,,,,,,,
STU-00706,2026-07-01,270000,UZS,Cash,,RCPT-N-01874,Completed,Tuition,Iyul tuition; source: TEMURBEK SCHOOL - O'ktamov Aminjon 50%.csv line 186,,,,,,,
STU-00706,2026-08-01,280000,UZS,Cash,,RCPT-N-01875,Completed,Tuition,Avgust tuition; source: TEMURBEK SCHOOL - O'ktamov Aminjon 50%.csv line 186,,,,,,,
STU-00707,2026-06-01,270000,UZS,Cash,,RCPT-N-01876,Completed,Tuition,Iyun tuition; source: TEMURBEK SCHOOL - O'ktamov Aminjon 50%.csv line 187,,,,,,,
STU-00707,2026-07-01,270000,UZS,Cash,,RCPT-N-01877,Completed,Tuition,Iyul tuition; source: TEMURBEK SCHOOL - O'ktamov Aminjon 50%.csv line 187,,,,,,,
STU-00707,2026-08-01,280000,UZS,Cash,,RCPT-N-01878,Completed,Tuition,Avgust tuition; source: TEMURBEK SCHOOL - O'ktamov Aminjon 50%.csv line 187,,,,,,,
STU-00708,2026-06-01,270000,UZS,Cash,,RCPT-N-01879,Completed,Tuition,Iyun tuition; source: TEMURBEK SCHOOL - O'ktamov Aminjon 50%.csv line 188,,,,,,,
STU-00708,2026-07-01,270000,UZS,Cash,,RCPT-N-01880,Completed,Tuition,Iyul tuition; source: TEMURBEK SCHOOL - O'ktamov Aminjon 50%.csv line 188,,,,,,,
STU-00708,2026-08-01,270000,UZS,Cash,,RCPT-N-01881,Completed,Tuition,Avgust tuition; source: TEMURBEK SCHOOL - O'ktamov Aminjon 50%.csv line 188,,,,,,,
STU-00709,2026-06-01,250000,UZS,Cash,,RCPT-N-01882,Completed,Tuition,Iyun tuition; source: TEMURBEK SCHOOL - O'ktamov Aminjon 50%.csv line 189,serial_discount,fixed,20000,270000,20000,250000,true
STU-00709,2026-07-01,250000,UZS,Cash,,RCPT-N-01883,Completed,Tuition,Iyul tuition; source: TEMURBEK SCHOOL - O'ktamov Aminjon 50%.csv line 189,serial_discount,fixed,20000,270000,20000,250000,true
STU-00710,2026-06-01,270000,UZS,Cash,,RCPT-N-01884,Completed,Tuition,Iyun tuition; source: TEMURBEK SCHOOL - O'ktamov Aminjon 50%.csv line 190,,,,,,,
STU-00710,2026-07-01,270000,UZS,Cash,,RCPT-N-01885,Completed,Tuition,Iyul tuition; source: TEMURBEK SCHOOL - O'ktamov Aminjon 50%.csv line 190,,,,,,,
STU-00710,2026-08-01,270000,UZS,Cash,,RCPT-N-01886,Completed,Tuition,Avgust tuition; source: TEMURBEK SCHOOL - O'ktamov Aminjon 50%.csv line 190,,,,,,,
STU-00711,2026-06-01,270000,UZS,Cash,,RCPT-N-01887,Completed,Tuition,Iyun tuition; source: TEMURBEK SCHOOL - O'ktamov Aminjon 50%.csv line 191,,,,,,,
STU-00711,2026-07-01,270000,UZS,Cash,,RCPT-N-01888,Completed,Tuition,Iyul tuition; source: TEMURBEK SCHOOL - O'ktamov Aminjon 50%.csv line 191,,,,,,,
STU-00711,2026-08-01,270000,UZS,Cash,,RCPT-N-01889,Completed,Tuition,Avgust tuition; source: TEMURBEK SCHOOL - O'ktamov Aminjon 50%.csv line 191,,,,,,,
STU-00712,2026-06-01,140000,UZS,Cash,,RCPT-N-01890,Completed,Tuition,Iyun tuition; source: TEMURBEK SCHOOL - O'ktamov Aminjon 50%.csv line 192,monthly_discount,fixed,130000,270000,130000,140000,true
STU-00712,2026-07-01,270000,UZS,Cash,,RCPT-N-01891,Completed,Tuition,Iyul tuition; source: TEMURBEK SCHOOL - O'ktamov Aminjon 50%.csv line 192,,,,,,,
STU-00712,2026-08-01,280000,UZS,Cash,,RCPT-N-01892,Completed,Tuition,Avgust tuition; source: TEMURBEK SCHOOL - O'ktamov Aminjon 50%.csv line 192,,,,,,,
STU-00713,2026-07-01,140000,UZS,Cash,,RCPT-N-01893,Completed,Tuition,Iyul tuition; source: TEMURBEK SCHOOL - O'ktamov Aminjon 50%.csv line 193,monthly_discount,fixed,130000,270000,130000,140000,true
STU-00713,2026-08-01,270000,UZS,Cash,,RCPT-N-01894,Completed,Tuition,Avgust tuition; source: TEMURBEK SCHOOL - O'ktamov Aminjon 50%.csv line 193,,,,,,,
STU-00714,2026-07-01,250000,UZS,Cash,,RCPT-N-01895,Completed,Tuition,Iyul tuition; source: TEMURBEK SCHOOL - O'ktamov Aminjon 50%.csv line 194,monthly_discount,fixed,20000,270000,20000,250000,true
STU-00714,2026-08-01,270000,UZS,Cash,,RCPT-N-01896,Completed,Tuition,Avgust tuition; source: TEMURBEK SCHOOL - O'ktamov Aminjon 50%.csv line 194,,,,,,,
STU-00715,2026-08-01,70000,UZS,Cash,,RCPT-N-01897,Completed,Tuition,Avgust tuition; source: TEMURBEK SCHOOL - O'ktamov Aminjon 50%.csv line 195,monthly_discount,fixed,200000,270000,200000,70000,true
STU-00716,2026-08-01,280000,UZS,Cash,,RCPT-N-01898,Completed,Tuition,Avgust tuition; source: TEMURBEK SCHOOL - O'ktamov Aminjon 50%.csv line 196,,,,,,,
STU-00717,2026-08-01,280000,UZS,Cash,,RCPT-N-01899,Completed,Tuition,Avgust tuition; source: TEMURBEK SCHOOL - O'ktamov Aminjon 50%.csv line 197,,,,,,,
STU-00718,2026-08-01,280000,UZS,Cash,,RCPT-N-01900,Completed,Tuition,Avgust tuition; source: TEMURBEK SCHOOL - O'ktamov Aminjon 50%.csv line 198,,,,,,,
STU-00719,2026-08-01,140000,UZS,Cash,,RCPT-N-01901,Completed,Tuition,Avgust tuition; source: TEMURBEK SCHOOL - O'ktamov Aminjon 50%.csv line 199,monthly_discount,fixed,130000,270000,130000,140000,true
STU-00720,2026-08-01,140000,UZS,Cash,,RCPT-N-01902,Completed,Tuition,Avgust tuition; source: TEMURBEK SCHOOL - O'ktamov Aminjon 50%.csv line 200,monthly_discount,fixed,130000,270000,130000,140000,true
STU-00721,2026-06-01,105000,UZS,Cash,,RCPT-N-01903,Completed,Tuition,Iyun tuition; source: TEMURBEK SCHOOL - O'ktamov Aminjon 50%.csv line 214,monthly_discount,fixed,175000,280000,175000,105000,true
STU-00721,2026-07-01,250000,UZS,Cash,,RCPT-N-01904,Completed,Tuition,Iyul tuition; source: TEMURBEK SCHOOL - O'ktamov Aminjon 50%.csv line 214,monthly_discount,fixed,30000,280000,30000,250000,true
STU-00722,2026-06-01,70000,UZS,Cash,,RCPT-N-01905,Completed,Tuition,Iyun tuition; source: TEMURBEK SCHOOL - O'ktamov Aminjon 50%.csv line 215,monthly_discount,fixed,210000,280000,210000,70000,true
STU-00722,2026-07-01,280000,UZS,Cash,,RCPT-N-01906,Completed,Tuition,Iyul tuition; source: TEMURBEK SCHOOL - O'ktamov Aminjon 50%.csv line 215,,,,,,,
STU-00722,2026-08-01,650000,UZS,Cash,,RCPT-N-01907,Completed,Tuition,Avgust tuition; source: TEMURBEK SCHOOL - O'ktamov Aminjon 50%.csv line 215,,,,,,,
STU-00723,2026-06-01,70000,UZS,Cash,,RCPT-N-01908,Completed,Tuition,Iyun tuition; source: TEMURBEK SCHOOL - O'ktamov Aminjon 50%.csv line 216,monthly_discount,fixed,210000,280000,210000,70000,true
STU-00723,2026-07-01,280000,UZS,Cash,,RCPT-N-01909,Completed,Tuition,Iyul tuition; source: TEMURBEK SCHOOL - O'ktamov Aminjon 50%.csv line 216,,,,,,,
STU-00724,2026-07-01,135000,UZS,Cash,,RCPT-N-01910,Completed,Tuition,Iyul tuition; source: TEMURBEK SCHOOL - O'ktamov Aminjon 50%.csv line 217,monthly_discount,fixed,145000,280000,145000,135000,true
STU-00724,2026-08-01,280000,UZS,Cash,,RCPT-N-01911,Completed,Tuition,Avgust tuition; source: TEMURBEK SCHOOL - O'ktamov Aminjon 50%.csv line 217,,,,,,,
STU-00725,2026-07-01,70000,UZS,Cash,,RCPT-N-01912,Completed,Tuition,Iyul tuition; source: TEMURBEK SCHOOL - O'ktamov Aminjon 50%.csv line 218,monthly_discount,fixed,210000,280000,210000,70000,true
STU-00725,2026-08-01,210000,UZS,Cash,,RCPT-N-01913,Completed,Tuition,Avgust tuition; source: TEMURBEK SCHOOL - O'ktamov Aminjon 50%.csv line 218,monthly_discount,fixed,70000,280000,70000,210000,true
STU-00726,2026-07-01,260000,UZS,Cash,,RCPT-N-01914,Completed,Tuition,Iyul tuition; source: TEMURBEK SCHOOL - O'ktamov Aminjon 50%.csv line 219,monthly_discount,fixed,20000,280000,20000,260000,true
STU-00726,2026-08-01,270000,UZS,Cash,,RCPT-N-01915,Completed,Tuition,Avgust tuition; source: TEMURBEK SCHOOL - O'ktamov Aminjon 50%.csv line 219,monthly_discount,fixed,10000,280000,10000,270000,true
STU-00727,2026-07-01,250000,UZS,Cash,,RCPT-N-01916,Completed,Tuition,Iyul tuition; source: TEMURBEK SCHOOL - O'ktamov Aminjon 50%.csv line 220,monthly_discount,fixed,30000,280000,30000,250000,true
STU-00727,2026-08-01,270000,UZS,Cash,,RCPT-N-01917,Completed,Tuition,Avgust tuition; source: TEMURBEK SCHOOL - O'ktamov Aminjon 50%.csv line 220,monthly_discount,fixed,10000,280000,10000,270000,true
STU-00728,2026-08-01,280000,UZS,Cash,,RCPT-N-01918,Completed,Tuition,Avgust tuition; source: TEMURBEK SCHOOL - O'ktamov Aminjon 50%.csv line 221,,,,,,,
STU-00729,2026-08-01,208000,UZS,Cash,,RCPT-N-01919,Completed,Tuition,Avgust tuition; source: TEMURBEK SCHOOL - O'ktamov Aminjon 50%.csv line 222,monthly_discount,fixed,72000,280000,72000,208000,true
STU-00730,2026-08-01,270000,UZS,Cash,,RCPT-N-01920,Completed,Tuition,Avgust tuition; source: TEMURBEK SCHOOL - O'ktamov Aminjon 50%.csv line 223,monthly_discount,fixed,10000,280000,10000,270000,true
STU-00731,2025-12-01,185000,UZS,Cash,,RCPT-N-01921,Completed,Tuition,Dekabr tuition; source: TEMURBEK SCHOOL - RUSTili 50% (1).csv line 3,monthly_discount,fixed,95000,280000,95000,185000,true
STU-00731,2026-01-01,280000,UZS,Cash,,RCPT-N-01922,Completed,Tuition,Yanvar tuition; source: TEMURBEK SCHOOL - RUSTili 50% (1).csv line 3,,,,,,,
STU-00731,2026-02-01,280000,UZS,Cash,,RCPT-N-01923,Completed,Tuition,Fevral tuition; source: TEMURBEK SCHOOL - RUSTili 50% (1).csv line 3,,,,,,,
STU-00731,2026-03-01,280000,UZS,Cash,,RCPT-N-01924,Completed,Tuition,Mart tuition; source: TEMURBEK SCHOOL - RUSTili 50% (1).csv line 3,,,,,,,
STU-00731,2026-04-01,280000,UZS,Cash,,RCPT-N-01925,Completed,Tuition,Aprel tuition; source: TEMURBEK SCHOOL - RUSTili 50% (1).csv line 3,,,,,,,
STU-00731,2026-05-01,280000,UZS,Cash,,RCPT-N-01926,Completed,Tuition,May tuition; source: TEMURBEK SCHOOL - RUSTili 50% (1).csv line 3,,,,,,,
STU-00732,2025-12-01,130000,UZS,Cash,,RCPT-N-01927,Completed,Tuition,Dekabr tuition; source: TEMURBEK SCHOOL - RUSTili 50% (1).csv line 4,monthly_discount,fixed,150000,280000,150000,130000,true
STU-00732,2026-01-01,200000,UZS,Cash,,RCPT-N-01928,Completed,Tuition,Yanvar tuition; source: TEMURBEK SCHOOL - RUSTili 50% (1).csv line 4,serial_discount,fixed,80000,280000,80000,200000,true
STU-00732,2026-02-01,200000,UZS,Cash,,RCPT-N-01929,Completed,Tuition,Fevral tuition; source: TEMURBEK SCHOOL - RUSTili 50% (1).csv line 4,serial_discount,fixed,80000,280000,80000,200000,true
STU-00732,2026-03-01,200000,UZS,Cash,,RCPT-N-01930,Completed,Tuition,Mart tuition; source: TEMURBEK SCHOOL - RUSTili 50% (1).csv line 4,serial_discount,fixed,80000,280000,80000,200000,true
STU-00732,2026-04-01,200000,UZS,Cash,,RCPT-N-01931,Completed,Tuition,Aprel tuition; source: TEMURBEK SCHOOL - RUSTili 50% (1).csv line 4,serial_discount,fixed,80000,280000,80000,200000,true
STU-00732,2026-05-01,200000,UZS,Cash,,RCPT-N-01932,Completed,Tuition,May tuition; source: TEMURBEK SCHOOL - RUSTili 50% (1).csv line 4,serial_discount,fixed,80000,280000,80000,200000,true
STU-00733,2025-12-01,115000,UZS,Cash,,RCPT-N-01933,Completed,Tuition,Dekabr tuition; source: TEMURBEK SCHOOL - RUSTili 50% (1).csv line 5,monthly_discount,fixed,165000,280000,165000,115000,true
STU-00733,2026-01-01,280000,UZS,Cash,,RCPT-N-01934,Completed,Tuition,Yanvar tuition; source: TEMURBEK SCHOOL - RUSTili 50% (1).csv line 5,,,,,,,
STU-00733,2026-03-01,280000,UZS,Cash,,RCPT-N-01935,Completed,Tuition,Mart tuition; source: TEMURBEK SCHOOL - RUSTili 50% (1).csv line 5,,,,,,,
STU-00733,2026-04-01,280000,UZS,Cash,,RCPT-N-01936,Completed,Tuition,Aprel tuition; source: TEMURBEK SCHOOL - RUSTili 50% (1).csv line 5,,,,,,,
STU-00733,2026-05-01,280000,UZS,Cash,,RCPT-N-01937,Completed,Tuition,May tuition; source: TEMURBEK SCHOOL - RUSTili 50% (1).csv line 5,,,,,,,
STU-00734,2026-03-01,280000,UZS,Cash,,RCPT-N-01938,Completed,Tuition,Mart tuition; source: TEMURBEK SCHOOL - RUSTili 50% (1).csv line 6,,,,,,,
STU-00734,2026-04-01,280000,UZS,Cash,,RCPT-N-01939,Completed,Tuition,Aprel tuition; source: TEMURBEK SCHOOL - RUSTili 50% (1).csv line 6,,,,,,,
STU-00734,2026-05-01,280000,UZS,Cash,,RCPT-N-01940,Completed,Tuition,May tuition; source: TEMURBEK SCHOOL - RUSTili 50% (1).csv line 6,,,,,,,
STU-00735,2026-03-01,280000,UZS,Cash,,RCPT-N-01941,Completed,Tuition,Mart tuition; source: TEMURBEK SCHOOL - RUSTili 50% (1).csv line 7,,,,,,,
STU-00735,2026-04-01,280000,UZS,Cash,,RCPT-N-01942,Completed,Tuition,Aprel tuition; source: TEMURBEK SCHOOL - RUSTili 50% (1).csv line 7,,,,,,,
STU-00735,2026-05-01,280000,UZS,Cash,,RCPT-N-01943,Completed,Tuition,May tuition; source: TEMURBEK SCHOOL - RUSTili 50% (1).csv line 7,,,,,,,
STU-00736,2026-05-01,140000,UZS,Cash,,RCPT-N-01944,Completed,Tuition,May tuition; source: TEMURBEK SCHOOL - RUSTili 50% (1).csv line 8,monthly_discount,fixed,140000,280000,140000,140000,true
STU-00752,2025-12-01,280000,UZS,Cash,,RCPT-N-01945,Completed,Tuition,Dekabr tuition; source: TEMURBEK SCHOOL - RUSTili 50% (1).csv line 65,,,,,,,
STU-00752,2026-01-01,50000,UZS,Cash,,RCPT-N-01946,Completed,Tuition,Yanvar tuition; source: TEMURBEK SCHOOL - RUSTili 50% (1).csv line 65,monthly_discount,fixed,220000,270000,220000,50000,true
STU-00752,2026-02-01,270000,UZS,Cash,,RCPT-N-01947,Completed,Tuition,Fevral tuition; source: TEMURBEK SCHOOL - RUSTili 50% (1).csv line 65,,,,,,,
STU-00752,2026-03-01,270000,UZS,Cash,,RCPT-N-01948,Completed,Tuition,Mart tuition; source: TEMURBEK SCHOOL - RUSTili 50% (1).csv line 65,,,,,,,
STU-00752,2026-04-01,270000,UZS,Cash,,RCPT-N-01949,Completed,Tuition,Aprel tuition; source: TEMURBEK SCHOOL - RUSTili 50% (1).csv line 65,,,,,,,
STU-00752,2026-05-01,270000,UZS,Cash,,RCPT-N-01950,Completed,Tuition,May tuition; source: TEMURBEK SCHOOL - RUSTili 50% (1).csv line 65,,,,,,,
STU-00753,2025-12-01,160000,UZS,Cash,,RCPT-N-01951,Completed,Tuition,Dekabr tuition; source: TEMURBEK SCHOOL - RUSTili 50% (1).csv line 66,monthly_discount,fixed,110000,270000,110000,160000,true
STU-00753,2026-01-01,280000,UZS,Cash,,RCPT-N-01952,Completed,Tuition,Yanvar tuition; source: TEMURBEK SCHOOL - RUSTili 50% (1).csv line 66,,,,,,,
STU-00753,2026-02-01,280000,UZS,Cash,,RCPT-N-01953,Completed,Tuition,Fevral tuition; source: TEMURBEK SCHOOL - RUSTili 50% (1).csv line 66,,,,,,,
STU-00753,2026-03-01,280000,UZS,Cash,,RCPT-N-01954,Completed,Tuition,Mart tuition; source: TEMURBEK SCHOOL - RUSTili 50% (1).csv line 66,,,,,,,
STU-00753,2026-04-01,280000,UZS,Cash,,RCPT-N-01955,Completed,Tuition,Aprel tuition; source: TEMURBEK SCHOOL - RUSTili 50% (1).csv line 66,,,,,,,
STU-00753,2026-05-01,280000,UZS,Cash,,RCPT-N-01956,Completed,Tuition,May tuition; source: TEMURBEK SCHOOL - RUSTili 50% (1).csv line 66,,,,,,,
STU-00754,2026-01-01,270000,UZS,Cash,,RCPT-N-01957,Completed,Tuition,Yanvar tuition; source: TEMURBEK SCHOOL - RUSTili 50% (1).csv line 67,,,,,,,
STU-00754,2026-02-01,270000,UZS,Cash,,RCPT-N-01958,Completed,Tuition,Fevral tuition; source: TEMURBEK SCHOOL - RUSTili 50% (1).csv line 67,,,,,,,
STU-00754,2026-03-01,270000,UZS,Cash,,RCPT-N-01959,Completed,Tuition,Mart tuition; source: TEMURBEK SCHOOL - RUSTili 50% (1).csv line 67,,,,,,,
STU-00754,2026-04-01,270000,UZS,Cash,,RCPT-N-01960,Completed,Tuition,Aprel tuition; source: TEMURBEK SCHOOL - RUSTili 50% (1).csv line 67,,,,,,,
STU-00754,2026-05-01,270000,UZS,Cash,,RCPT-N-01961,Completed,Tuition,May tuition; source: TEMURBEK SCHOOL - RUSTili 50% (1).csv line 67,,,,,,,
STU-00755,2026-03-01,210000,UZS,Cash,,RCPT-N-01962,Completed,Tuition,Mart tuition; source: TEMURBEK SCHOOL - RUSTili 50% (1).csv line 68,monthly_discount,fixed,60000,270000,60000,210000,true
STU-00755,2026-04-01,270000,UZS,Cash,,RCPT-N-01963,Completed,Tuition,Aprel tuition; source: TEMURBEK SCHOOL - RUSTili 50% (1).csv line 68,,,,,,,
STU-00755,2026-05-01,270000,UZS,Cash,,RCPT-N-01964,Completed,Tuition,May tuition; source: TEMURBEK SCHOOL - RUSTili 50% (1).csv line 68,,,,,,,
STU-00756,2026-04-01,280000,UZS,Cash,,RCPT-N-01965,Completed,Tuition,Aprel tuition; source: TEMURBEK SCHOOL - RUSTili 50% (1).csv line 69,,,,,,,
STU-00756,2026-05-01,280000,UZS,Cash,,RCPT-N-01966,Completed,Tuition,May tuition; source: TEMURBEK SCHOOL - RUSTili 50% (1).csv line 69,,,,,,,
STU-00757,2026-05-01,325000,UZS,Cash,,RCPT-N-01967,Completed,Tuition,May tuition; source: TEMURBEK SCHOOL - RUSTili 50% (1).csv line 70,,,,,,,
STU-00758,2026-05-01,130000,UZS,Cash,,RCPT-N-01968,Completed,Tuition,May tuition; source: TEMURBEK SCHOOL - RUSTili 50% (1).csv line 71,monthly_discount,fixed,140000,270000,140000,130000,true
STU-00760,2026-05-01,270000,UZS,Cash,,RCPT-N-01969,Completed,Tuition,May tuition; source: TEMURBEK SCHOOL - Shaxobov Javhar New 50%.csv line 7,serial_discount,fixed,10000,280000,10000,270000,true
STU-00760,2026-06-01,270000,UZS,Cash,,RCPT-N-01970,Completed,Tuition,Iyun tuition; source: TEMURBEK SCHOOL - Shaxobov Javhar New 50%.csv line 7,serial_discount,fixed,10000,280000,10000,270000,true
STU-00761,2026-05-01,280000,UZS,Cash,,RCPT-N-01971,Completed,Tuition,May tuition; source: TEMURBEK SCHOOL - Shaxobov Javhar New 50%.csv line 8,,,,,,,
STU-00762,2026-05-01,280000,UZS,Cash,,RCPT-N-01972,Completed,Tuition,May tuition; source: TEMURBEK SCHOOL - Shaxobov Javhar New 50%.csv line 9,,,,,,,
STU-00762,2026-06-01,280000,UZS,Cash,,RCPT-N-01973,Completed,Tuition,Iyun tuition; source: TEMURBEK SCHOOL - Shaxobov Javhar New 50%.csv line 9,,,,,,,
STU-00763,2026-05-01,270000,UZS,Cash,,RCPT-N-01974,Completed,Tuition,May tuition; source: TEMURBEK SCHOOL - Shaxobov Javhar New 50%.csv line 10,monthly_discount,fixed,10000,280000,10000,270000,true
STU-00764,2026-05-01,280000,UZS,Cash,,RCPT-N-01975,Completed,Tuition,May tuition; source: TEMURBEK SCHOOL - Shaxobov Javhar New 50%.csv line 11,,,,,,,
STU-00765,2026-05-01,280000,UZS,Cash,,RCPT-N-01976,Completed,Tuition,May tuition; source: TEMURBEK SCHOOL - Shaxobov Javhar New 50%.csv line 12,,,,,,,
STU-00765,2026-06-01,280000,UZS,Cash,,RCPT-N-01977,Completed,Tuition,Iyun tuition; source: TEMURBEK SCHOOL - Shaxobov Javhar New 50%.csv line 12,,,,,,,
STU-00766,2026-05-01,280000,UZS,Cash,,RCPT-N-01978,Completed,Tuition,May tuition; source: TEMURBEK SCHOOL - Shaxobov Javhar New 50%.csv line 13,,,,,,,
STU-00767,2026-05-01,280000,UZS,Cash,,RCPT-N-01979,Completed,Tuition,May tuition; source: TEMURBEK SCHOOL - Shaxobov Javhar New 50%.csv line 14,,,,,,,
STU-00767,2026-06-01,280000,UZS,Cash,,RCPT-N-01980,Completed,Tuition,Iyun tuition; source: TEMURBEK SCHOOL - Shaxobov Javhar New 50%.csv line 14,,,,,,,
STU-00768,2026-05-01,270000,UZS,Cash,,RCPT-N-01981,Completed,Tuition,May tuition; source: TEMURBEK SCHOOL - Shaxobov Javhar New 50%.csv line 15,monthly_discount,fixed,10000,280000,10000,270000,true
STU-00768,2026-06-01,280000,UZS,Cash,,RCPT-N-01982,Completed,Tuition,Iyun tuition; source: TEMURBEK SCHOOL - Shaxobov Javhar New 50%.csv line 15,,,,,,,
STU-00769,2026-05-01,280000,UZS,Cash,,RCPT-N-01983,Completed,Tuition,May tuition; source: TEMURBEK SCHOOL - Shaxobov Javhar New 50%.csv line 16,,,,,,,
STU-00770,2026-05-01,280000,UZS,Cash,,RCPT-N-01984,Completed,Tuition,May tuition; source: TEMURBEK SCHOOL - Shaxobov Javhar New 50%.csv line 17,,,,,,,
STU-00770,2026-06-01,320000,UZS,Cash,,RCPT-N-01985,Completed,Tuition,Iyun tuition; source: TEMURBEK SCHOOL - Shaxobov Javhar New 50%.csv line 17,,,,,,,
STU-00771,2026-05-01,280000,UZS,Cash,,RCPT-N-01986,Completed,Tuition,May tuition; source: TEMURBEK SCHOOL - Shaxobov Javhar New 50%.csv line 18,,,,,,,
STU-00774,2026-05-01,280000,UZS,Cash,,RCPT-N-01987,Completed,Tuition,May tuition; source: TEMURBEK SCHOOL - Shaxobov Javhar New 50%.csv line 21,,,,,,,
STU-00775,2026-05-01,280000,UZS,Cash,,RCPT-N-01988,Completed,Tuition,May tuition; source: TEMURBEK SCHOOL - Shaxobov Javhar New 50%.csv line 22,,,,,,,
STU-00775,2026-06-01,280000,UZS,Cash,,RCPT-N-01989,Completed,Tuition,Iyun tuition; source: TEMURBEK SCHOOL - Shaxobov Javhar New 50%.csv line 22,,,,,,,
STU-00776,2026-05-01,280000,UZS,Cash,,RCPT-N-01990,Completed,Tuition,May tuition; source: TEMURBEK SCHOOL - Shaxobov Javhar New 50%.csv line 23,,,,,,,
STU-00777,2026-05-01,280000,UZS,Cash,,RCPT-N-01991,Completed,Tuition,May tuition; source: TEMURBEK SCHOOL - Shaxobov Javhar New 50%.csv line 39,monthly_discount,fixed,10000,290000,10000,280000,true
STU-00777,2026-06-01,290000,UZS,Cash,,RCPT-N-01992,Completed,Tuition,Iyun tuition; source: TEMURBEK SCHOOL - Shaxobov Javhar New 50%.csv line 39,,,,,,,
STU-00778,2026-05-01,280000,UZS,Cash,,RCPT-N-01993,Completed,Tuition,May tuition; source: TEMURBEK SCHOOL - Shaxobov Javhar New 50%.csv line 40,monthly_discount,fixed,10000,290000,10000,280000,true
STU-00778,2026-06-01,320000,UZS,Cash,,RCPT-N-01994,Completed,Tuition,Iyun tuition; source: TEMURBEK SCHOOL - Shaxobov Javhar New 50%.csv line 40,,,,,,,
STU-00779,2026-05-01,250000,UZS,Cash,,RCPT-N-01995,Completed,Tuition,May tuition; source: TEMURBEK SCHOOL - Shaxobov Javhar New 50%.csv line 41,serial_discount,fixed,40000,290000,40000,250000,true
STU-00779,2026-06-01,250000,UZS,Cash,,RCPT-N-01996,Completed,Tuition,Iyun tuition; source: TEMURBEK SCHOOL - Shaxobov Javhar New 50%.csv line 41,serial_discount,fixed,40000,290000,40000,250000,true
STU-00780,2026-05-01,290000,UZS,Cash,,RCPT-N-01997,Completed,Tuition,May tuition; source: TEMURBEK SCHOOL - Shaxobov Javhar New 50%.csv line 42,,,,,,,
STU-00781,2026-05-01,250000,UZS,Cash,,RCPT-N-01998,Completed,Tuition,May tuition; source: TEMURBEK SCHOOL - Shaxobov Javhar New 50%.csv line 43,serial_discount,fixed,40000,290000,40000,250000,true
STU-00781,2026-06-01,250000,UZS,Cash,,RCPT-N-01999,Completed,Tuition,Iyun tuition; source: TEMURBEK SCHOOL - Shaxobov Javhar New 50%.csv line 43,serial_discount,fixed,40000,290000,40000,250000,true
STU-00782,2026-05-01,290000,UZS,Cash,,RCPT-N-02000,Completed,Tuition,May tuition; source: TEMURBEK SCHOOL - Shaxobov Javhar New 50%.csv line 44,,,,,,,
STU-00783,2026-05-01,290000,UZS,Cash,,RCPT-N-02001,Completed,Tuition,May tuition; source: TEMURBEK SCHOOL - Shaxobov Javhar New 50%.csv line 45,,,,,,,
STU-00784,2026-05-01,290000,UZS,Cash,,RCPT-N-02002,Completed,Tuition,May tuition; source: TEMURBEK SCHOOL - Shaxobov Javhar New 50%.csv line 46,,,,,,,
STU-00784,2026-06-01,290000,UZS,Cash,,RCPT-N-02003,Completed,Tuition,Iyun tuition; source: TEMURBEK SCHOOL - Shaxobov Javhar New 50%.csv line 46,,,,,,,
STU-00785,2026-05-01,290000,UZS,Cash,,RCPT-N-02004,Completed,Tuition,May tuition; source: TEMURBEK SCHOOL - Shaxobov Javhar New 50%.csv line 47,,,,,,,
STU-00785,2026-06-01,340000,UZS,Cash,,RCPT-N-02005,Completed,Tuition,Iyun tuition; source: TEMURBEK SCHOOL - Shaxobov Javhar New 50%.csv line 47,,,,,,,
STU-00786,2026-05-01,290000,UZS,Cash,,RCPT-N-02006,Completed,Tuition,May tuition; source: TEMURBEK SCHOOL - Shaxobov Javhar New 50%.csv line 48,,,,,,,
STU-00786,2026-06-01,290000,UZS,Cash,,RCPT-N-02007,Completed,Tuition,Iyun tuition; source: TEMURBEK SCHOOL - Shaxobov Javhar New 50%.csv line 48,,,,,,,
STU-00787,2026-05-01,290000,UZS,Cash,,RCPT-N-02008,Completed,Tuition,May tuition; source: TEMURBEK SCHOOL - Shaxobov Javhar New 50%.csv line 49,,,,,,,
STU-00787,2026-06-01,290000,UZS,Cash,,RCPT-N-02009,Completed,Tuition,Iyun tuition; source: TEMURBEK SCHOOL - Shaxobov Javhar New 50%.csv line 49,,,,,,,
STU-00788,2026-05-01,290000,UZS,Cash,,RCPT-N-02010,Completed,Tuition,May tuition; source: TEMURBEK SCHOOL - Shaxobov Javhar New 50%.csv line 50,,,,,,,
STU-00788,2026-06-01,290000,UZS,Cash,,RCPT-N-02011,Completed,Tuition,Iyun tuition; source: TEMURBEK SCHOOL - Shaxobov Javhar New 50%.csv line 50,,,,,,,
STU-00789,2026-05-01,280000,UZS,Cash,,RCPT-N-02012,Completed,Tuition,May tuition; source: TEMURBEK SCHOOL - Shaxobov Javhar New 50%.csv line 51,monthly_discount,fixed,10000,290000,10000,280000,true
STU-00790,2026-06-01,300000,UZS,Cash,,RCPT-N-02013,Completed,Tuition,Iyun tuition; source: TEMURBEK SCHOOL - Shaxobov Javhar New 50%.csv line 52,,,,,,,
STU-00791,2026-06-01,330000,UZS,Cash,,RCPT-N-02014,Completed,Tuition,Iyun tuition; source: TEMURBEK SCHOOL - Shaxobov Javhar New 50%.csv line 53,,,,,,,
STU-00793,2026-05-01,270000,UZS,Cash,,RCPT-N-02015,Completed,Tuition,May tuition; source: TEMURBEK SCHOOL - Shaxobov Javhar New 50%.csv line 64,,,,,,,
STU-00793,2026-06-01,270000,UZS,Cash,,RCPT-N-02016,Completed,Tuition,Iyun tuition; source: TEMURBEK SCHOOL - Shaxobov Javhar New 50%.csv line 64,,,,,,,
STU-00794,2026-05-01,270000,UZS,Cash,,RCPT-N-02017,Completed,Tuition,May tuition; source: TEMURBEK SCHOOL - Shaxobov Javhar New 50%.csv line 65,,,,,,,
STU-00794,2026-06-01,290000,UZS,Cash,,RCPT-N-02018,Completed,Tuition,Iyun tuition; source: TEMURBEK SCHOOL - Shaxobov Javhar New 50%.csv line 65,,,,,,,
STU-00795,2026-05-01,270000,UZS,Cash,,RCPT-N-02019,Completed,Tuition,May tuition; source: TEMURBEK SCHOOL - Shaxobov Javhar New 50%.csv line 66,,,,,,,
STU-00795,2026-06-01,270000,UZS,Cash,,RCPT-N-02020,Completed,Tuition,Iyun tuition; source: TEMURBEK SCHOOL - Shaxobov Javhar New 50%.csv line 66,,,,,,,
STU-00796,2026-05-01,270000,UZS,Cash,,RCPT-N-02021,Completed,Tuition,May tuition; source: TEMURBEK SCHOOL - Shaxobov Javhar New 50%.csv line 67,,,,,,,
STU-00796,2026-06-01,280000,UZS,Cash,,RCPT-N-02022,Completed,Tuition,Iyun tuition; source: TEMURBEK SCHOOL - Shaxobov Javhar New 50%.csv line 67,,,,,,,
STU-00797,2026-05-01,270000,UZS,Cash,,RCPT-N-02023,Completed,Tuition,May tuition; source: TEMURBEK SCHOOL - Shaxobov Javhar New 50%.csv line 68,,,,,,,
STU-00797,2026-06-01,270000,UZS,Cash,,RCPT-N-02024,Completed,Tuition,Iyun tuition; source: TEMURBEK SCHOOL - Shaxobov Javhar New 50%.csv line 68,,,,,,,
STU-00798,2026-05-01,250000,UZS,Cash,,RCPT-N-02025,Completed,Tuition,May tuition; source: TEMURBEK SCHOOL - Shaxobov Javhar New 50%.csv line 69,serial_discount,fixed,20000,270000,20000,250000,true
STU-00798,2026-06-01,250000,UZS,Cash,,RCPT-N-02026,Completed,Tuition,Iyun tuition; source: TEMURBEK SCHOOL - Shaxobov Javhar New 50%.csv line 69,serial_discount,fixed,20000,270000,20000,250000,true
STU-00799,2026-05-01,270000,UZS,Cash,,RCPT-N-02027,Completed,Tuition,May tuition; source: TEMURBEK SCHOOL - Shaxobov Javhar New 50%.csv line 70,,,,,,,
STU-00800,2026-05-01,270000,UZS,Cash,,RCPT-N-02028,Completed,Tuition,May tuition; source: TEMURBEK SCHOOL - Shaxobov Javhar New 50%.csv line 71,,,,,,,
STU-00800,2026-06-01,280000,UZS,Cash,,RCPT-N-02029,Completed,Tuition,Iyun tuition; source: TEMURBEK SCHOOL - Shaxobov Javhar New 50%.csv line 71,,,,,,,
STU-00801,2026-05-01,270000,UZS,Cash,,RCPT-N-02030,Completed,Tuition,May tuition; source: TEMURBEK SCHOOL - Shaxobov Javhar New 50%.csv line 72,,,,,,,
STU-00801,2026-06-01,300000,UZS,Cash,,RCPT-N-02031,Completed,Tuition,Iyun tuition; source: TEMURBEK SCHOOL - Shaxobov Javhar New 50%.csv line 72,,,,,,,
STU-00802,2026-05-01,270000,UZS,Cash,,RCPT-N-02032,Completed,Tuition,May tuition; source: TEMURBEK SCHOOL - Shaxobov Javhar New 50%.csv line 73,,,,,,,
STU-00803,2026-06-01,270000,UZS,Cash,,RCPT-N-02033,Completed,Tuition,Iyun tuition; source: TEMURBEK SCHOOL - Shaxobov Javhar New 50%.csv line 74,,,,,,,
STU-00804,2026-05-01,270000,UZS,Cash,,RCPT-N-02034,Completed,Tuition,May tuition; source: TEMURBEK SCHOOL - Shaxobov Javhar New 50%.csv line 75,,,,,,,
STU-00804,2026-06-01,270000,UZS,Cash,,RCPT-N-02035,Completed,Tuition,Iyun tuition; source: TEMURBEK SCHOOL - Shaxobov Javhar New 50%.csv line 75,,,,,,,
STU-00805,2026-05-01,270000,UZS,Cash,,RCPT-N-02036,Completed,Tuition,May tuition; source: TEMURBEK SCHOOL - Shaxobov Javhar New 50%.csv line 76,,,,,,,
STU-00805,2026-06-01,270000,UZS,Cash,,RCPT-N-02037,Completed,Tuition,Iyun tuition; source: TEMURBEK SCHOOL - Shaxobov Javhar New 50%.csv line 76,,,,,,,
STU-00806,2026-05-01,270000,UZS,Cash,,RCPT-N-02038,Completed,Tuition,May tuition; source: TEMURBEK SCHOOL - Shaxobov Javhar New 50%.csv line 77,,,,,,,
STU-00807,2026-05-01,270000,UZS,Cash,,RCPT-N-02039,Completed,Tuition,May tuition; source: TEMURBEK SCHOOL - Shaxobov Javhar New 50%.csv line 78,,,,,,,
STU-00807,2026-06-01,280000,UZS,Cash,,RCPT-N-02040,Completed,Tuition,Iyun tuition; source: TEMURBEK SCHOOL - Shaxobov Javhar New 50%.csv line 78,,,,,,,
STU-00808,2026-05-01,135000,UZS,Cash,,RCPT-N-02041,Completed,Tuition,May tuition; source: TEMURBEK SCHOOL - Shaxobov Javhar New 50%.csv line 79,monthly_discount,fixed,135000,270000,135000,135000,true
STU-00808,2026-06-01,270000,UZS,Cash,,RCPT-N-02042,Completed,Tuition,Iyun tuition; source: TEMURBEK SCHOOL - Shaxobov Javhar New 50%.csv line 79,,,,,,,
STU-00809,2026-05-01,270000,UZS,Cash,,RCPT-N-02043,Completed,Tuition,May tuition; source: TEMURBEK SCHOOL - Shaxobov Javhar New 50%.csv line 80,,,,,,,
STU-00810,2026-06-01,280000,UZS,Cash,,RCPT-N-02044,Completed,Tuition,Iyun tuition; source: TEMURBEK SCHOOL - Shaxobov Javhar New 50%.csv line 81,,,,,,,
STU-00811,2026-06-01,135000,UZS,Cash,,RCPT-N-02045,Completed,Tuition,Iyun tuition; source: TEMURBEK SCHOOL - Shaxobov Javhar New 50%.csv line 82,monthly_discount,fixed,135000,270000,135000,135000,true
STU-00813,2026-05-01,270000,UZS,Cash,,RCPT-N-02046,Completed,Tuition,May tuition; source: TEMURBEK SCHOOL - Shaxobov Javhar New 50%.csv line 96,,,,,,,
STU-00814,2026-05-01,270000,UZS,Cash,,RCPT-N-02047,Completed,Tuition,May tuition; source: TEMURBEK SCHOOL - Shaxobov Javhar New 50%.csv line 97,,,,,,,
STU-00814,2026-06-01,270000,UZS,Cash,,RCPT-N-02048,Completed,Tuition,Iyun tuition; source: TEMURBEK SCHOOL - Shaxobov Javhar New 50%.csv line 97,,,,,,,
STU-00815,2026-05-01,270000,UZS,Cash,,RCPT-N-02049,Completed,Tuition,May tuition; source: TEMURBEK SCHOOL - Shaxobov Javhar New 50%.csv line 98,,,,,,,
STU-00815,2026-06-01,270000,UZS,Cash,,RCPT-N-02050,Completed,Tuition,Iyun tuition; source: TEMURBEK SCHOOL - Shaxobov Javhar New 50%.csv line 98,,,,,,,
STU-00816,2026-05-01,270000,UZS,Cash,,RCPT-N-02051,Completed,Tuition,May tuition; source: TEMURBEK SCHOOL - Shaxobov Javhar New 50%.csv line 99,,,,,,,
STU-00816,2026-06-01,300000,UZS,Cash,,RCPT-N-02052,Completed,Tuition,Iyun tuition; source: TEMURBEK SCHOOL - Shaxobov Javhar New 50%.csv line 99,,,,,,,
STU-00817,2026-05-01,270000,UZS,Cash,,RCPT-N-02053,Completed,Tuition,May tuition; source: TEMURBEK SCHOOL - Shaxobov Javhar New 50%.csv line 100,,,,,,,
STU-00817,2026-06-01,270000,UZS,Cash,,RCPT-N-02054,Completed,Tuition,Iyun tuition; source: TEMURBEK SCHOOL - Shaxobov Javhar New 50%.csv line 100,,,,,,,
STU-00818,2026-05-01,270000,UZS,Cash,,RCPT-N-02055,Completed,Tuition,May tuition; source: TEMURBEK SCHOOL - Shaxobov Javhar New 50%.csv line 101,,,,,,,
STU-00819,2026-05-01,270000,UZS,Cash,,RCPT-N-02056,Completed,Tuition,May tuition; source: TEMURBEK SCHOOL - Shaxobov Javhar New 50%.csv line 102,,,,,,,
STU-00820,2026-05-01,270000,UZS,Cash,,RCPT-N-02057,Completed,Tuition,May tuition; source: TEMURBEK SCHOOL - Shaxobov Javhar New 50%.csv line 103,,,,,,,
STU-00820,2026-06-01,300000,UZS,Cash,,RCPT-N-02058,Completed,Tuition,Iyun tuition; source: TEMURBEK SCHOOL - Shaxobov Javhar New 50%.csv line 103,,,,,,,
STU-00821,2026-05-01,270000,UZS,Cash,,RCPT-N-02059,Completed,Tuition,May tuition; source: TEMURBEK SCHOOL - Shaxobov Javhar New 50%.csv line 104,,,,,,,
STU-00821,2026-06-01,270000,UZS,Cash,,RCPT-N-02060,Completed,Tuition,Iyun tuition; source: TEMURBEK SCHOOL - Shaxobov Javhar New 50%.csv line 104,,,,,,,
STU-00822,2026-05-01,270000,UZS,Cash,,RCPT-N-02061,Completed,Tuition,May tuition; source: TEMURBEK SCHOOL - Shaxobov Javhar New 50%.csv line 105,,,,,,,
STU-00823,2026-05-01,270000,UZS,Cash,,RCPT-N-02062,Completed,Tuition,May tuition; source: TEMURBEK SCHOOL - Shaxobov Javhar New 50%.csv line 106,,,,,,,
STU-00823,2026-06-01,270000,UZS,Cash,,RCPT-N-02063,Completed,Tuition,Iyun tuition; source: TEMURBEK SCHOOL - Shaxobov Javhar New 50%.csv line 106,,,,,,,
STU-00824,2026-05-01,270000,UZS,Cash,,RCPT-N-02064,Completed,Tuition,May tuition; source: TEMURBEK SCHOOL - Shaxobov Javhar New 50%.csv line 107,,,,,,,
STU-00824,2026-06-01,270000,UZS,Cash,,RCPT-N-02065,Completed,Tuition,Iyun tuition; source: TEMURBEK SCHOOL - Shaxobov Javhar New 50%.csv line 107,,,,,,,
STU-00825,2026-05-01,250000,UZS,Cash,,RCPT-N-02066,Completed,Tuition,May tuition; source: TEMURBEK SCHOOL - Shaxobov Javhar New 50%.csv line 108,monthly_discount,fixed,20000,270000,20000,250000,true
STU-00825,2026-06-01,270000,UZS,Cash,,RCPT-N-02067,Completed,Tuition,Iyun tuition; source: TEMURBEK SCHOOL - Shaxobov Javhar New 50%.csv line 108,,,,,,,
STU-00826,2026-05-01,270000,UZS,Cash,,RCPT-N-02068,Completed,Tuition,May tuition; source: TEMURBEK SCHOOL - Shaxobov Javhar New 50%.csv line 109,,,,,,,
STU-00826,2026-06-01,270000,UZS,Cash,,RCPT-N-02069,Completed,Tuition,Iyun tuition; source: TEMURBEK SCHOOL - Shaxobov Javhar New 50%.csv line 109,,,,,,,
STU-00827,2026-05-01,270000,UZS,Cash,,RCPT-N-02070,Completed,Tuition,May tuition; source: TEMURBEK SCHOOL - Shaxobov Javhar New 50%.csv line 110,,,,,,,
STU-00827,2026-06-01,300000,UZS,Cash,,RCPT-N-02071,Completed,Tuition,Iyun tuition; source: TEMURBEK SCHOOL - Shaxobov Javhar New 50%.csv line 110,,,,,,,
STU-00828,2026-05-01,270000,UZS,Cash,,RCPT-N-02072,Completed,Tuition,May tuition; source: TEMURBEK SCHOOL - Shaxobov Javhar New 50%.csv line 111,,,,,,,
STU-00828,2026-06-01,300000,UZS,Cash,,RCPT-N-02073,Completed,Tuition,Iyun tuition; source: TEMURBEK SCHOOL - Shaxobov Javhar New 50%.csv line 111,,,,,,,
STU-00829,2026-05-01,270000,UZS,Cash,,RCPT-N-02074,Completed,Tuition,May tuition; source: TEMURBEK SCHOOL - Shaxobov Javhar New 50%.csv line 112,,,,,,,
STU-00829,2026-06-01,300000,UZS,Cash,,RCPT-N-02075,Completed,Tuition,Iyun tuition; source: TEMURBEK SCHOOL - Shaxobov Javhar New 50%.csv line 112,,,,,,,
STU-00830,2026-06-01,300000,UZS,Cash,,RCPT-N-02076,Completed,Tuition,Iyun tuition; source: TEMURBEK SCHOOL - Shaxobov Javhar New 50%.csv line 113,,,,,,,
STU-00831,2026-06-01,300000,UZS,Cash,,RCPT-N-02077,Completed,Tuition,Iyun tuition; source: TEMURBEK SCHOOL - Shaxobov Javhar New 50%.csv line 114,,,,,,,
STU-00832,2026-06-01,270000,UZS,Cash,,RCPT-N-02078,Completed,Tuition,Iyun tuition; source: TEMURBEK SCHOOL - Shaxobov Javhar New 50%.csv line 115,,,,,,,
STU-00833,2026-06-01,300000,UZS,Cash,,RCPT-N-02079,Completed,Tuition,Iyun tuition; source: TEMURBEK SCHOOL - Shaxobov Javhar New 50%.csv line 116,,,,,,,
STU-00837,2026-06-01,300000,UZS,Cash,,RCPT-N-02080,Completed,Tuition,Iyun tuition; source: TEMURBEK SCHOOL - Shaxobov Javhar New 50%.csv line 125,,,,,,,
STU-00838,2026-06-01,300000,UZS,Cash,,RCPT-N-02081,Completed,Tuition,Iyun tuition; source: TEMURBEK SCHOOL - Shaxobov Javhar New 50%.csv line 126,,,,,,,
STU-00840,2026-06-01,300000,UZS,Cash,,RCPT-N-02082,Completed,Tuition,Iyun tuition; source: TEMURBEK SCHOOL - Shaxobov Javhar New 50%.csv line 128,,,,,,,
STU-00841,2026-06-01,280000,UZS,Cash,,RCPT-N-02083,Completed,Tuition,Iyun tuition; source: TEMURBEK SCHOOL - Shaxobov Javhar New 50%.csv line 129,monthly_discount,fixed,20000,300000,20000,280000,true
STU-00842,2026-06-01,300000,UZS,Cash,,RCPT-N-02084,Completed,Tuition,Iyun tuition; source: TEMURBEK SCHOOL - Shaxobov Javhar New 50%.csv line 130,,,,,,,
STU-00843,2026-06-01,300000,UZS,Cash,,RCPT-N-02085,Completed,Tuition,Iyun tuition; source: TEMURBEK SCHOOL - Shaxobov Javhar New 50%.csv line 131,,,,,,,
STU-00845,2026-06-01,300000,UZS,Cash,,RCPT-N-02086,Completed,Tuition,Iyun tuition; source: TEMURBEK SCHOOL - Shaxobov Javhar New 50%.csv line 133,,,,,,,
STU-00846,2026-06-01,300000,UZS,Cash,,RCPT-N-02087,Completed,Tuition,Iyun tuition; source: TEMURBEK SCHOOL - Shaxobov Javhar New 50%.csv line 134,,,,,,,
STU-00847,2026-06-01,300000,UZS,Cash,,RCPT-N-02088,Completed,Tuition,Iyun tuition; source: TEMURBEK SCHOOL - Shaxobov Javhar New 50%.csv line 135,,,,,,,
STU-00852,2026-06-01,300000,UZS,Cash,,RCPT-N-02089,Completed,Tuition,Iyun tuition; source: TEMURBEK SCHOOL - Shaxobov Javhar New 50%.csv line 140,,,,,,,
STU-00853,2026-06-01,270000,UZS,Cash,,RCPT-N-02090,Completed,Tuition,Iyun tuition; source: TEMURBEK SCHOOL - Shaxobov Javhar New 50%.csv line 141,monthly_discount,fixed,30000,300000,30000,270000,true
STU-00854,2026-06-01,300000,UZS,Cash,,RCPT-N-02091,Completed,Tuition,Iyun tuition; source: TEMURBEK SCHOOL - Shaxobov Javhar New 50%.csv line 142,,,,,,,
STU-00855,2026-06-01,300000,UZS,Cash,,RCPT-N-02092,Completed,Tuition,Iyun tuition; source: TEMURBEK SCHOOL - Shaxobov Javhar New 50%.csv line 143,,,,,,,
STU-00856,2026-06-01,300000,UZS,Cash,,RCPT-N-02093,Completed,Tuition,Iyun tuition; source: TEMURBEK SCHOOL - Shaxobov Javhar New 50%.csv line 144,,,,,,,
STU-00860,2026-06-01,300000,UZS,Cash,,RCPT-N-02094,Completed,Tuition,Iyun tuition; source: TEMURBEK SCHOOL - Shaxobov Javhar New 50%.csv line 154,,,,,,,
STU-00861,2026-06-01,300000,UZS,Cash,,RCPT-N-02095,Completed,Tuition,Iyun tuition; source: TEMURBEK SCHOOL - Shaxobov Javhar New 50%.csv line 155,,,,,,,
STU-00862,2026-06-01,300000,UZS,Cash,,RCPT-N-02096,Completed,Tuition,Iyun tuition; source: TEMURBEK SCHOOL - Shaxobov Javhar New 50%.csv line 156,,,,,,,
STU-00863,2026-06-01,300000,UZS,Cash,,RCPT-N-02097,Completed,Tuition,Iyun tuition; source: TEMURBEK SCHOOL - Shaxobov Javhar New 50%.csv line 157,,,,,,,
STU-00865,2026-06-01,300000,UZS,Cash,,RCPT-N-02098,Completed,Tuition,Iyun tuition; source: TEMURBEK SCHOOL - Shaxobov Javhar New 50%.csv line 159,,,,,,,
STU-00866,2026-06-01,300000,UZS,Cash,,RCPT-N-02099,Completed,Tuition,Iyun tuition; source: TEMURBEK SCHOOL - Shaxobov Javhar New 50%.csv line 160,,,,,,,
STU-00870,2026-06-01,300000,UZS,Cash,,RCPT-N-02100,Completed,Tuition,Iyun tuition; source: TEMURBEK SCHOOL - Shaxobov Javhar New 50%.csv line 164,,,,,,,
STU-00871,2026-06-01,290000,UZS,Cash,,RCPT-N-02101,Completed,Tuition,Iyun tuition; source: TEMURBEK SCHOOL - Shaxobov Javhar New 50%.csv line 165,monthly_discount,fixed,10000,300000,10000,290000,true
STU-00873,2026-06-01,300000,UZS,Cash,,RCPT-N-02102,Completed,Tuition,Iyun tuition; source: TEMURBEK SCHOOL - Shaxobov Javhar New 50%.csv line 167,,,,,,,
STU-00874,2026-06-01,300000,UZS,Cash,,RCPT-N-02103,Completed,Tuition,Iyun tuition; source: TEMURBEK SCHOOL - Shaxobov Javhar New 50%.csv line 168,,,,,,,
STU-00876,2026-06-01,350000,UZS,Cash,,RCPT-N-02104,Completed,Tuition,Iyun tuition; source: TEMURBEK SCHOOL - Shaxobov Javhar New 50%.csv line 170,,,,,,,
STU-00877,2026-06-01,300000,UZS,Cash,,RCPT-N-02105,Completed,Tuition,Iyun tuition; source: TEMURBEK SCHOOL - Shaxobov Javhar New 50%.csv line 171,,,,,,,
STU-00878,2026-06-01,290000,UZS,Cash,,RCPT-N-02106,Completed,Tuition,Iyun tuition; source: TEMURBEK SCHOOL - Shaxobov Javhar New 50%.csv line 172,monthly_discount,fixed,10000,300000,10000,290000,true
STU-00879,2026-06-01,350000,UZS,Cash,,RCPT-N-02107,Completed,Tuition,Iyun tuition; source: TEMURBEK SCHOOL - Shaxobov Javhar New 50%.csv line 173,,,,,,,
STU-00881,2025-12-01,320000,UZS,Cash,,RCPT-N-02108,Completed,Tuition,Dekabr tuition; source: TEMURBEK SCHOOL - Shaxobov Temurbek 2026 50 %.csv line 3,monthly_discount,fixed,20000,340000,20000,320000,true
STU-00881,2026-01-01,340000,UZS,Cash,,RCPT-N-02109,Completed,Tuition,Yan tuition; source: TEMURBEK SCHOOL - Shaxobov Temurbek 2026 50 %.csv line 3,,,,,,,
STU-00881,2026-02-01,340000,UZS,Cash,,RCPT-N-02110,Completed,Tuition,Feb tuition; source: TEMURBEK SCHOOL - Shaxobov Temurbek 2026 50 %.csv line 3,,,,,,,
STU-00881,2026-04-01,340000,UZS,Cash,,RCPT-N-02111,Completed,Tuition,Aprel tuition; source: TEMURBEK SCHOOL - Shaxobov Temurbek 2026 50 %.csv line 3,,,,,,,
STU-00881,2026-05-01,340000,UZS,Cash,,RCPT-N-02112,Completed,Tuition,May tuition; source: TEMURBEK SCHOOL - Shaxobov Temurbek 2026 50 %.csv line 3,,,,,,,
STU-00882,2025-12-01,340000,UZS,Cash,,RCPT-N-02113,Completed,Tuition,Dekabr tuition; source: TEMURBEK SCHOOL - Shaxobov Temurbek 2026 50 %.csv line 4,,,,,,,
STU-00882,2026-01-01,340000,UZS,Cash,,RCPT-N-02114,Completed,Tuition,Yan tuition; source: TEMURBEK SCHOOL - Shaxobov Temurbek 2026 50 %.csv line 4,,,,,,,
STU-00882,2026-02-01,340000,UZS,Cash,,RCPT-N-02115,Completed,Tuition,Feb tuition; source: TEMURBEK SCHOOL - Shaxobov Temurbek 2026 50 %.csv line 4,,,,,,,
STU-00882,2026-04-01,340000,UZS,Cash,,RCPT-N-02116,Completed,Tuition,Aprel tuition; source: TEMURBEK SCHOOL - Shaxobov Temurbek 2026 50 %.csv line 4,,,,,,,
STU-00882,2026-05-01,340000,UZS,Cash,,RCPT-N-02117,Completed,Tuition,May tuition; source: TEMURBEK SCHOOL - Shaxobov Temurbek 2026 50 %.csv line 4,,,,,,,
STU-00883,2025-12-01,340000,UZS,Cash,,RCPT-N-02118,Completed,Tuition,Dekabr tuition; source: TEMURBEK SCHOOL - Shaxobov Temurbek 2026 50 %.csv line 5,,,,,,,
STU-00883,2026-01-01,340000,UZS,Cash,,RCPT-N-02119,Completed,Tuition,Yan tuition; source: TEMURBEK SCHOOL - Shaxobov Temurbek 2026 50 %.csv line 5,,,,,,,
STU-00883,2026-02-01,340000,UZS,Cash,,RCPT-N-02120,Completed,Tuition,Feb tuition; source: TEMURBEK SCHOOL - Shaxobov Temurbek 2026 50 %.csv line 5,,,,,,,
STU-00883,2026-04-01,340000,UZS,Cash,,RCPT-N-02121,Completed,Tuition,Aprel tuition; source: TEMURBEK SCHOOL - Shaxobov Temurbek 2026 50 %.csv line 5,,,,,,,
STU-00883,2026-05-01,340000,UZS,Cash,,RCPT-N-02122,Completed,Tuition,May tuition; source: TEMURBEK SCHOOL - Shaxobov Temurbek 2026 50 %.csv line 5,,,,,,,
STU-00884,2025-12-01,340000,UZS,Cash,,RCPT-N-02123,Completed,Tuition,Dekabr tuition; source: TEMURBEK SCHOOL - Shaxobov Temurbek 2026 50 %.csv line 6,,,,,,,
STU-00884,2026-01-01,340000,UZS,Cash,,RCPT-N-02124,Completed,Tuition,Yan tuition; source: TEMURBEK SCHOOL - Shaxobov Temurbek 2026 50 %.csv line 6,,,,,,,
STU-00884,2026-02-01,340000,UZS,Cash,,RCPT-N-02125,Completed,Tuition,Feb tuition; source: TEMURBEK SCHOOL - Shaxobov Temurbek 2026 50 %.csv line 6,,,,,,,
STU-00884,2026-04-01,340000,UZS,Cash,,RCPT-N-02126,Completed,Tuition,Aprel tuition; source: TEMURBEK SCHOOL - Shaxobov Temurbek 2026 50 %.csv line 6,,,,,,,
STU-00884,2026-05-01,340000,UZS,Cash,,RCPT-N-02127,Completed,Tuition,May tuition; source: TEMURBEK SCHOOL - Shaxobov Temurbek 2026 50 %.csv line 6,,,,,,,
STU-00885,2026-02-01,340000,UZS,Cash,,RCPT-N-02128,Completed,Tuition,Feb tuition; source: TEMURBEK SCHOOL - Shaxobov Temurbek 2026 50 %.csv line 7,,,,,,,
STU-00885,2026-04-01,340000,UZS,Cash,,RCPT-N-02129,Completed,Tuition,Aprel tuition; source: TEMURBEK SCHOOL - Shaxobov Temurbek 2026 50 %.csv line 7,,,,,,,
STU-00885,2026-05-01,340000,UZS,Cash,,RCPT-N-02130,Completed,Tuition,May tuition; source: TEMURBEK SCHOOL - Shaxobov Temurbek 2026 50 %.csv line 7,,,,,,,
STU-00886,2025-12-01,300000,UZS,Cash,,RCPT-N-02131,Completed,Tuition,Dekabr tuition; source: TEMURBEK SCHOOL - Shaxobov Temurbek 2026 50 %.csv line 8,monthly_discount,fixed,40000,340000,40000,300000,true
STU-00886,2026-01-01,300000,UZS,Cash,,RCPT-N-02132,Completed,Tuition,Yan tuition; source: TEMURBEK SCHOOL - Shaxobov Temurbek 2026 50 %.csv line 8,monthly_discount,fixed,40000,340000,40000,300000,true
STU-00886,2026-02-01,340000,UZS,Cash,,RCPT-N-02133,Completed,Tuition,Feb tuition; source: TEMURBEK SCHOOL - Shaxobov Temurbek 2026 50 %.csv line 8,,,,,,,
STU-00886,2026-04-01,340000,UZS,Cash,,RCPT-N-02134,Completed,Tuition,Aprel tuition; source: TEMURBEK SCHOOL - Shaxobov Temurbek 2026 50 %.csv line 8,,,,,,,
STU-00886,2026-05-01,340000,UZS,Cash,,RCPT-N-02135,Completed,Tuition,May tuition; source: TEMURBEK SCHOOL - Shaxobov Temurbek 2026 50 %.csv line 8,,,,,,,
STU-00887,2026-02-01,340000,UZS,Cash,,RCPT-N-02136,Completed,Tuition,Feb tuition; source: TEMURBEK SCHOOL - Shaxobov Temurbek 2026 50 %.csv line 9,,,,,,,
STU-00887,2026-04-01,340000,UZS,Cash,,RCPT-N-02137,Completed,Tuition,Aprel tuition; source: TEMURBEK SCHOOL - Shaxobov Temurbek 2026 50 %.csv line 9,,,,,,,
STU-00887,2026-05-01,310000,UZS,Cash,,RCPT-N-02138,Completed,Tuition,May tuition; source: TEMURBEK SCHOOL - Shaxobov Temurbek 2026 50 %.csv line 9,monthly_discount,fixed,30000,340000,30000,310000,true
STU-00888,2025-12-01,340000,UZS,Cash,,RCPT-N-02139,Completed,Tuition,Dekabr tuition; source: TEMURBEK SCHOOL - Shaxobov Temurbek 2026 50 %.csv line 10,,,,,,,
STU-00888,2026-01-01,340000,UZS,Cash,,RCPT-N-02140,Completed,Tuition,Yan tuition; source: TEMURBEK SCHOOL - Shaxobov Temurbek 2026 50 %.csv line 10,,,,,,,
STU-00888,2026-02-01,340000,UZS,Cash,,RCPT-N-02141,Completed,Tuition,Feb tuition; source: TEMURBEK SCHOOL - Shaxobov Temurbek 2026 50 %.csv line 10,,,,,,,
STU-00888,2026-04-01,340000,UZS,Cash,,RCPT-N-02142,Completed,Tuition,Aprel tuition; source: TEMURBEK SCHOOL - Shaxobov Temurbek 2026 50 %.csv line 10,,,,,,,
STU-00888,2026-05-01,340000,UZS,Cash,,RCPT-N-02143,Completed,Tuition,May tuition; source: TEMURBEK SCHOOL - Shaxobov Temurbek 2026 50 %.csv line 10,,,,,,,
STU-00889,2025-12-01,300000,UZS,Cash,,RCPT-N-02144,Completed,Tuition,Dekabr tuition; source: TEMURBEK SCHOOL - Shaxobov Temurbek 2026 50 %.csv line 11,monthly_discount,fixed,40000,340000,40000,300000,true
STU-00889,2026-01-01,300000,UZS,Cash,,RCPT-N-02145,Completed,Tuition,Yan tuition; source: TEMURBEK SCHOOL - Shaxobov Temurbek 2026 50 %.csv line 11,monthly_discount,fixed,40000,340000,40000,300000,true
STU-00889,2026-02-01,340000,UZS,Cash,,RCPT-N-02146,Completed,Tuition,Feb tuition; source: TEMURBEK SCHOOL - Shaxobov Temurbek 2026 50 %.csv line 11,,,,,,,
STU-00889,2026-04-01,340000,UZS,Cash,,RCPT-N-02147,Completed,Tuition,Aprel tuition; source: TEMURBEK SCHOOL - Shaxobov Temurbek 2026 50 %.csv line 11,,,,,,,
STU-00889,2026-05-01,340000,UZS,Cash,,RCPT-N-02148,Completed,Tuition,May tuition; source: TEMURBEK SCHOOL - Shaxobov Temurbek 2026 50 %.csv line 11,,,,,,,
STU-00890,2025-12-01,300000,UZS,Cash,,RCPT-N-02149,Completed,Tuition,Dekabr tuition; source: TEMURBEK SCHOOL - Shaxobov Temurbek 2026 50 %.csv line 12,monthly_discount,fixed,40000,340000,40000,300000,true
STU-00890,2026-01-01,300000,UZS,Cash,,RCPT-N-02150,Completed,Tuition,Yan tuition; source: TEMURBEK SCHOOL - Shaxobov Temurbek 2026 50 %.csv line 12,monthly_discount,fixed,40000,340000,40000,300000,true
STU-00890,2026-02-01,340000,UZS,Cash,,RCPT-N-02151,Completed,Tuition,Feb tuition; source: TEMURBEK SCHOOL - Shaxobov Temurbek 2026 50 %.csv line 12,,,,,,,
STU-00890,2026-04-01,340000,UZS,Cash,,RCPT-N-02152,Completed,Tuition,Aprel tuition; source: TEMURBEK SCHOOL - Shaxobov Temurbek 2026 50 %.csv line 12,,,,,,,
STU-00890,2026-05-01,340000,UZS,Cash,,RCPT-N-02153,Completed,Tuition,May tuition; source: TEMURBEK SCHOOL - Shaxobov Temurbek 2026 50 %.csv line 12,,,,,,,
STU-00891,2025-12-01,300000,UZS,Cash,,RCPT-N-02154,Completed,Tuition,Dekabr tuition; source: TEMURBEK SCHOOL - Shaxobov Temurbek 2026 50 %.csv line 13,monthly_discount,fixed,40000,340000,40000,300000,true
STU-00891,2026-01-01,300000,UZS,Cash,,RCPT-N-02155,Completed,Tuition,Yan tuition; source: TEMURBEK SCHOOL - Shaxobov Temurbek 2026 50 %.csv line 13,monthly_discount,fixed,40000,340000,40000,300000,true
STU-00891,2026-02-01,340000,UZS,Cash,,RCPT-N-02156,Completed,Tuition,Feb tuition; source: TEMURBEK SCHOOL - Shaxobov Temurbek 2026 50 %.csv line 13,,,,,,,
STU-00891,2026-04-01,340000,UZS,Cash,,RCPT-N-02157,Completed,Tuition,Aprel tuition; source: TEMURBEK SCHOOL - Shaxobov Temurbek 2026 50 %.csv line 13,,,,,,,
STU-00891,2026-05-01,340000,UZS,Cash,,RCPT-N-02158,Completed,Tuition,May tuition; source: TEMURBEK SCHOOL - Shaxobov Temurbek 2026 50 %.csv line 13,,,,,,,
STU-00892,2025-12-01,290000,UZS,Cash,,RCPT-N-02159,Completed,Tuition,Dekabr tuition; source: TEMURBEK SCHOOL - Shaxobov Temurbek 2026 50 %.csv line 14,monthly_discount,fixed,50000,340000,50000,290000,true
STU-00892,2026-01-01,290000,UZS,Cash,,RCPT-N-02160,Completed,Tuition,Yan tuition; source: TEMURBEK SCHOOL - Shaxobov Temurbek 2026 50 %.csv line 14,monthly_discount,fixed,50000,340000,50000,290000,true
STU-00892,2026-02-01,290000,UZS,Cash,,RCPT-N-02161,Completed,Tuition,Feb tuition; source: TEMURBEK SCHOOL - Shaxobov Temurbek 2026 50 %.csv line 14,monthly_discount,fixed,50000,340000,50000,290000,true
STU-00892,2026-04-01,320000,UZS,Cash,,RCPT-N-02162,Completed,Tuition,Aprel tuition; source: TEMURBEK SCHOOL - Shaxobov Temurbek 2026 50 %.csv line 14,serial_discount,fixed,20000,340000,20000,320000,true
STU-00892,2026-05-01,320000,UZS,Cash,,RCPT-N-02163,Completed,Tuition,May tuition; source: TEMURBEK SCHOOL - Shaxobov Temurbek 2026 50 %.csv line 14,serial_discount,fixed,20000,340000,20000,320000,true
STU-00893,2025-12-01,100000,UZS,Cash,,RCPT-N-02164,Completed,Tuition,Dekabr tuition; source: TEMURBEK SCHOOL - Shaxobov Temurbek 2026 50 %.csv line 15,monthly_discount,fixed,240000,340000,240000,100000,true
STU-00893,2026-01-01,300000,UZS,Cash,,RCPT-N-02165,Completed,Tuition,Yan tuition; source: TEMURBEK SCHOOL - Shaxobov Temurbek 2026 50 %.csv line 15,monthly_discount,fixed,40000,340000,40000,300000,true
STU-00893,2026-02-01,290000,UZS,Cash,,RCPT-N-02166,Completed,Tuition,Feb tuition; source: TEMURBEK SCHOOL - Shaxobov Temurbek 2026 50 %.csv line 15,monthly_discount,fixed,50000,340000,50000,290000,true
STU-00893,2026-04-01,320000,UZS,Cash,,RCPT-N-02167,Completed,Tuition,Aprel tuition; source: TEMURBEK SCHOOL - Shaxobov Temurbek 2026 50 %.csv line 15,serial_discount,fixed,20000,340000,20000,320000,true
STU-00893,2026-05-01,320000,UZS,Cash,,RCPT-N-02168,Completed,Tuition,May tuition; source: TEMURBEK SCHOOL - Shaxobov Temurbek 2026 50 %.csv line 15,serial_discount,fixed,20000,340000,20000,320000,true
STU-00894,2026-01-01,290000,UZS,Cash,,RCPT-N-02169,Completed,Tuition,Yan tuition; source: TEMURBEK SCHOOL - Shaxobov Temurbek 2026 50 %.csv line 16,monthly_discount,fixed,50000,340000,50000,290000,true
STU-00894,2026-02-01,290000,UZS,Cash,,RCPT-N-02170,Completed,Tuition,Feb tuition; source: TEMURBEK SCHOOL - Shaxobov Temurbek 2026 50 %.csv line 16,monthly_discount,fixed,50000,340000,50000,290000,true
STU-00894,2026-04-01,320000,UZS,Cash,,RCPT-N-02171,Completed,Tuition,Aprel tuition; source: TEMURBEK SCHOOL - Shaxobov Temurbek 2026 50 %.csv line 16,serial_discount,fixed,20000,340000,20000,320000,true
STU-00894,2026-05-01,320000,UZS,Cash,,RCPT-N-02172,Completed,Tuition,May tuition; source: TEMURBEK SCHOOL - Shaxobov Temurbek 2026 50 %.csv line 16,serial_discount,fixed,20000,340000,20000,320000,true
STU-00895,2025-12-01,290000,UZS,Cash,,RCPT-N-02173,Completed,Tuition,Dekabr tuition; source: TEMURBEK SCHOOL - Shaxobov Temurbek 2026 50 %.csv line 17,monthly_discount,fixed,50000,340000,50000,290000,true
STU-00895,2026-01-01,290000,UZS,Cash,,RCPT-N-02174,Completed,Tuition,Yan tuition; source: TEMURBEK SCHOOL - Shaxobov Temurbek 2026 50 %.csv line 17,monthly_discount,fixed,50000,340000,50000,290000,true
STU-00895,2026-02-01,290000,UZS,Cash,,RCPT-N-02175,Completed,Tuition,Feb tuition; source: TEMURBEK SCHOOL - Shaxobov Temurbek 2026 50 %.csv line 17,monthly_discount,fixed,50000,340000,50000,290000,true
STU-00895,2026-04-01,320000,UZS,Cash,,RCPT-N-02176,Completed,Tuition,Aprel tuition; source: TEMURBEK SCHOOL - Shaxobov Temurbek 2026 50 %.csv line 17,serial_discount,fixed,20000,340000,20000,320000,true
STU-00895,2026-05-01,320000,UZS,Cash,,RCPT-N-02177,Completed,Tuition,May tuition; source: TEMURBEK SCHOOL - Shaxobov Temurbek 2026 50 %.csv line 17,serial_discount,fixed,20000,340000,20000,320000,true
STU-00896,2026-02-01,300000,UZS,Cash,,RCPT-N-02178,Completed,Tuition,Feb tuition; source: TEMURBEK SCHOOL - Shaxobov Temurbek 2026 50 %.csv line 18,monthly_discount,fixed,40000,340000,40000,300000,true
STU-00896,2026-04-01,320000,UZS,Cash,,RCPT-N-02179,Completed,Tuition,Aprel tuition; source: TEMURBEK SCHOOL - Shaxobov Temurbek 2026 50 %.csv line 18,serial_discount,fixed,20000,340000,20000,320000,true
STU-00896,2026-05-01,320000,UZS,Cash,,RCPT-N-02180,Completed,Tuition,May tuition; source: TEMURBEK SCHOOL - Shaxobov Temurbek 2026 50 %.csv line 18,serial_discount,fixed,20000,340000,20000,320000,true
STU-00897,2026-04-01,320000,UZS,Cash,,RCPT-N-02181,Completed,Tuition,Aprel tuition; source: TEMURBEK SCHOOL - Shaxobov Temurbek 2026 50 %.csv line 19,serial_discount,fixed,20000,340000,20000,320000,true
STU-00897,2026-05-01,320000,UZS,Cash,,RCPT-N-02182,Completed,Tuition,May tuition; source: TEMURBEK SCHOOL - Shaxobov Temurbek 2026 50 %.csv line 19,serial_discount,fixed,20000,340000,20000,320000,true
STU-00903,2025-12-01,280000,UZS,Cash,,RCPT-N-02183,Completed,Tuition,Dekabr tuition; source: TEMURBEK SCHOOL - Shaxobov Temurbek 2026 50 %.csv line 25,monthly_discount,fixed,60000,340000,60000,280000,true
STU-00903,2026-01-01,290000,UZS,Cash,,RCPT-N-02184,Completed,Tuition,Yan tuition; source: TEMURBEK SCHOOL - Shaxobov Temurbek 2026 50 %.csv line 25,monthly_discount,fixed,50000,340000,50000,290000,true
STU-00903,2026-02-01,290000,UZS,Cash,,RCPT-N-02185,Completed,Tuition,Feb tuition; source: TEMURBEK SCHOOL - Shaxobov Temurbek 2026 50 %.csv line 25,monthly_discount,fixed,50000,340000,50000,290000,true
STU-00903,2026-04-01,315000,UZS,Cash,,RCPT-N-02186,Completed,Tuition,Aprel tuition; source: TEMURBEK SCHOOL - Shaxobov Temurbek 2026 50 %.csv line 25,monthly_discount,fixed,25000,340000,25000,315000,true
STU-00904,2026-02-01,340000,UZS,Cash,,RCPT-N-02187,Completed,Tuition,Feb tuition; source: TEMURBEK SCHOOL - Shaxobov Temurbek 2026 50 %.csv line 26,,,,,,,
STU-00904,2026-04-01,340000,UZS,Cash,,RCPT-N-02188,Completed,Tuition,Aprel tuition; source: TEMURBEK SCHOOL - Shaxobov Temurbek 2026 50 %.csv line 26,,,,,,,
STU-00905,2025-12-01,170000,UZS,Cash,,RCPT-N-02189,Completed,Tuition,Dekabr tuition; source: TEMURBEK SCHOOL - Shaxobov Temurbek 2026 50 %.csv line 27,monthly_discount,fixed,170000,340000,170000,170000,true
STU-00905,2026-01-01,340000,UZS,Cash,,RCPT-N-02190,Completed,Tuition,Yan tuition; source: TEMURBEK SCHOOL - Shaxobov Temurbek 2026 50 %.csv line 27,,,,,,,
STU-00905,2026-02-01,340000,UZS,Cash,,RCPT-N-02191,Completed,Tuition,Feb tuition; source: TEMURBEK SCHOOL - Shaxobov Temurbek 2026 50 %.csv line 27,,,,,,,
STU-00905,2026-04-01,340000,UZS,Cash,,RCPT-N-02192,Completed,Tuition,Aprel tuition; source: TEMURBEK SCHOOL - Shaxobov Temurbek 2026 50 %.csv line 27,,,,,,,
STU-00905,2026-05-01,340000,UZS,Cash,,RCPT-N-02193,Completed,Tuition,May tuition; source: TEMURBEK SCHOOL - Shaxobov Temurbek 2026 50 %.csv line 27,,,,,,,
STU-00906,2025-12-01,340000,UZS,Cash,,RCPT-N-02194,Completed,Tuition,Dekabr tuition; source: TEMURBEK SCHOOL - Shaxobov Temurbek 2026 50 %.csv line 28,,,,,,,
STU-00906,2026-01-01,340000,UZS,Cash,,RCPT-N-02195,Completed,Tuition,Yan tuition; source: TEMURBEK SCHOOL - Shaxobov Temurbek 2026 50 %.csv line 28,,,,,,,
STU-00906,2026-02-01,340000,UZS,Cash,,RCPT-N-02196,Completed,Tuition,Feb tuition; source: TEMURBEK SCHOOL - Shaxobov Temurbek 2026 50 %.csv line 28,,,,,,,
STU-00906,2026-04-01,340000,UZS,Cash,,RCPT-N-02197,Completed,Tuition,Aprel tuition; source: TEMURBEK SCHOOL - Shaxobov Temurbek 2026 50 %.csv line 28,,,,,,,
STU-00906,2026-05-01,340000,UZS,Cash,,RCPT-N-02198,Completed,Tuition,May tuition; source: TEMURBEK SCHOOL - Shaxobov Temurbek 2026 50 %.csv line 28,,,,,,,
STU-00907,2026-01-01,240000,UZS,Cash,,RCPT-N-02199,Completed,Tuition,Yan tuition; source: TEMURBEK SCHOOL - Shaxobov Temurbek 2026 50 %.csv line 29,monthly_discount,fixed,100000,340000,100000,240000,true
STU-00907,2026-02-01,290000,UZS,Cash,,RCPT-N-02200,Completed,Tuition,Feb tuition; source: TEMURBEK SCHOOL - Shaxobov Temurbek 2026 50 %.csv line 29,monthly_discount,fixed,50000,340000,50000,290000,true
STU-00907,2026-04-01,320000,UZS,Cash,,RCPT-N-02201,Completed,Tuition,Aprel tuition; source: TEMURBEK SCHOOL - Shaxobov Temurbek 2026 50 %.csv line 29,serial_discount,fixed,20000,340000,20000,320000,true
STU-00907,2026-05-01,320000,UZS,Cash,,RCPT-N-02202,Completed,Tuition,May tuition; source: TEMURBEK SCHOOL - Shaxobov Temurbek 2026 50 %.csv line 29,serial_discount,fixed,20000,340000,20000,320000,true
STU-00911,2025-12-01,280000,UZS,Cash,,RCPT-N-02203,Completed,Tuition,Dekabr tuition; source: TEMURBEK SCHOOL - Shaxobov Temurbek 2026 50 %.csv line 50,monthly_discount,fixed,20000,300000,20000,280000,true
STU-00912,2025-12-01,300000,UZS,Cash,,RCPT-N-02204,Completed,Tuition,Dekabr tuition; source: TEMURBEK SCHOOL - Shaxobov Temurbek 2026 50 %.csv line 51,,,,,,,
STU-00913,2025-12-01,300000,UZS,Cash,,RCPT-N-02205,Completed,Tuition,Dekabr tuition; source: TEMURBEK SCHOOL - Shaxobov Temurbek 2026 50 %.csv line 52,,,,,,,
STU-00914,2025-12-01,300000,UZS,Cash,,RCPT-N-02206,Completed,Tuition,Dekabr tuition; source: TEMURBEK SCHOOL - Shaxobov Temurbek 2026 50 %.csv line 53,,,,,,,
STU-00915,2025-12-01,300000,UZS,Cash,,RCPT-N-02207,Completed,Tuition,Dekabr tuition; source: TEMURBEK SCHOOL - Shaxobov Temurbek 2026 50 %.csv line 54,,,,,,,
STU-00919,2025-12-01,300000,UZS,Cash,,RCPT-N-02208,Completed,Tuition,Dekabr tuition; source: TEMURBEK SCHOOL - Shaxobov Temurbek 2026 50 %.csv line 58,,,,,,,
STU-00921,2025-12-01,300000,UZS,Cash,,RCPT-N-02209,Completed,Tuition,Dekabr tuition; source: TEMURBEK SCHOOL - Shaxobov Temurbek 2026 50 %.csv line 60,,,,,,,
STU-00924,2025-12-01,300000,UZS,Cash,,RCPT-N-02210,Completed,Tuition,Dekabr tuition; source: TEMURBEK SCHOOL - Shaxobov Temurbek 2026 50 %.csv line 63,,,,,,,
STU-00925,2025-12-01,300000,UZS,Cash,,RCPT-N-02211,Completed,Tuition,Dekabr tuition; source: TEMURBEK SCHOOL - Shaxobov Temurbek 2026 50 %.csv line 64,,,,,,,
STU-00927,2025-12-01,300000,UZS,Cash,,RCPT-N-02212,Completed,Tuition,Dekabr tuition; source: TEMURBEK SCHOOL - Shaxobov Temurbek 2026 50 %.csv line 66,,,,,,,
STU-00928,2025-12-01,300000,UZS,Cash,,RCPT-N-02213,Completed,Tuition,Dekabr tuition; source: TEMURBEK SCHOOL - Shaxobov Temurbek 2026 50 %.csv line 67,,,,,,,
STU-00929,2025-12-01,300000,UZS,Cash,,RCPT-N-02214,Completed,Tuition,Dekabr tuition; source: TEMURBEK SCHOOL - Shaxobov Temurbek 2026 50 %.csv line 68,,,,,,,
STU-00931,2025-12-01,250000,UZS,Cash,,RCPT-N-02215,Completed,Tuition,Dekabr tuition; source: TEMURBEK SCHOOL - Shaxobov Temurbek 2026 50 %.csv line 70,monthly_discount,fixed,50000,300000,50000,250000,true
STU-00932,2025-12-01,250000,UZS,Cash,,RCPT-N-02216,Completed,Tuition,Dekabr tuition; source: TEMURBEK SCHOOL - Shaxobov Temurbek 2026 50 %.csv line 71,monthly_discount,fixed,50000,300000,50000,250000,true
STU-00935,2025-12-01,290000,UZS,Cash,,RCPT-N-02217,Completed,Tuition,Dekabr tuition; source: TEMURBEK SCHOOL - Shaxobov Temurbek 2026 50 %.csv line 74,monthly_discount,fixed,10000,300000,10000,290000,true
STU-00950,2025-12-01,290000,UZS,Cash,,RCPT-N-02218,Completed,Tuition,Dekabr tuition; source: TEMURBEK SCHOOL - Shaxobov Temurbek 2026 50 %.csv line 92,monthly_discount,fixed,10000,300000,10000,290000,true
STU-00950,2026-01-01,290000,UZS,Cash,,RCPT-N-02219,Completed,Tuition,Yan tuition; source: TEMURBEK SCHOOL - Shaxobov Temurbek 2026 50 %.csv line 92,monthly_discount,fixed,10000,300000,10000,290000,true
STU-00950,2026-02-01,290000,UZS,Cash,,RCPT-N-02220,Completed,Tuition,Feb tuition; source: TEMURBEK SCHOOL - Shaxobov Temurbek 2026 50 %.csv line 92,monthly_discount,fixed,10000,300000,10000,290000,true
STU-00950,2026-04-01,300000,UZS,Cash,,RCPT-N-02221,Completed,Tuition,Aprel tuition; source: TEMURBEK SCHOOL - Shaxobov Temurbek 2026 50 %.csv line 92,,,,,,,
STU-00950,2026-05-01,300000,UZS,Cash,,RCPT-N-02222,Completed,Tuition,May tuition; source: TEMURBEK SCHOOL - Shaxobov Temurbek 2026 50 %.csv line 92,,,,,,,
STU-00951,2025-12-01,200000,UZS,Cash,,RCPT-N-02223,Completed,Tuition,Dekabr tuition; source: TEMURBEK SCHOOL - Shaxobov Temurbek 2026 50 %.csv line 93,serial_discount,fixed,100000,300000,100000,200000,true
STU-00951,2026-01-01,200000,UZS,Cash,,RCPT-N-02224,Completed,Tuition,Yan tuition; source: TEMURBEK SCHOOL - Shaxobov Temurbek 2026 50 %.csv line 93,serial_discount,fixed,100000,300000,100000,200000,true
STU-00951,2026-02-01,200000,UZS,Cash,,RCPT-N-02225,Completed,Tuition,Feb tuition; source: TEMURBEK SCHOOL - Shaxobov Temurbek 2026 50 %.csv line 93,serial_discount,fixed,100000,300000,100000,200000,true
STU-00951,2026-04-01,200000,UZS,Cash,,RCPT-N-02226,Completed,Tuition,Aprel tuition; source: TEMURBEK SCHOOL - Shaxobov Temurbek 2026 50 %.csv line 93,serial_discount,fixed,100000,300000,100000,200000,true
STU-00951,2026-05-01,200000,UZS,Cash,,RCPT-N-02227,Completed,Tuition,May tuition; source: TEMURBEK SCHOOL - Shaxobov Temurbek 2026 50 %.csv line 93,serial_discount,fixed,100000,300000,100000,200000,true
STU-00952,2025-12-01,290000,UZS,Cash,,RCPT-N-02228,Completed,Tuition,Dekabr tuition; source: TEMURBEK SCHOOL - Shaxobov Temurbek 2026 50 %.csv line 94,monthly_discount,fixed,10000,300000,10000,290000,true
STU-00952,2026-01-01,290000,UZS,Cash,,RCPT-N-02229,Completed,Tuition,Yan tuition; source: TEMURBEK SCHOOL - Shaxobov Temurbek 2026 50 %.csv line 94,monthly_discount,fixed,10000,300000,10000,290000,true
STU-00952,2026-02-01,290000,UZS,Cash,,RCPT-N-02230,Completed,Tuition,Feb tuition; source: TEMURBEK SCHOOL - Shaxobov Temurbek 2026 50 %.csv line 94,monthly_discount,fixed,10000,300000,10000,290000,true
STU-00952,2026-04-01,300000,UZS,Cash,,RCPT-N-02231,Completed,Tuition,Aprel tuition; source: TEMURBEK SCHOOL - Shaxobov Temurbek 2026 50 %.csv line 94,,,,,,,
STU-00952,2026-05-01,300000,UZS,Cash,,RCPT-N-02232,Completed,Tuition,May tuition; source: TEMURBEK SCHOOL - Shaxobov Temurbek 2026 50 %.csv line 94,,,,,,,
STU-00953,2025-12-01,280000,UZS,Cash,,RCPT-N-02233,Completed,Tuition,Dekabr tuition; source: TEMURBEK SCHOOL - Shaxobov Temurbek 2026 50 %.csv line 95,monthly_discount,fixed,20000,300000,20000,280000,true
STU-00953,2026-01-01,290000,UZS,Cash,,RCPT-N-02234,Completed,Tuition,Yan tuition; source: TEMURBEK SCHOOL - Shaxobov Temurbek 2026 50 %.csv line 95,monthly_discount,fixed,10000,300000,10000,290000,true
STU-00953,2026-02-01,290000,UZS,Cash,,RCPT-N-02235,Completed,Tuition,Feb tuition; source: TEMURBEK SCHOOL - Shaxobov Temurbek 2026 50 %.csv line 95,monthly_discount,fixed,10000,300000,10000,290000,true
STU-00953,2026-04-01,300000,UZS,Cash,,RCPT-N-02236,Completed,Tuition,Aprel tuition; source: TEMURBEK SCHOOL - Shaxobov Temurbek 2026 50 %.csv line 95,,,,,,,
STU-00953,2026-05-01,300000,UZS,Cash,,RCPT-N-02237,Completed,Tuition,May tuition; source: TEMURBEK SCHOOL - Shaxobov Temurbek 2026 50 %.csv line 95,,,,,,,
STU-00954,2025-12-01,290000,UZS,Cash,,RCPT-N-02238,Completed,Tuition,Dekabr tuition; source: TEMURBEK SCHOOL - Shaxobov Temurbek 2026 50 %.csv line 96,monthly_discount,fixed,10000,300000,10000,290000,true
STU-00954,2026-01-01,290000,UZS,Cash,,RCPT-N-02239,Completed,Tuition,Yan tuition; source: TEMURBEK SCHOOL - Shaxobov Temurbek 2026 50 %.csv line 96,monthly_discount,fixed,10000,300000,10000,290000,true
STU-00954,2026-02-01,290000,UZS,Cash,,RCPT-N-02240,Completed,Tuition,Feb tuition; source: TEMURBEK SCHOOL - Shaxobov Temurbek 2026 50 %.csv line 96,monthly_discount,fixed,10000,300000,10000,290000,true
STU-00954,2026-04-01,300000,UZS,Cash,,RCPT-N-02241,Completed,Tuition,Aprel tuition; source: TEMURBEK SCHOOL - Shaxobov Temurbek 2026 50 %.csv line 96,,,,,,,
STU-00954,2026-05-01,300000,UZS,Cash,,RCPT-N-02242,Completed,Tuition,May tuition; source: TEMURBEK SCHOOL - Shaxobov Temurbek 2026 50 %.csv line 96,,,,,,,
STU-00955,2025-12-01,290000,UZS,Cash,,RCPT-N-02243,Completed,Tuition,Dekabr tuition; source: TEMURBEK SCHOOL - Shaxobov Temurbek 2026 50 %.csv line 97,monthly_discount,fixed,10000,300000,10000,290000,true
STU-00955,2026-01-01,290000,UZS,Cash,,RCPT-N-02244,Completed,Tuition,Yan tuition; source: TEMURBEK SCHOOL - Shaxobov Temurbek 2026 50 %.csv line 97,monthly_discount,fixed,10000,300000,10000,290000,true
STU-00955,2026-02-01,290000,UZS,Cash,,RCPT-N-02245,Completed,Tuition,Feb tuition; source: TEMURBEK SCHOOL - Shaxobov Temurbek 2026 50 %.csv line 97,monthly_discount,fixed,10000,300000,10000,290000,true
STU-00955,2026-04-01,300000,UZS,Cash,,RCPT-N-02246,Completed,Tuition,Aprel tuition; source: TEMURBEK SCHOOL - Shaxobov Temurbek 2026 50 %.csv line 97,,,,,,,
STU-00955,2026-05-01,300000,UZS,Cash,,RCPT-N-02247,Completed,Tuition,May tuition; source: TEMURBEK SCHOOL - Shaxobov Temurbek 2026 50 %.csv line 97,,,,,,,
STU-00956,2025-12-01,290000,UZS,Cash,,RCPT-N-02248,Completed,Tuition,Dekabr tuition; source: TEMURBEK SCHOOL - Shaxobov Temurbek 2026 50 %.csv line 98,monthly_discount,fixed,10000,300000,10000,290000,true
STU-00956,2026-01-01,290000,UZS,Cash,,RCPT-N-02249,Completed,Tuition,Yan tuition; source: TEMURBEK SCHOOL - Shaxobov Temurbek 2026 50 %.csv line 98,monthly_discount,fixed,10000,300000,10000,290000,true
STU-00956,2026-02-01,290000,UZS,Cash,,RCPT-N-02250,Completed,Tuition,Feb tuition; source: TEMURBEK SCHOOL - Shaxobov Temurbek 2026 50 %.csv line 98,monthly_discount,fixed,10000,300000,10000,290000,true
STU-00956,2026-04-01,300000,UZS,Cash,,RCPT-N-02251,Completed,Tuition,Aprel tuition; source: TEMURBEK SCHOOL - Shaxobov Temurbek 2026 50 %.csv line 98,,,,,,,
STU-00956,2026-05-01,300000,UZS,Cash,,RCPT-N-02252,Completed,Tuition,May tuition; source: TEMURBEK SCHOOL - Shaxobov Temurbek 2026 50 %.csv line 98,,,,,,,
STU-00957,2025-12-01,290000,UZS,Cash,,RCPT-N-02253,Completed,Tuition,Dekabr tuition; source: TEMURBEK SCHOOL - Shaxobov Temurbek 2026 50 %.csv line 99,monthly_discount,fixed,10000,300000,10000,290000,true
STU-00957,2026-01-01,290000,UZS,Cash,,RCPT-N-02254,Completed,Tuition,Yan tuition; source: TEMURBEK SCHOOL - Shaxobov Temurbek 2026 50 %.csv line 99,monthly_discount,fixed,10000,300000,10000,290000,true
STU-00957,2026-02-01,290000,UZS,Cash,,RCPT-N-02255,Completed,Tuition,Feb tuition; source: TEMURBEK SCHOOL - Shaxobov Temurbek 2026 50 %.csv line 99,monthly_discount,fixed,10000,300000,10000,290000,true
STU-00957,2026-04-01,300000,UZS,Cash,,RCPT-N-02256,Completed,Tuition,Aprel tuition; source: TEMURBEK SCHOOL - Shaxobov Temurbek 2026 50 %.csv line 99,,,,,,,
STU-00957,2026-05-01,300000,UZS,Cash,,RCPT-N-02257,Completed,Tuition,May tuition; source: TEMURBEK SCHOOL - Shaxobov Temurbek 2026 50 %.csv line 99,,,,,,,
STU-00958,2025-12-01,290000,UZS,Cash,,RCPT-N-02258,Completed,Tuition,Dekabr tuition; source: TEMURBEK SCHOOL - Shaxobov Temurbek 2026 50 %.csv line 100,serial_discount,fixed,10000,300000,10000,290000,true
STU-00958,2026-01-01,290000,UZS,Cash,,RCPT-N-02259,Completed,Tuition,Yan tuition; source: TEMURBEK SCHOOL - Shaxobov Temurbek 2026 50 %.csv line 100,serial_discount,fixed,10000,300000,10000,290000,true
STU-00958,2026-02-01,290000,UZS,Cash,,RCPT-N-02260,Completed,Tuition,Feb tuition; source: TEMURBEK SCHOOL - Shaxobov Temurbek 2026 50 %.csv line 100,serial_discount,fixed,10000,300000,10000,290000,true
STU-00958,2026-04-01,290000,UZS,Cash,,RCPT-N-02261,Completed,Tuition,Aprel tuition; source: TEMURBEK SCHOOL - Shaxobov Temurbek 2026 50 %.csv line 100,serial_discount,fixed,10000,300000,10000,290000,true
STU-00958,2026-05-01,290000,UZS,Cash,,RCPT-N-02262,Completed,Tuition,May tuition; source: TEMURBEK SCHOOL - Shaxobov Temurbek 2026 50 %.csv line 100,serial_discount,fixed,10000,300000,10000,290000,true
STU-00959,2025-12-01,290000,UZS,Cash,,RCPT-N-02263,Completed,Tuition,Dekabr tuition; source: TEMURBEK SCHOOL - Shaxobov Temurbek 2026 50 %.csv line 101,monthly_discount,fixed,10000,300000,10000,290000,true
STU-00959,2026-01-01,290000,UZS,Cash,,RCPT-N-02264,Completed,Tuition,Yan tuition; source: TEMURBEK SCHOOL - Shaxobov Temurbek 2026 50 %.csv line 101,monthly_discount,fixed,10000,300000,10000,290000,true
STU-00959,2026-02-01,290000,UZS,Cash,,RCPT-N-02265,Completed,Tuition,Feb tuition; source: TEMURBEK SCHOOL - Shaxobov Temurbek 2026 50 %.csv line 101,monthly_discount,fixed,10000,300000,10000,290000,true
STU-00959,2026-04-01,300000,UZS,Cash,,RCPT-N-02266,Completed,Tuition,Aprel tuition; source: TEMURBEK SCHOOL - Shaxobov Temurbek 2026 50 %.csv line 101,,,,,,,
STU-00959,2026-05-01,300000,UZS,Cash,,RCPT-N-02267,Completed,Tuition,May tuition; source: TEMURBEK SCHOOL - Shaxobov Temurbek 2026 50 %.csv line 101,,,,,,,
STU-00960,2025-12-01,290000,UZS,Cash,,RCPT-N-02268,Completed,Tuition,Dekabr tuition; source: TEMURBEK SCHOOL - Shaxobov Temurbek 2026 50 %.csv line 102,monthly_discount,fixed,10000,300000,10000,290000,true
STU-00960,2026-01-01,290000,UZS,Cash,,RCPT-N-02269,Completed,Tuition,Yan tuition; source: TEMURBEK SCHOOL - Shaxobov Temurbek 2026 50 %.csv line 102,monthly_discount,fixed,10000,300000,10000,290000,true
STU-00960,2026-02-01,290000,UZS,Cash,,RCPT-N-02270,Completed,Tuition,Feb tuition; source: TEMURBEK SCHOOL - Shaxobov Temurbek 2026 50 %.csv line 102,monthly_discount,fixed,10000,300000,10000,290000,true
STU-00960,2026-04-01,300000,UZS,Cash,,RCPT-N-02271,Completed,Tuition,Aprel tuition; source: TEMURBEK SCHOOL - Shaxobov Temurbek 2026 50 %.csv line 102,,,,,,,
STU-00960,2026-05-01,300000,UZS,Cash,,RCPT-N-02272,Completed,Tuition,May tuition; source: TEMURBEK SCHOOL - Shaxobov Temurbek 2026 50 %.csv line 102,,,,,,,
STU-00961,2025-12-01,290000,UZS,Cash,,RCPT-N-02273,Completed,Tuition,Dekabr tuition; source: TEMURBEK SCHOOL - Shaxobov Temurbek 2026 50 %.csv line 103,monthly_discount,fixed,10000,300000,10000,290000,true
STU-00961,2026-01-01,290000,UZS,Cash,,RCPT-N-02274,Completed,Tuition,Yan tuition; source: TEMURBEK SCHOOL - Shaxobov Temurbek 2026 50 %.csv line 103,monthly_discount,fixed,10000,300000,10000,290000,true
STU-00961,2026-02-01,290000,UZS,Cash,,RCPT-N-02275,Completed,Tuition,Feb tuition; source: TEMURBEK SCHOOL - Shaxobov Temurbek 2026 50 %.csv line 103,monthly_discount,fixed,10000,300000,10000,290000,true
STU-00961,2026-05-01,300000,UZS,Cash,,RCPT-N-02276,Completed,Tuition,May tuition; source: TEMURBEK SCHOOL - Shaxobov Temurbek 2026 50 %.csv line 103,,,,,,,
STU-00962,2025-12-01,290000,UZS,Cash,,RCPT-N-02277,Completed,Tuition,Dekabr tuition; source: TEMURBEK SCHOOL - Shaxobov Temurbek 2026 50 %.csv line 104,monthly_discount,fixed,10000,300000,10000,290000,true
STU-00962,2026-01-01,290000,UZS,Cash,,RCPT-N-02278,Completed,Tuition,Yan tuition; source: TEMURBEK SCHOOL - Shaxobov Temurbek 2026 50 %.csv line 104,monthly_discount,fixed,10000,300000,10000,290000,true
STU-00962,2026-02-01,290000,UZS,Cash,,RCPT-N-02279,Completed,Tuition,Feb tuition; source: TEMURBEK SCHOOL - Shaxobov Temurbek 2026 50 %.csv line 104,monthly_discount,fixed,10000,300000,10000,290000,true
STU-00962,2026-04-01,300000,UZS,Cash,,RCPT-N-02280,Completed,Tuition,Aprel tuition; source: TEMURBEK SCHOOL - Shaxobov Temurbek 2026 50 %.csv line 104,,,,,,,
STU-00962,2026-05-01,300000,UZS,Cash,,RCPT-N-02281,Completed,Tuition,May tuition; source: TEMURBEK SCHOOL - Shaxobov Temurbek 2026 50 %.csv line 104,,,,,,,
STU-00963,2026-01-01,270000,UZS,Cash,,RCPT-N-02282,Completed,Tuition,Yan tuition; source: TEMURBEK SCHOOL - Shaxobov Temurbek 2026 50 %.csv line 105,serial_discount,fixed,30000,300000,30000,270000,true
STU-00963,2026-02-01,270000,UZS,Cash,,RCPT-N-02283,Completed,Tuition,Feb tuition; source: TEMURBEK SCHOOL - Shaxobov Temurbek 2026 50 %.csv line 105,serial_discount,fixed,30000,300000,30000,270000,true
STU-00963,2026-04-01,270000,UZS,Cash,,RCPT-N-02284,Completed,Tuition,Aprel tuition; source: TEMURBEK SCHOOL - Shaxobov Temurbek 2026 50 %.csv line 105,serial_discount,fixed,30000,300000,30000,270000,true
STU-00963,2026-05-01,270000,UZS,Cash,,RCPT-N-02285,Completed,Tuition,May tuition; source: TEMURBEK SCHOOL - Shaxobov Temurbek 2026 50 %.csv line 105,serial_discount,fixed,30000,300000,30000,270000,true
STU-00964,2025-12-01,290000,UZS,Cash,,RCPT-N-02286,Completed,Tuition,Dekabr tuition; source: TEMURBEK SCHOOL - Shaxobov Temurbek 2026 50 %.csv line 106,monthly_discount,fixed,10000,300000,10000,290000,true
STU-00964,2026-01-01,290000,UZS,Cash,,RCPT-N-02287,Completed,Tuition,Yan tuition; source: TEMURBEK SCHOOL - Shaxobov Temurbek 2026 50 %.csv line 106,monthly_discount,fixed,10000,300000,10000,290000,true
STU-00964,2026-02-01,300000,UZS,Cash,,RCPT-N-02288,Completed,Tuition,Feb tuition; source: TEMURBEK SCHOOL - Shaxobov Temurbek 2026 50 %.csv line 106,,,,,,,
STU-00964,2026-04-01,300000,UZS,Cash,,RCPT-N-02289,Completed,Tuition,Aprel tuition; source: TEMURBEK SCHOOL - Shaxobov Temurbek 2026 50 %.csv line 106,,,,,,,
STU-00964,2026-05-01,300000,UZS,Cash,,RCPT-N-02290,Completed,Tuition,May tuition; source: TEMURBEK SCHOOL - Shaxobov Temurbek 2026 50 %.csv line 106,,,,,,,
STU-00965,2025-12-01,290000,UZS,Cash,,RCPT-N-02291,Completed,Tuition,Dekabr tuition; source: TEMURBEK SCHOOL - Shaxobov Temurbek 2026 50 %.csv line 107,monthly_discount,fixed,10000,300000,10000,290000,true
STU-00965,2026-01-01,290000,UZS,Cash,,RCPT-N-02292,Completed,Tuition,Yan tuition; source: TEMURBEK SCHOOL - Shaxobov Temurbek 2026 50 %.csv line 107,monthly_discount,fixed,10000,300000,10000,290000,true
STU-00965,2026-02-01,290000,UZS,Cash,,RCPT-N-02293,Completed,Tuition,Feb tuition; source: TEMURBEK SCHOOL - Shaxobov Temurbek 2026 50 %.csv line 107,monthly_discount,fixed,10000,300000,10000,290000,true
STU-00965,2026-04-01,300000,UZS,Cash,,RCPT-N-02294,Completed,Tuition,Aprel tuition; source: TEMURBEK SCHOOL - Shaxobov Temurbek 2026 50 %.csv line 107,,,,,,,
STU-00965,2026-05-01,300000,UZS,Cash,,RCPT-N-02295,Completed,Tuition,May tuition; source: TEMURBEK SCHOOL - Shaxobov Temurbek 2026 50 %.csv line 107,,,,,,,
STU-00966,2025-12-01,300000,UZS,Cash,,RCPT-N-02296,Completed,Tuition,Dekabr tuition; source: TEMURBEK SCHOOL - Shaxobov Temurbek 2026 50 %.csv line 108,,,,,,,
STU-00966,2026-01-01,290000,UZS,Cash,,RCPT-N-02297,Completed,Tuition,Yan tuition; source: TEMURBEK SCHOOL - Shaxobov Temurbek 2026 50 %.csv line 108,monthly_discount,fixed,10000,300000,10000,290000,true
STU-00966,2026-02-01,290000,UZS,Cash,,RCPT-N-02298,Completed,Tuition,Feb tuition; source: TEMURBEK SCHOOL - Shaxobov Temurbek 2026 50 %.csv line 108,monthly_discount,fixed,10000,300000,10000,290000,true
STU-00966,2026-04-01,300000,UZS,Cash,,RCPT-N-02299,Completed,Tuition,Aprel tuition; source: TEMURBEK SCHOOL - Shaxobov Temurbek 2026 50 %.csv line 108,,,,,,,
STU-00966,2026-05-01,300000,UZS,Cash,,RCPT-N-02300,Completed,Tuition,May tuition; source: TEMURBEK SCHOOL - Shaxobov Temurbek 2026 50 %.csv line 108,,,,,,,
STU-00967,2025-12-01,290000,UZS,Cash,,RCPT-N-02301,Completed,Tuition,Dekabr tuition; source: TEMURBEK SCHOOL - Shaxobov Temurbek 2026 50 %.csv line 109,monthly_discount,fixed,10000,300000,10000,290000,true
STU-00967,2026-01-01,290000,UZS,Cash,,RCPT-N-02302,Completed,Tuition,Yan tuition; source: TEMURBEK SCHOOL - Shaxobov Temurbek 2026 50 %.csv line 109,monthly_discount,fixed,10000,300000,10000,290000,true
STU-00967,2026-02-01,290000,UZS,Cash,,RCPT-N-02303,Completed,Tuition,Feb tuition; source: TEMURBEK SCHOOL - Shaxobov Temurbek 2026 50 %.csv line 109,monthly_discount,fixed,10000,300000,10000,290000,true
STU-00967,2026-04-01,300000,UZS,Cash,,RCPT-N-02304,Completed,Tuition,Aprel tuition; source: TEMURBEK SCHOOL - Shaxobov Temurbek 2026 50 %.csv line 109,,,,,,,
STU-00967,2026-05-01,300000,UZS,Cash,,RCPT-N-02305,Completed,Tuition,May tuition; source: TEMURBEK SCHOOL - Shaxobov Temurbek 2026 50 %.csv line 109,,,,,,,
STU-00968,2025-12-01,300000,UZS,Cash,,RCPT-N-02306,Completed,Tuition,Dekabr tuition; source: TEMURBEK SCHOOL - Shaxobov Temurbek 2026 50 %.csv line 110,,,,,,,
STU-00968,2026-02-01,290000,UZS,Cash,,RCPT-N-02307,Completed,Tuition,Feb tuition; source: TEMURBEK SCHOOL - Shaxobov Temurbek 2026 50 %.csv line 110,monthly_discount,fixed,10000,300000,10000,290000,true
STU-00968,2026-04-01,300000,UZS,Cash,,RCPT-N-02308,Completed,Tuition,Aprel tuition; source: TEMURBEK SCHOOL - Shaxobov Temurbek 2026 50 %.csv line 110,,,,,,,
STU-00968,2026-05-01,300000,UZS,Cash,,RCPT-N-02309,Completed,Tuition,May tuition; source: TEMURBEK SCHOOL - Shaxobov Temurbek 2026 50 %.csv line 110,,,,,,,
STU-00969,2025-12-01,300000,UZS,Cash,,RCPT-N-02310,Completed,Tuition,Dekabr tuition; source: TEMURBEK SCHOOL - Shaxobov Temurbek 2026 50 %.csv line 111,,,,,,,
STU-00969,2026-01-01,290000,UZS,Cash,,RCPT-N-02311,Completed,Tuition,Yan tuition; source: TEMURBEK SCHOOL - Shaxobov Temurbek 2026 50 %.csv line 111,monthly_discount,fixed,10000,300000,10000,290000,true
STU-00969,2026-02-01,290000,UZS,Cash,,RCPT-N-02312,Completed,Tuition,Feb tuition; source: TEMURBEK SCHOOL - Shaxobov Temurbek 2026 50 %.csv line 111,monthly_discount,fixed,10000,300000,10000,290000,true
STU-00969,2026-04-01,300000,UZS,Cash,,RCPT-N-02313,Completed,Tuition,Aprel tuition; source: TEMURBEK SCHOOL - Shaxobov Temurbek 2026 50 %.csv line 111,,,,,,,
STU-00969,2026-05-01,300000,UZS,Cash,,RCPT-N-02314,Completed,Tuition,May tuition; source: TEMURBEK SCHOOL - Shaxobov Temurbek 2026 50 %.csv line 111,,,,,,,
STU-00970,2025-12-01,300000,UZS,Cash,,RCPT-N-02315,Completed,Tuition,Dekabr tuition; source: TEMURBEK SCHOOL - Shaxobov Temurbek 2026 50 %.csv line 112,,,,,,,
STU-00970,2026-01-01,300000,UZS,Cash,,RCPT-N-02316,Completed,Tuition,Yan tuition; source: TEMURBEK SCHOOL - Shaxobov Temurbek 2026 50 %.csv line 112,,,,,,,
STU-00970,2026-02-01,300000,UZS,Cash,,RCPT-N-02317,Completed,Tuition,Feb tuition; source: TEMURBEK SCHOOL - Shaxobov Temurbek 2026 50 %.csv line 112,,,,,,,
STU-00970,2026-04-01,300000,UZS,Cash,,RCPT-N-02318,Completed,Tuition,Aprel tuition; source: TEMURBEK SCHOOL - Shaxobov Temurbek 2026 50 %.csv line 112,,,,,,,
STU-00970,2026-05-01,300000,UZS,Cash,,RCPT-N-02319,Completed,Tuition,May tuition; source: TEMURBEK SCHOOL - Shaxobov Temurbek 2026 50 %.csv line 112,,,,,,,
STU-00971,2026-01-01,300000,UZS,Cash,,RCPT-N-02320,Completed,Tuition,Yan tuition; source: TEMURBEK SCHOOL - Shaxobov Temurbek 2026 50 %.csv line 113,,,,,,,
STU-00971,2026-02-01,300000,UZS,Cash,,RCPT-N-02321,Completed,Tuition,Feb tuition; source: TEMURBEK SCHOOL - Shaxobov Temurbek 2026 50 %.csv line 113,,,,,,,
STU-00971,2026-04-01,300000,UZS,Cash,,RCPT-N-02322,Completed,Tuition,Aprel tuition; source: TEMURBEK SCHOOL - Shaxobov Temurbek 2026 50 %.csv line 113,,,,,,,
STU-00971,2026-05-01,300000,UZS,Cash,,RCPT-N-02323,Completed,Tuition,May tuition; source: TEMURBEK SCHOOL - Shaxobov Temurbek 2026 50 %.csv line 113,,,,,,,
STU-00972,2025-12-01,300000,UZS,Cash,,RCPT-N-02324,Completed,Tuition,Dekabr tuition; source: TEMURBEK SCHOOL - Shaxobov Temurbek 2026 50 %.csv line 114,,,,,,,
STU-00972,2026-01-01,300000,UZS,Cash,,RCPT-N-02325,Completed,Tuition,Yan tuition; source: TEMURBEK SCHOOL - Shaxobov Temurbek 2026 50 %.csv line 114,,,,,,,
STU-00972,2026-02-01,300000,UZS,Cash,,RCPT-N-02326,Completed,Tuition,Feb tuition; source: TEMURBEK SCHOOL - Shaxobov Temurbek 2026 50 %.csv line 114,,,,,,,
STU-00972,2026-04-01,300000,UZS,Cash,,RCPT-N-02327,Completed,Tuition,Aprel tuition; source: TEMURBEK SCHOOL - Shaxobov Temurbek 2026 50 %.csv line 114,,,,,,,
STU-00972,2026-05-01,300000,UZS,Cash,,RCPT-N-02328,Completed,Tuition,May tuition; source: TEMURBEK SCHOOL - Shaxobov Temurbek 2026 50 %.csv line 114,,,,,,,
STU-00973,2025-12-01,300000,UZS,Cash,,RCPT-N-02329,Completed,Tuition,Dekabr tuition; source: TEMURBEK SCHOOL - Shaxobov Temurbek 2026 50 %.csv line 115,,,,,,,
STU-00973,2026-01-01,300000,UZS,Cash,,RCPT-N-02330,Completed,Tuition,Yan tuition; source: TEMURBEK SCHOOL - Shaxobov Temurbek 2026 50 %.csv line 115,,,,,,,
STU-00973,2026-02-01,300000,UZS,Cash,,RCPT-N-02331,Completed,Tuition,Feb tuition; source: TEMURBEK SCHOOL - Shaxobov Temurbek 2026 50 %.csv line 115,,,,,,,
STU-00973,2026-04-01,300000,UZS,Cash,,RCPT-N-02332,Completed,Tuition,Aprel tuition; source: TEMURBEK SCHOOL - Shaxobov Temurbek 2026 50 %.csv line 115,,,,,,,
STU-00973,2026-05-01,300000,UZS,Cash,,RCPT-N-02333,Completed,Tuition,May tuition; source: TEMURBEK SCHOOL - Shaxobov Temurbek 2026 50 %.csv line 115,,,,,,,
STU-00974,2025-12-01,300000,UZS,Cash,,RCPT-N-02334,Completed,Tuition,Dekabr tuition; source: TEMURBEK SCHOOL - Shaxobov Temurbek 2026 50 %.csv line 116,,,,,,,
STU-00974,2026-01-01,150000,UZS,Cash,,RCPT-N-02335,Completed,Tuition,Yan tuition; source: TEMURBEK SCHOOL - Shaxobov Temurbek 2026 50 %.csv line 116,monthly_discount,fixed,150000,300000,150000,150000,true
STU-00974,2026-02-01,300000,UZS,Cash,,RCPT-N-02336,Completed,Tuition,Feb tuition; source: TEMURBEK SCHOOL - Shaxobov Temurbek 2026 50 %.csv line 116,,,,,,,
STU-00974,2026-04-01,300000,UZS,Cash,,RCPT-N-02337,Completed,Tuition,Aprel tuition; source: TEMURBEK SCHOOL - Shaxobov Temurbek 2026 50 %.csv line 116,,,,,,,
STU-00974,2026-05-01,300000,UZS,Cash,,RCPT-N-02338,Completed,Tuition,May tuition; source: TEMURBEK SCHOOL - Shaxobov Temurbek 2026 50 %.csv line 116,,,,,,,
STU-00975,2025-12-01,300000,UZS,Cash,,RCPT-N-02339,Completed,Tuition,Dekabr tuition; source: TEMURBEK SCHOOL - Shaxobov Temurbek 2026 50 %.csv line 117,,,,,,,
STU-00975,2026-01-01,300000,UZS,Cash,,RCPT-N-02340,Completed,Tuition,Yan tuition; source: TEMURBEK SCHOOL - Shaxobov Temurbek 2026 50 %.csv line 117,,,,,,,
STU-00975,2026-02-01,300000,UZS,Cash,,RCPT-N-02341,Completed,Tuition,Feb tuition; source: TEMURBEK SCHOOL - Shaxobov Temurbek 2026 50 %.csv line 117,,,,,,,
STU-00975,2026-04-01,300000,UZS,Cash,,RCPT-N-02342,Completed,Tuition,Aprel tuition; source: TEMURBEK SCHOOL - Shaxobov Temurbek 2026 50 %.csv line 117,,,,,,,
STU-00975,2026-05-01,300000,UZS,Cash,,RCPT-N-02343,Completed,Tuition,May tuition; source: TEMURBEK SCHOOL - Shaxobov Temurbek 2026 50 %.csv line 117,,,,,,,
STU-00976,2026-04-01,300000,UZS,Cash,,RCPT-N-02344,Completed,Tuition,Aprel tuition; source: TEMURBEK SCHOOL - Shaxobov Temurbek 2026 50 %.csv line 118,,,,,,,
STU-00976,2026-05-01,300000,UZS,Cash,,RCPT-N-02345,Completed,Tuition,May tuition; source: TEMURBEK SCHOOL - Shaxobov Temurbek 2026 50 %.csv line 118,,,,,,,
STU-00977,2025-12-01,290000,UZS,Cash,,RCPT-N-02346,Completed,Tuition,Dekabr tuition; source: TEMURBEK SCHOOL - Shaxobov Temurbek 2026 50 %.csv line 119,monthly_discount,fixed,10000,300000,10000,290000,true
STU-00977,2026-01-01,200000,UZS,Cash,,RCPT-N-02347,Completed,Tuition,Yan tuition; source: TEMURBEK SCHOOL - Shaxobov Temurbek 2026 50 %.csv line 119,monthly_discount,fixed,100000,300000,100000,200000,true
STU-00977,2026-02-01,300000,UZS,Cash,,RCPT-N-02348,Completed,Tuition,Feb tuition; source: TEMURBEK SCHOOL - Shaxobov Temurbek 2026 50 %.csv line 119,,,,,,,
STU-00977,2026-04-01,300000,UZS,Cash,,RCPT-N-02349,Completed,Tuition,Aprel tuition; source: TEMURBEK SCHOOL - Shaxobov Temurbek 2026 50 %.csv line 119,,,,,,,
STU-00977,2026-05-01,300000,UZS,Cash,,RCPT-N-02350,Completed,Tuition,May tuition; source: TEMURBEK SCHOOL - Shaxobov Temurbek 2026 50 %.csv line 119,,,,,,,
STU-00978,2025-12-01,290000,UZS,Cash,,RCPT-N-02351,Completed,Tuition,Dekabr tuition; source: TEMURBEK SCHOOL - Shaxobov Temurbek 2026 50 %.csv line 120,monthly_discount,fixed,10000,300000,10000,290000,true
STU-00978,2026-01-01,250000,UZS,Cash,,RCPT-N-02352,Completed,Tuition,Yan tuition; source: TEMURBEK SCHOOL - Shaxobov Temurbek 2026 50 %.csv line 120,monthly_discount,fixed,50000,300000,50000,250000,true
STU-00978,2026-02-01,290000,UZS,Cash,,RCPT-N-02353,Completed,Tuition,Feb tuition; source: TEMURBEK SCHOOL - Shaxobov Temurbek 2026 50 %.csv line 120,monthly_discount,fixed,10000,300000,10000,290000,true
STU-00978,2026-04-01,300000,UZS,Cash,,RCPT-N-02354,Completed,Tuition,Aprel tuition; source: TEMURBEK SCHOOL - Shaxobov Temurbek 2026 50 %.csv line 120,,,,,,,
STU-00978,2026-05-01,300000,UZS,Cash,,RCPT-N-02355,Completed,Tuition,May tuition; source: TEMURBEK SCHOOL - Shaxobov Temurbek 2026 50 %.csv line 120,,,,,,,
STU-00979,2026-05-01,290000,UZS,Cash,,RCPT-N-02356,Completed,Tuition,May tuition; source: TEMURBEK SCHOOL - Shaxobov Temurbek 2026 50 %.csv line 121,monthly_discount,fixed,10000,300000,10000,290000,true
STU-00984,2025-12-01,290000,UZS,Cash,,RCPT-N-02357,Completed,Tuition,Dekabr tuition; source: TEMURBEK SCHOOL - Shaxobov Temurbek 2026 50 %.csv line 126,monthly_discount,fixed,10000,300000,10000,290000,true
STU-00984,2026-01-01,300000,UZS,Cash,,RCPT-N-02358,Completed,Tuition,Yan tuition; source: TEMURBEK SCHOOL - Shaxobov Temurbek 2026 50 %.csv line 126,,,,,,,
STU-00984,2026-02-01,300000,UZS,Cash,,RCPT-N-02359,Completed,Tuition,Feb tuition; source: TEMURBEK SCHOOL - Shaxobov Temurbek 2026 50 %.csv line 126,,,,,,,
STU-00984,2026-04-01,320000,UZS,Cash,,RCPT-N-02360,Completed,Tuition,Aprel tuition; source: TEMURBEK SCHOOL - Shaxobov Temurbek 2026 50 %.csv line 126,,,,,,,
STU-00984,2026-05-01,320000,UZS,Cash,,RCPT-N-02361,Completed,Tuition,May tuition; source: TEMURBEK SCHOOL - Shaxobov Temurbek 2026 50 %.csv line 126,,,,,,,
STU-00985,2025-12-01,290000,UZS,Cash,,RCPT-N-02362,Completed,Tuition,Dekabr tuition; source: TEMURBEK SCHOOL - Shaxobov Temurbek 2026 50 %.csv line 134,monthly_discount,fixed,50000,340000,50000,290000,true
STU-00985,2026-01-01,290000,UZS,Cash,,RCPT-N-02363,Completed,Tuition,Yan tuition; source: TEMURBEK SCHOOL - Shaxobov Temurbek 2026 50 %.csv line 134,monthly_discount,fixed,50000,340000,50000,290000,true
STU-00985,2026-02-01,290000,UZS,Cash,,RCPT-N-02364,Completed,Tuition,Feb tuition; source: TEMURBEK SCHOOL - Shaxobov Temurbek 2026 50 %.csv line 134,monthly_discount,fixed,50000,340000,50000,290000,true
STU-00985,2026-04-01,320000,UZS,Cash,,RCPT-N-02365,Completed,Tuition,Aprel tuition; source: TEMURBEK SCHOOL - Shaxobov Temurbek 2026 50 %.csv line 134,serial_discount,fixed,20000,340000,20000,320000,true
STU-00985,2026-06-01,320000,UZS,Cash,,RCPT-N-02366,Completed,Tuition,Iyun tuition; source: TEMURBEK SCHOOL - Shaxobov Temurbek 2026 50 %.csv line 134,serial_discount,fixed,20000,340000,20000,320000,true
STU-00986,2025-12-01,270000,UZS,Cash,,RCPT-N-02367,Completed,Tuition,Dekabr tuition; source: TEMURBEK SCHOOL - Shaxobov Temurbek 2026 50 %.csv line 135,serial_discount,fixed,70000,340000,70000,270000,true
STU-00986,2026-01-01,270000,UZS,Cash,,RCPT-N-02368,Completed,Tuition,Yan tuition; source: TEMURBEK SCHOOL - Shaxobov Temurbek 2026 50 %.csv line 135,serial_discount,fixed,70000,340000,70000,270000,true
STU-00986,2026-02-01,270000,UZS,Cash,,RCPT-N-02369,Completed,Tuition,Feb tuition; source: TEMURBEK SCHOOL - Shaxobov Temurbek 2026 50 %.csv line 135,serial_discount,fixed,70000,340000,70000,270000,true
STU-00986,2026-04-01,320000,UZS,Cash,,RCPT-N-02370,Completed,Tuition,Aprel tuition; source: TEMURBEK SCHOOL - Shaxobov Temurbek 2026 50 %.csv line 135,monthly_discount,fixed,20000,340000,20000,320000,true
STU-00986,2026-05-01,270000,UZS,Cash,,RCPT-N-02371,Completed,Tuition,May tuition; source: TEMURBEK SCHOOL - Shaxobov Temurbek 2026 50 %.csv line 135,serial_discount,fixed,70000,340000,70000,270000,true
STU-00987,2025-12-01,250000,UZS,Cash,,RCPT-N-02372,Completed,Tuition,Dekabr tuition; source: TEMURBEK SCHOOL - Shaxobov Temurbek 2026 50 %.csv line 136,serial_discount,fixed,90000,340000,90000,250000,true
STU-00987,2026-01-01,250000,UZS,Cash,,RCPT-N-02373,Completed,Tuition,Yan tuition; source: TEMURBEK SCHOOL - Shaxobov Temurbek 2026 50 %.csv line 136,serial_discount,fixed,90000,340000,90000,250000,true
STU-00987,2026-02-01,250000,UZS,Cash,,RCPT-N-02374,Completed,Tuition,Feb tuition; source: TEMURBEK SCHOOL - Shaxobov Temurbek 2026 50 %.csv line 136,serial_discount,fixed,90000,340000,90000,250000,true
STU-00987,2026-04-01,250000,UZS,Cash,,RCPT-N-02375,Completed,Tuition,Aprel tuition; source: TEMURBEK SCHOOL - Shaxobov Temurbek 2026 50 %.csv line 136,serial_discount,fixed,90000,340000,90000,250000,true
STU-00987,2026-05-01,250000,UZS,Cash,,RCPT-N-02376,Completed,Tuition,May tuition; source: TEMURBEK SCHOOL - Shaxobov Temurbek 2026 50 %.csv line 136,serial_discount,fixed,90000,340000,90000,250000,true
STU-00988,2025-12-01,290000,UZS,Cash,,RCPT-N-02377,Completed,Tuition,Dekabr tuition; source: TEMURBEK SCHOOL - Shaxobov Temurbek 2026 50 %.csv line 137,monthly_discount,fixed,50000,340000,50000,290000,true
STU-00988,2026-01-01,290000,UZS,Cash,,RCPT-N-02378,Completed,Tuition,Yan tuition; source: TEMURBEK SCHOOL - Shaxobov Temurbek 2026 50 %.csv line 137,monthly_discount,fixed,50000,340000,50000,290000,true
STU-00988,2026-02-01,290000,UZS,Cash,,RCPT-N-02379,Completed,Tuition,Feb tuition; source: TEMURBEK SCHOOL - Shaxobov Temurbek 2026 50 %.csv line 137,monthly_discount,fixed,50000,340000,50000,290000,true
STU-00988,2026-04-01,290000,UZS,Cash,,RCPT-N-02380,Completed,Tuition,Aprel tuition; source: TEMURBEK SCHOOL - Shaxobov Temurbek 2026 50 %.csv line 137,monthly_discount,fixed,50000,340000,50000,290000,true
STU-00988,2026-05-01,320000,UZS,Cash,,RCPT-N-02381,Completed,Tuition,May tuition; source: TEMURBEK SCHOOL - Shaxobov Temurbek 2026 50 %.csv line 137,serial_discount,fixed,20000,340000,20000,320000,true
STU-00988,2026-06-01,320000,UZS,Cash,,RCPT-N-02382,Completed,Tuition,Iyun tuition; source: TEMURBEK SCHOOL - Shaxobov Temurbek 2026 50 %.csv line 137,serial_discount,fixed,20000,340000,20000,320000,true
STU-00989,2025-12-01,290000,UZS,Cash,,RCPT-N-02383,Completed,Tuition,Dekabr tuition; source: TEMURBEK SCHOOL - Shaxobov Temurbek 2026 50 %.csv line 138,monthly_discount,fixed,50000,340000,50000,290000,true
STU-00989,2026-01-01,290000,UZS,Cash,,RCPT-N-02384,Completed,Tuition,Yan tuition; source: TEMURBEK SCHOOL - Shaxobov Temurbek 2026 50 %.csv line 138,monthly_discount,fixed,50000,340000,50000,290000,true
STU-00989,2026-02-01,290000,UZS,Cash,,RCPT-N-02385,Completed,Tuition,Feb tuition; source: TEMURBEK SCHOOL - Shaxobov Temurbek 2026 50 %.csv line 138,monthly_discount,fixed,50000,340000,50000,290000,true
STU-00989,2026-04-01,320000,UZS,Cash,,RCPT-N-02386,Completed,Tuition,Aprel tuition; source: TEMURBEK SCHOOL - Shaxobov Temurbek 2026 50 %.csv line 138,serial_discount,fixed,20000,340000,20000,320000,true
STU-00989,2026-05-01,320000,UZS,Cash,,RCPT-N-02387,Completed,Tuition,May tuition; source: TEMURBEK SCHOOL - Shaxobov Temurbek 2026 50 %.csv line 138,serial_discount,fixed,20000,340000,20000,320000,true
STU-00989,2026-06-01,320000,UZS,Cash,,RCPT-N-02388,Completed,Tuition,Iyun tuition; source: TEMURBEK SCHOOL - Shaxobov Temurbek 2026 50 %.csv line 138,serial_discount,fixed,20000,340000,20000,320000,true
STU-00990,2025-12-01,300000,UZS,Cash,,RCPT-N-02389,Completed,Tuition,Dekabr tuition; source: TEMURBEK SCHOOL - Shaxobov Temurbek 2026 50 %.csv line 139,monthly_discount,fixed,40000,340000,40000,300000,true
STU-00990,2026-01-01,290000,UZS,Cash,,RCPT-N-02390,Completed,Tuition,Yan tuition; source: TEMURBEK SCHOOL - Shaxobov Temurbek 2026 50 %.csv line 139,monthly_discount,fixed,50000,340000,50000,290000,true
STU-00990,2026-02-01,290000,UZS,Cash,,RCPT-N-02391,Completed,Tuition,Feb tuition; source: TEMURBEK SCHOOL - Shaxobov Temurbek 2026 50 %.csv line 139,monthly_discount,fixed,50000,340000,50000,290000,true
STU-00990,2026-04-01,320000,UZS,Cash,,RCPT-N-02392,Completed,Tuition,Aprel tuition; source: TEMURBEK SCHOOL - Shaxobov Temurbek 2026 50 %.csv line 139,serial_discount,fixed,20000,340000,20000,320000,true
STU-00990,2026-05-01,320000,UZS,Cash,,RCPT-N-02393,Completed,Tuition,May tuition; source: TEMURBEK SCHOOL - Shaxobov Temurbek 2026 50 %.csv line 139,serial_discount,fixed,20000,340000,20000,320000,true
STU-00990,2026-06-01,320000,UZS,Cash,,RCPT-N-02394,Completed,Tuition,Iyun tuition; source: TEMURBEK SCHOOL - Shaxobov Temurbek 2026 50 %.csv line 139,serial_discount,fixed,20000,340000,20000,320000,true
STU-00991,2025-12-01,290000,UZS,Cash,,RCPT-N-02395,Completed,Tuition,Dekabr tuition; source: TEMURBEK SCHOOL - Shaxobov Temurbek 2026 50 %.csv line 140,monthly_discount,fixed,50000,340000,50000,290000,true
STU-00991,2026-01-01,290000,UZS,Cash,,RCPT-N-02396,Completed,Tuition,Yan tuition; source: TEMURBEK SCHOOL - Shaxobov Temurbek 2026 50 %.csv line 140,monthly_discount,fixed,50000,340000,50000,290000,true
STU-00991,2026-02-01,290000,UZS,Cash,,RCPT-N-02397,Completed,Tuition,Feb tuition; source: TEMURBEK SCHOOL - Shaxobov Temurbek 2026 50 %.csv line 140,monthly_discount,fixed,50000,340000,50000,290000,true
STU-00991,2026-04-01,320000,UZS,Cash,,RCPT-N-02398,Completed,Tuition,Aprel tuition; source: TEMURBEK SCHOOL - Shaxobov Temurbek 2026 50 %.csv line 140,monthly_discount,fixed,20000,340000,20000,320000,true
STU-00991,2026-05-01,320000,UZS,Cash,,RCPT-N-02399,Completed,Tuition,May tuition; source: TEMURBEK SCHOOL - Shaxobov Temurbek 2026 50 %.csv line 140,monthly_discount,fixed,20000,340000,20000,320000,true
STU-00991,2026-06-01,360000,UZS,Cash,,RCPT-N-02400,Completed,Tuition,Iyun tuition; source: TEMURBEK SCHOOL - Shaxobov Temurbek 2026 50 %.csv line 140,,,,,,,
STU-00992,2026-01-01,220000,UZS,Cash,,RCPT-N-02401,Completed,Tuition,Yan tuition; source: TEMURBEK SCHOOL - Shaxobov Temurbek 2026 50 %.csv line 141,monthly_discount,fixed,120000,340000,120000,220000,true
STU-00992,2026-02-01,290000,UZS,Cash,,RCPT-N-02402,Completed,Tuition,Feb tuition; source: TEMURBEK SCHOOL - Shaxobov Temurbek 2026 50 %.csv line 141,monthly_discount,fixed,50000,340000,50000,290000,true
STU-00992,2026-04-01,320000,UZS,Cash,,RCPT-N-02403,Completed,Tuition,Aprel tuition; source: TEMURBEK SCHOOL - Shaxobov Temurbek 2026 50 %.csv line 141,serial_discount,fixed,20000,340000,20000,320000,true
STU-00992,2026-05-01,320000,UZS,Cash,,RCPT-N-02404,Completed,Tuition,May tuition; source: TEMURBEK SCHOOL - Shaxobov Temurbek 2026 50 %.csv line 141,serial_discount,fixed,20000,340000,20000,320000,true
STU-00993,2026-01-01,220000,UZS,Cash,,RCPT-N-02405,Completed,Tuition,Yan tuition; source: TEMURBEK SCHOOL - Shaxobov Temurbek 2026 50 %.csv line 142,monthly_discount,fixed,120000,340000,120000,220000,true
STU-00993,2026-02-01,290000,UZS,Cash,,RCPT-N-02406,Completed,Tuition,Feb tuition; source: TEMURBEK SCHOOL - Shaxobov Temurbek 2026 50 %.csv line 142,monthly_discount,fixed,50000,340000,50000,290000,true
STU-00993,2026-04-01,320000,UZS,Cash,,RCPT-N-02407,Completed,Tuition,Aprel tuition; source: TEMURBEK SCHOOL - Shaxobov Temurbek 2026 50 %.csv line 142,serial_discount,fixed,20000,340000,20000,320000,true
STU-00993,2026-05-01,320000,UZS,Cash,,RCPT-N-02408,Completed,Tuition,May tuition; source: TEMURBEK SCHOOL - Shaxobov Temurbek 2026 50 %.csv line 142,serial_discount,fixed,20000,340000,20000,320000,true
STU-00994,2025-12-01,290000,UZS,Cash,,RCPT-N-02409,Completed,Tuition,Dekabr tuition; source: TEMURBEK SCHOOL - Shaxobov Temurbek 2026 50 %.csv line 143,monthly_discount,fixed,50000,340000,50000,290000,true
STU-00994,2026-01-01,290000,UZS,Cash,,RCPT-N-02410,Completed,Tuition,Yan tuition; source: TEMURBEK SCHOOL - Shaxobov Temurbek 2026 50 %.csv line 143,monthly_discount,fixed,50000,340000,50000,290000,true
STU-00994,2026-02-01,290000,UZS,Cash,,RCPT-N-02411,Completed,Tuition,Feb tuition; source: TEMURBEK SCHOOL - Shaxobov Temurbek 2026 50 %.csv line 143,monthly_discount,fixed,50000,340000,50000,290000,true
STU-00994,2026-05-01,320000,UZS,Cash,,RCPT-N-02412,Completed,Tuition,May tuition; source: TEMURBEK SCHOOL - Shaxobov Temurbek 2026 50 %.csv line 143,monthly_discount,fixed,20000,340000,20000,320000,true
STU-00995,2025-12-01,290000,UZS,Cash,,RCPT-N-02413,Completed,Tuition,Dekabr tuition; source: TEMURBEK SCHOOL - Shaxobov Temurbek 2026 50 %.csv line 144,monthly_discount,fixed,50000,340000,50000,290000,true
STU-00995,2026-01-01,290000,UZS,Cash,,RCPT-N-02414,Completed,Tuition,Yan tuition; source: TEMURBEK SCHOOL - Shaxobov Temurbek 2026 50 %.csv line 144,monthly_discount,fixed,50000,340000,50000,290000,true
STU-00995,2026-02-01,290000,UZS,Cash,,RCPT-N-02415,Completed,Tuition,Feb tuition; source: TEMURBEK SCHOOL - Shaxobov Temurbek 2026 50 %.csv line 144,monthly_discount,fixed,50000,340000,50000,290000,true
STU-00995,2026-04-01,320000,UZS,Cash,,RCPT-N-02416,Completed,Tuition,Aprel tuition; source: TEMURBEK SCHOOL - Shaxobov Temurbek 2026 50 %.csv line 144,monthly_discount,fixed,20000,340000,20000,320000,true
STU-00995,2026-05-01,320000,UZS,Cash,,RCPT-N-02417,Completed,Tuition,May tuition; source: TEMURBEK SCHOOL - Shaxobov Temurbek 2026 50 %.csv line 144,monthly_discount,fixed,20000,340000,20000,320000,true
STU-00995,2026-06-01,330000,UZS,Cash,,RCPT-N-02418,Completed,Tuition,Iyun tuition; source: TEMURBEK SCHOOL - Shaxobov Temurbek 2026 50 %.csv line 144,monthly_discount,fixed,10000,340000,10000,330000,true
STU-00996,2025-12-01,290000,UZS,Cash,,RCPT-N-02419,Completed,Tuition,Dekabr tuition; source: TEMURBEK SCHOOL - Shaxobov Temurbek 2026 50 %.csv line 145,monthly_discount,fixed,50000,340000,50000,290000,true
STU-00996,2026-01-01,290000,UZS,Cash,,RCPT-N-02420,Completed,Tuition,Yan tuition; source: TEMURBEK SCHOOL - Shaxobov Temurbek 2026 50 %.csv line 145,monthly_discount,fixed,50000,340000,50000,290000,true
STU-00996,2026-02-01,290000,UZS,Cash,,RCPT-N-02421,Completed,Tuition,Feb tuition; source: TEMURBEK SCHOOL - Shaxobov Temurbek 2026 50 %.csv line 145,monthly_discount,fixed,50000,340000,50000,290000,true
STU-00996,2026-04-01,320000,UZS,Cash,,RCPT-N-02422,Completed,Tuition,Aprel tuition; source: TEMURBEK SCHOOL - Shaxobov Temurbek 2026 50 %.csv line 145,serial_discount,fixed,20000,340000,20000,320000,true
STU-00996,2026-05-01,320000,UZS,Cash,,RCPT-N-02423,Completed,Tuition,May tuition; source: TEMURBEK SCHOOL - Shaxobov Temurbek 2026 50 %.csv line 145,serial_discount,fixed,20000,340000,20000,320000,true
STU-00997,2025-12-01,300000,UZS,Cash,,RCPT-N-02424,Completed,Tuition,Dekabr tuition; source: TEMURBEK SCHOOL - Shaxobov Temurbek 2026 50 %.csv line 146,monthly_discount,fixed,40000,340000,40000,300000,true
STU-00997,2026-01-01,290000,UZS,Cash,,RCPT-N-02425,Completed,Tuition,Yan tuition; source: TEMURBEK SCHOOL - Shaxobov Temurbek 2026 50 %.csv line 146,monthly_discount,fixed,50000,340000,50000,290000,true
STU-00997,2026-02-01,290000,UZS,Cash,,RCPT-N-02426,Completed,Tuition,Feb tuition; source: TEMURBEK SCHOOL - Shaxobov Temurbek 2026 50 %.csv line 146,monthly_discount,fixed,50000,340000,50000,290000,true
STU-00997,2026-04-01,290000,UZS,Cash,,RCPT-N-02427,Completed,Tuition,Aprel tuition; source: TEMURBEK SCHOOL - Shaxobov Temurbek 2026 50 %.csv line 146,monthly_discount,fixed,50000,340000,50000,290000,true
STU-00997,2026-05-01,320000,UZS,Cash,,RCPT-N-02428,Completed,Tuition,May tuition; source: TEMURBEK SCHOOL - Shaxobov Temurbek 2026 50 %.csv line 146,monthly_discount,fixed,20000,340000,20000,320000,true
STU-00998,2026-01-01,290000,UZS,Cash,,RCPT-N-02429,Completed,Tuition,Yan tuition; source: TEMURBEK SCHOOL - Shaxobov Temurbek 2026 50 %.csv line 147,monthly_discount,fixed,50000,340000,50000,290000,true
STU-00998,2026-02-01,290000,UZS,Cash,,RCPT-N-02430,Completed,Tuition,Feb tuition; source: TEMURBEK SCHOOL - Shaxobov Temurbek 2026 50 %.csv line 147,monthly_discount,fixed,50000,340000,50000,290000,true
STU-00998,2026-04-01,320000,UZS,Cash,,RCPT-N-02431,Completed,Tuition,Aprel tuition; source: TEMURBEK SCHOOL - Shaxobov Temurbek 2026 50 %.csv line 147,serial_discount,fixed,20000,340000,20000,320000,true
STU-00998,2026-05-01,320000,UZS,Cash,,RCPT-N-02432,Completed,Tuition,May tuition; source: TEMURBEK SCHOOL - Shaxobov Temurbek 2026 50 %.csv line 147,serial_discount,fixed,20000,340000,20000,320000,true
STU-00999,2025-12-01,300000,UZS,Cash,,RCPT-N-02433,Completed,Tuition,Dekabr tuition; source: TEMURBEK SCHOOL - Shaxobov Temurbek 2026 50 %.csv line 148,monthly_discount,fixed,40000,340000,40000,300000,true
STU-00999,2026-01-01,300000,UZS,Cash,,RCPT-N-02434,Completed,Tuition,Yan tuition; source: TEMURBEK SCHOOL - Shaxobov Temurbek 2026 50 %.csv line 148,monthly_discount,fixed,40000,340000,40000,300000,true
STU-00999,2026-02-01,340000,UZS,Cash,,RCPT-N-02435,Completed,Tuition,Feb tuition; source: TEMURBEK SCHOOL - Shaxobov Temurbek 2026 50 %.csv line 148,,,,,,,
STU-00999,2026-04-01,340000,UZS,Cash,,RCPT-N-02436,Completed,Tuition,Aprel tuition; source: TEMURBEK SCHOOL - Shaxobov Temurbek 2026 50 %.csv line 148,,,,,,,
STU-00999,2026-05-01,330000,UZS,Cash,,RCPT-N-02437,Completed,Tuition,May tuition; source: TEMURBEK SCHOOL - Shaxobov Temurbek 2026 50 %.csv line 148,monthly_discount,fixed,10000,340000,10000,330000,true
STU-01000,2025-12-01,300000,UZS,Cash,,RCPT-N-02438,Completed,Tuition,Dekabr tuition; source: TEMURBEK SCHOOL - Shaxobov Temurbek 2026 50 %.csv line 149,monthly_discount,fixed,40000,340000,40000,300000,true
STU-01000,2026-01-01,300000,UZS,Cash,,RCPT-N-02439,Completed,Tuition,Yan tuition; source: TEMURBEK SCHOOL - Shaxobov Temurbek 2026 50 %.csv line 149,monthly_discount,fixed,40000,340000,40000,300000,true
STU-01000,2026-02-01,340000,UZS,Cash,,RCPT-N-02440,Completed,Tuition,Feb tuition; source: TEMURBEK SCHOOL - Shaxobov Temurbek 2026 50 %.csv line 149,,,,,,,
STU-01000,2026-04-01,340000,UZS,Cash,,RCPT-N-02441,Completed,Tuition,Aprel tuition; source: TEMURBEK SCHOOL - Shaxobov Temurbek 2026 50 %.csv line 149,,,,,,,
STU-01000,2026-05-01,340000,UZS,Cash,,RCPT-N-02442,Completed,Tuition,May tuition; source: TEMURBEK SCHOOL - Shaxobov Temurbek 2026 50 %.csv line 149,,,,,,,
STU-01001,2025-12-01,300000,UZS,Cash,,RCPT-N-02443,Completed,Tuition,Dekabr tuition; source: TEMURBEK SCHOOL - Shaxobov Temurbek 2026 50 %.csv line 150,monthly_discount,fixed,40000,340000,40000,300000,true
STU-01001,2026-01-01,300000,UZS,Cash,,RCPT-N-02444,Completed,Tuition,Yan tuition; source: TEMURBEK SCHOOL - Shaxobov Temurbek 2026 50 %.csv line 150,monthly_discount,fixed,40000,340000,40000,300000,true
STU-01001,2026-02-01,340000,UZS,Cash,,RCPT-N-02445,Completed,Tuition,Feb tuition; source: TEMURBEK SCHOOL - Shaxobov Temurbek 2026 50 %.csv line 150,,,,,,,
STU-01001,2026-04-01,340000,UZS,Cash,,RCPT-N-02446,Completed,Tuition,Aprel tuition; source: TEMURBEK SCHOOL - Shaxobov Temurbek 2026 50 %.csv line 150,,,,,,,
STU-01001,2026-05-01,340000,UZS,Cash,,RCPT-N-02447,Completed,Tuition,May tuition; source: TEMURBEK SCHOOL - Shaxobov Temurbek 2026 50 %.csv line 150,,,,,,,
STU-01001,2026-06-01,320000,UZS,Cash,,RCPT-N-02448,Completed,Tuition,Iyun tuition; source: TEMURBEK SCHOOL - Shaxobov Temurbek 2026 50 %.csv line 150,monthly_discount,fixed,20000,340000,20000,320000,true
STU-01002,2025-12-01,300000,UZS,Cash,,RCPT-N-02449,Completed,Tuition,Dekabr tuition; source: TEMURBEK SCHOOL - Shaxobov Temurbek 2026 50 %.csv line 151,monthly_discount,fixed,40000,340000,40000,300000,true
STU-01002,2026-01-01,300000,UZS,Cash,,RCPT-N-02450,Completed,Tuition,Yan tuition; source: TEMURBEK SCHOOL - Shaxobov Temurbek 2026 50 %.csv line 151,monthly_discount,fixed,40000,340000,40000,300000,true
STU-01002,2026-02-01,340000,UZS,Cash,,RCPT-N-02451,Completed,Tuition,Feb tuition; source: TEMURBEK SCHOOL - Shaxobov Temurbek 2026 50 %.csv line 151,,,,,,,
STU-01002,2026-04-01,340000,UZS,Cash,,RCPT-N-02452,Completed,Tuition,Aprel tuition; source: TEMURBEK SCHOOL - Shaxobov Temurbek 2026 50 %.csv line 151,,,,,,,
STU-01002,2026-05-01,320000,UZS,Cash,,RCPT-N-02453,Completed,Tuition,May tuition; source: TEMURBEK SCHOOL - Shaxobov Temurbek 2026 50 %.csv line 151,monthly_discount,fixed,20000,340000,20000,320000,true
STU-01003,2025-12-01,300000,UZS,Cash,,RCPT-N-02454,Completed,Tuition,Dekabr tuition; source: TEMURBEK SCHOOL - Shaxobov Temurbek 2026 50 %.csv line 152,monthly_discount,fixed,40000,340000,40000,300000,true
STU-01003,2026-01-01,300000,UZS,Cash,,RCPT-N-02455,Completed,Tuition,Yan tuition; source: TEMURBEK SCHOOL - Shaxobov Temurbek 2026 50 %.csv line 152,monthly_discount,fixed,40000,340000,40000,300000,true
STU-01003,2026-02-01,300000,UZS,Cash,,RCPT-N-02456,Completed,Tuition,Feb tuition; source: TEMURBEK SCHOOL - Shaxobov Temurbek 2026 50 %.csv line 152,monthly_discount,fixed,40000,340000,40000,300000,true
STU-01003,2026-04-01,340000,UZS,Cash,,RCPT-N-02457,Completed,Tuition,Aprel tuition; source: TEMURBEK SCHOOL - Shaxobov Temurbek 2026 50 %.csv line 152,,,,,,,
STU-01003,2026-05-01,320000,UZS,Cash,,RCPT-N-02458,Completed,Tuition,May tuition; source: TEMURBEK SCHOOL - Shaxobov Temurbek 2026 50 %.csv line 152,monthly_discount,fixed,20000,340000,20000,320000,true
STU-01004,2025-12-01,300000,UZS,Cash,,RCPT-N-02459,Completed,Tuition,Dekabr tuition; source: TEMURBEK SCHOOL - Shaxobov Temurbek 2026 50 %.csv line 153,monthly_discount,fixed,40000,340000,40000,300000,true
STU-01004,2026-01-01,300000,UZS,Cash,,RCPT-N-02460,Completed,Tuition,Yan tuition; source: TEMURBEK SCHOOL - Shaxobov Temurbek 2026 50 %.csv line 153,monthly_discount,fixed,40000,340000,40000,300000,true
STU-01004,2026-02-01,340000,UZS,Cash,,RCPT-N-02461,Completed,Tuition,Feb tuition; source: TEMURBEK SCHOOL - Shaxobov Temurbek 2026 50 %.csv line 153,,,,,,,
STU-01004,2026-04-01,340000,UZS,Cash,,RCPT-N-02462,Completed,Tuition,Aprel tuition; source: TEMURBEK SCHOOL - Shaxobov Temurbek 2026 50 %.csv line 153,,,,,,,
STU-01005,2025-12-01,280000,UZS,Cash,,RCPT-N-02463,Completed,Tuition,Dekabr tuition; source: TEMURBEK SCHOOL - Shaxobov Temurbek 2026 50 %.csv line 154,monthly_discount,fixed,60000,340000,60000,280000,true
STU-01005,2026-01-01,300000,UZS,Cash,,RCPT-N-02464,Completed,Tuition,Yan tuition; source: TEMURBEK SCHOOL - Shaxobov Temurbek 2026 50 %.csv line 154,serial_discount,fixed,40000,340000,40000,300000,true
STU-01005,2026-02-01,290000,UZS,Cash,,RCPT-N-02465,Completed,Tuition,Feb tuition; source: TEMURBEK SCHOOL - Shaxobov Temurbek 2026 50 %.csv line 154,monthly_discount,fixed,50000,340000,50000,290000,true
STU-01005,2026-04-01,300000,UZS,Cash,,RCPT-N-02466,Completed,Tuition,Aprel tuition; source: TEMURBEK SCHOOL - Shaxobov Temurbek 2026 50 %.csv line 154,serial_discount,fixed,40000,340000,40000,300000,true
STU-01005,2026-05-01,300000,UZS,Cash,,RCPT-N-02467,Completed,Tuition,May tuition; source: TEMURBEK SCHOOL - Shaxobov Temurbek 2026 50 %.csv line 154,serial_discount,fixed,40000,340000,40000,300000,true
STU-01006,2025-12-01,170000,UZS,Cash,,RCPT-N-02468,Completed,Tuition,Dekabr tuition; source: TEMURBEK SCHOOL - Shaxobov Temurbek 2026 50 %.csv line 155,monthly_discount,fixed,170000,340000,170000,170000,true
STU-01006,2026-01-01,340000,UZS,Cash,,RCPT-N-02469,Completed,Tuition,Yan tuition; source: TEMURBEK SCHOOL - Shaxobov Temurbek 2026 50 %.csv line 155,,,,,,,
STU-01006,2026-02-01,340000,UZS,Cash,,RCPT-N-02470,Completed,Tuition,Feb tuition; source: TEMURBEK SCHOOL - Shaxobov Temurbek 2026 50 %.csv line 155,,,,,,,
STU-01006,2026-04-01,340000,UZS,Cash,,RCPT-N-02471,Completed,Tuition,Aprel tuition; source: TEMURBEK SCHOOL - Shaxobov Temurbek 2026 50 %.csv line 155,,,,,,,
STU-01006,2026-05-01,340000,UZS,Cash,,RCPT-N-02472,Completed,Tuition,May tuition; source: TEMURBEK SCHOOL - Shaxobov Temurbek 2026 50 %.csv line 155,,,,,,,
STU-01006,2026-06-01,340000,UZS,Cash,,RCPT-N-02473,Completed,Tuition,Iyun tuition; source: TEMURBEK SCHOOL - Shaxobov Temurbek 2026 50 %.csv line 155,,,,,,,
STU-01007,2025-12-01,300000,UZS,Cash,,RCPT-N-02474,Completed,Tuition,Dekabr tuition; source: TEMURBEK SCHOOL - Shaxobov Temurbek 2026 50 %.csv line 156,monthly_discount,fixed,40000,340000,40000,300000,true
STU-01007,2026-01-01,300000,UZS,Cash,,RCPT-N-02475,Completed,Tuition,Yan tuition; source: TEMURBEK SCHOOL - Shaxobov Temurbek 2026 50 %.csv line 156,monthly_discount,fixed,40000,340000,40000,300000,true
STU-01007,2026-02-01,340000,UZS,Cash,,RCPT-N-02476,Completed,Tuition,Feb tuition; source: TEMURBEK SCHOOL - Shaxobov Temurbek 2026 50 %.csv line 156,,,,,,,
STU-01007,2026-04-01,340000,UZS,Cash,,RCPT-N-02477,Completed,Tuition,Aprel tuition; source: TEMURBEK SCHOOL - Shaxobov Temurbek 2026 50 %.csv line 156,,,,,,,
STU-01007,2026-05-01,320000,UZS,Cash,,RCPT-N-02478,Completed,Tuition,May tuition; source: TEMURBEK SCHOOL - Shaxobov Temurbek 2026 50 %.csv line 156,monthly_discount,fixed,20000,340000,20000,320000,true
STU-01008,2025-12-01,300000,UZS,Cash,,RCPT-N-02479,Completed,Tuition,Dekabr tuition; source: TEMURBEK SCHOOL - Shaxobov Temurbek 2026 50 %.csv line 157,monthly_discount,fixed,40000,340000,40000,300000,true
STU-01008,2026-01-01,300000,UZS,Cash,,RCPT-N-02480,Completed,Tuition,Yan tuition; source: TEMURBEK SCHOOL - Shaxobov Temurbek 2026 50 %.csv line 157,monthly_discount,fixed,40000,340000,40000,300000,true
STU-01008,2026-02-01,340000,UZS,Cash,,RCPT-N-02481,Completed,Tuition,Feb tuition; source: TEMURBEK SCHOOL - Shaxobov Temurbek 2026 50 %.csv line 157,,,,,,,
STU-01009,2025-12-01,290000,UZS,Cash,,RCPT-N-02482,Completed,Tuition,Dekabr tuition; source: TEMURBEK SCHOOL - Shaxobov Temurbek 2026 50 %.csv line 158,monthly_discount,fixed,50000,340000,50000,290000,true
STU-01009,2026-01-01,290000,UZS,Cash,,RCPT-N-02483,Completed,Tuition,Yan tuition; source: TEMURBEK SCHOOL - Shaxobov Temurbek 2026 50 %.csv line 158,monthly_discount,fixed,50000,340000,50000,290000,true
STU-01009,2026-02-01,290000,UZS,Cash,,RCPT-N-02484,Completed,Tuition,Feb tuition; source: TEMURBEK SCHOOL - Shaxobov Temurbek 2026 50 %.csv line 158,monthly_discount,fixed,50000,340000,50000,290000,true
STU-01009,2026-04-01,320000,UZS,Cash,,RCPT-N-02485,Completed,Tuition,Aprel tuition; source: TEMURBEK SCHOOL - Shaxobov Temurbek 2026 50 %.csv line 158,serial_discount,fixed,20000,340000,20000,320000,true
STU-01009,2026-05-01,320000,UZS,Cash,,RCPT-N-02486,Completed,Tuition,May tuition; source: TEMURBEK SCHOOL - Shaxobov Temurbek 2026 50 %.csv line 158,serial_discount,fixed,20000,340000,20000,320000,true
STU-01010,2025-12-01,290000,UZS,Cash,,RCPT-N-02487,Completed,Tuition,Dekabr tuition; source: TEMURBEK SCHOOL - Shaxobov Temurbek 2026 50 %.csv line 159,monthly_discount,fixed,50000,340000,50000,290000,true
STU-01010,2026-01-01,290000,UZS,Cash,,RCPT-N-02488,Completed,Tuition,Yan tuition; source: TEMURBEK SCHOOL - Shaxobov Temurbek 2026 50 %.csv line 159,monthly_discount,fixed,50000,340000,50000,290000,true
STU-01010,2026-02-01,290000,UZS,Cash,,RCPT-N-02489,Completed,Tuition,Feb tuition; source: TEMURBEK SCHOOL - Shaxobov Temurbek 2026 50 %.csv line 159,monthly_discount,fixed,50000,340000,50000,290000,true
STU-01010,2026-04-01,320000,UZS,Cash,,RCPT-N-02490,Completed,Tuition,Aprel tuition; source: TEMURBEK SCHOOL - Shaxobov Temurbek 2026 50 %.csv line 159,monthly_discount,fixed,20000,340000,20000,320000,true
STU-01011,2025-12-01,300000,UZS,Cash,,RCPT-N-02491,Completed,Tuition,Dekabr tuition; source: TEMURBEK SCHOOL - Shaxobov Temurbek 2026 50 %.csv line 160,monthly_discount,fixed,40000,340000,40000,300000,true
STU-01011,2026-01-01,290000,UZS,Cash,,RCPT-N-02492,Completed,Tuition,Yan tuition; source: TEMURBEK SCHOOL - Shaxobov Temurbek 2026 50 %.csv line 160,monthly_discount,fixed,50000,340000,50000,290000,true
STU-01011,2026-02-01,290000,UZS,Cash,,RCPT-N-02493,Completed,Tuition,Feb tuition; source: TEMURBEK SCHOOL - Shaxobov Temurbek 2026 50 %.csv line 160,monthly_discount,fixed,50000,340000,50000,290000,true
STU-01011,2026-04-01,320000,UZS,Cash,,RCPT-N-02494,Completed,Tuition,Aprel tuition; source: TEMURBEK SCHOOL - Shaxobov Temurbek 2026 50 %.csv line 160,monthly_discount,fixed,20000,340000,20000,320000,true
STU-01011,2026-06-01,360000,UZS,Cash,,RCPT-N-02495,Completed,Tuition,Iyun tuition; source: TEMURBEK SCHOOL - Shaxobov Temurbek 2026 50 %.csv line 160,,,,,,,
STU-01012,2025-12-01,300000,UZS,Cash,,RCPT-N-02496,Completed,Tuition,Dekabr tuition; source: TEMURBEK SCHOOL - Shaxobov Temurbek 2026 50 %.csv line 161,monthly_discount,fixed,40000,340000,40000,300000,true
STU-01012,2026-01-01,300000,UZS,Cash,,RCPT-N-02497,Completed,Tuition,Yan tuition; source: TEMURBEK SCHOOL - Shaxobov Temurbek 2026 50 %.csv line 161,monthly_discount,fixed,40000,340000,40000,300000,true
STU-01012,2026-02-01,340000,UZS,Cash,,RCPT-N-02498,Completed,Tuition,Feb tuition; source: TEMURBEK SCHOOL - Shaxobov Temurbek 2026 50 %.csv line 161,,,,,,,
STU-01012,2026-04-01,340000,UZS,Cash,,RCPT-N-02499,Completed,Tuition,Aprel tuition; source: TEMURBEK SCHOOL - Shaxobov Temurbek 2026 50 %.csv line 161,,,,,,,
STU-01012,2026-05-01,340000,UZS,Cash,,RCPT-N-02500,Completed,Tuition,May tuition; source: TEMURBEK SCHOOL - Shaxobov Temurbek 2026 50 %.csv line 161,,,,,,,
STU-01012,2026-06-01,340000,UZS,Cash,,RCPT-N-02501,Completed,Tuition,Iyun tuition; source: TEMURBEK SCHOOL - Shaxobov Temurbek 2026 50 %.csv line 161,,,,,,,
STU-01013,2025-12-01,300000,UZS,Cash,,RCPT-N-02502,Completed,Tuition,Dekabr tuition; source: TEMURBEK SCHOOL - Shaxobov Temurbek 2026 50 %.csv line 162,monthly_discount,fixed,40000,340000,40000,300000,true
STU-01013,2026-01-01,300000,UZS,Cash,,RCPT-N-02503,Completed,Tuition,Yan tuition; source: TEMURBEK SCHOOL - Shaxobov Temurbek 2026 50 %.csv line 162,monthly_discount,fixed,40000,340000,40000,300000,true
STU-01013,2026-02-01,340000,UZS,Cash,,RCPT-N-02504,Completed,Tuition,Feb tuition; source: TEMURBEK SCHOOL - Shaxobov Temurbek 2026 50 %.csv line 162,,,,,,,
STU-01013,2026-04-01,340000,UZS,Cash,,RCPT-N-02505,Completed,Tuition,Aprel tuition; source: TEMURBEK SCHOOL - Shaxobov Temurbek 2026 50 %.csv line 162,,,,,,,
STU-01013,2026-05-01,340000,UZS,Cash,,RCPT-N-02506,Completed,Tuition,May tuition; source: TEMURBEK SCHOOL - Shaxobov Temurbek 2026 50 %.csv line 162,,,,,,,
STU-01014,2025-12-01,300000,UZS,Cash,,RCPT-N-02507,Completed,Tuition,Dekabr tuition; source: TEMURBEK SCHOOL - Shaxobov Temurbek 2026 50 %.csv line 163,monthly_discount,fixed,40000,340000,40000,300000,true
STU-01014,2026-01-01,300000,UZS,Cash,,RCPT-N-02508,Completed,Tuition,Yan tuition; source: TEMURBEK SCHOOL - Shaxobov Temurbek 2026 50 %.csv line 163,monthly_discount,fixed,40000,340000,40000,300000,true
STU-01014,2026-02-01,340000,UZS,Cash,,RCPT-N-02509,Completed,Tuition,Feb tuition; source: TEMURBEK SCHOOL - Shaxobov Temurbek 2026 50 %.csv line 163,,,,,,,
STU-01014,2026-04-01,340000,UZS,Cash,,RCPT-N-02510,Completed,Tuition,Aprel tuition; source: TEMURBEK SCHOOL - Shaxobov Temurbek 2026 50 %.csv line 163,,,,,,,
STU-01014,2026-05-01,340000,UZS,Cash,,RCPT-N-02511,Completed,Tuition,May tuition; source: TEMURBEK SCHOOL - Shaxobov Temurbek 2026 50 %.csv line 163,,,,,,,
STU-01014,2026-06-01,340000,UZS,Cash,,RCPT-N-02512,Completed,Tuition,Iyun tuition; source: TEMURBEK SCHOOL - Shaxobov Temurbek 2026 50 %.csv line 163,,,,,,,
STU-01015,2026-06-01,320000,UZS,Cash,,RCPT-N-02513,Completed,Tuition,Iyun tuition; source: TEMURBEK SCHOOL - Shaxobov Temurbek 2026 50 %.csv line 164,monthly_discount,fixed,20000,340000,20000,320000,true
STU-01016,2026-06-01,280000,UZS,Cash,,RCPT-N-02514,Completed,Tuition,Iyun tuition; source: TEMURBEK SCHOOL - Shaxobov Temurbek 2026 50 %.csv line 165,monthly_discount,fixed,60000,340000,60000,280000,true
STU-01018,2025-12-01,300000,UZS,Cash,,RCPT-N-02515,Completed,Tuition,Dekabr tuition; source: TEMURBEK SCHOOL - Shaxobov Temurbek 2026 50 %.csv line 167,monthly_discount,fixed,40000,340000,40000,300000,true
STU-01018,2026-01-01,300000,UZS,Cash,,RCPT-N-02516,Completed,Tuition,Yan tuition; source: TEMURBEK SCHOOL - Shaxobov Temurbek 2026 50 %.csv line 167,monthly_discount,fixed,40000,340000,40000,300000,true
STU-01018,2026-02-01,340000,UZS,Cash,,RCPT-N-02517,Completed,Tuition,Feb tuition; source: TEMURBEK SCHOOL - Shaxobov Temurbek 2026 50 %.csv line 167,,,,,,,
STU-01018,2026-04-01,340000,UZS,Cash,,RCPT-N-02518,Completed,Tuition,Aprel tuition; source: TEMURBEK SCHOOL - Shaxobov Temurbek 2026 50 %.csv line 167,,,,,,,
STU-01018,2026-05-01,340000,UZS,Cash,,RCPT-N-02519,Completed,Tuition,May tuition; source: TEMURBEK SCHOOL - Shaxobov Temurbek 2026 50 %.csv line 167,,,,,,,
STU-01019,2025-12-01,300000,UZS,Cash,,RCPT-N-02520,Completed,Tuition,Dekabr tuition; source: TEMURBEK SCHOOL - Shaxobov Temurbek 2026 50 %.csv line 168,monthly_discount,fixed,40000,340000,40000,300000,true
STU-01019,2026-01-01,340000,UZS,Cash,,RCPT-N-02521,Completed,Tuition,Yan tuition; source: TEMURBEK SCHOOL - Shaxobov Temurbek 2026 50 %.csv line 168,,,,,,,
STU-01019,2026-02-01,340000,UZS,Cash,,RCPT-N-02522,Completed,Tuition,Feb tuition; source: TEMURBEK SCHOOL - Shaxobov Temurbek 2026 50 %.csv line 168,,,,,,,
STU-01019,2026-04-01,340000,UZS,Cash,,RCPT-N-02523,Completed,Tuition,Aprel tuition; source: TEMURBEK SCHOOL - Shaxobov Temurbek 2026 50 %.csv line 168,,,,,,,
STU-01019,2026-05-01,340000,UZS,Cash,,RCPT-N-02524,Completed,Tuition,May tuition; source: TEMURBEK SCHOOL - Shaxobov Temurbek 2026 50 %.csv line 168,,,,,,,
STU-01019,2026-06-01,380000,UZS,Cash,,RCPT-N-02525,Completed,Tuition,Iyun tuition; source: TEMURBEK SCHOOL - Shaxobov Temurbek 2026 50 %.csv line 168,,,,,,,
STU-01020,2025-12-01,300000,UZS,Cash,,RCPT-N-02526,Completed,Tuition,Dekabr tuition; source: TEMURBEK SCHOOL - Shaxobov Temurbek 2026 50 %.csv line 169,monthly_discount,fixed,40000,340000,40000,300000,true
STU-01020,2026-01-01,300000,UZS,Cash,,RCPT-N-02527,Completed,Tuition,Yan tuition; source: TEMURBEK SCHOOL - Shaxobov Temurbek 2026 50 %.csv line 169,monthly_discount,fixed,40000,340000,40000,300000,true
STU-01020,2026-02-01,340000,UZS,Cash,,RCPT-N-02528,Completed,Tuition,Feb tuition; source: TEMURBEK SCHOOL - Shaxobov Temurbek 2026 50 %.csv line 169,,,,,,,
STU-01020,2026-04-01,340000,UZS,Cash,,RCPT-N-02529,Completed,Tuition,Aprel tuition; source: TEMURBEK SCHOOL - Shaxobov Temurbek 2026 50 %.csv line 169,,,,,,,
STU-01020,2026-05-01,340000,UZS,Cash,,RCPT-N-02530,Completed,Tuition,May tuition; source: TEMURBEK SCHOOL - Shaxobov Temurbek 2026 50 %.csv line 169,,,,,,,
STU-01021,2025-12-01,270000,UZS,Cash,,RCPT-N-02531,Completed,Tuition,Dekabr tuition; source: TEMURBEK SCHOOL - Shaxobov Temurbek 2026 50 %.csv line 170,serial_discount,fixed,70000,340000,70000,270000,true
STU-01021,2026-01-01,270000,UZS,Cash,,RCPT-N-02532,Completed,Tuition,Yan tuition; source: TEMURBEK SCHOOL - Shaxobov Temurbek 2026 50 %.csv line 170,serial_discount,fixed,70000,340000,70000,270000,true
STU-01021,2026-02-01,270000,UZS,Cash,,RCPT-N-02533,Completed,Tuition,Feb tuition; source: TEMURBEK SCHOOL - Shaxobov Temurbek 2026 50 %.csv line 170,serial_discount,fixed,70000,340000,70000,270000,true
STU-01021,2026-04-01,270000,UZS,Cash,,RCPT-N-02534,Completed,Tuition,Aprel tuition; source: TEMURBEK SCHOOL - Shaxobov Temurbek 2026 50 %.csv line 170,serial_discount,fixed,70000,340000,70000,270000,true
STU-01021,2026-05-01,270000,UZS,Cash,,RCPT-N-02535,Completed,Tuition,May tuition; source: TEMURBEK SCHOOL - Shaxobov Temurbek 2026 50 %.csv line 170,serial_discount,fixed,70000,340000,70000,270000,true
STU-01022,2025-12-01,270000,UZS,Cash,,RCPT-N-02536,Completed,Tuition,Dekabr tuition; source: TEMURBEK SCHOOL - Shaxobov Temurbek 2026 50 %.csv line 171,serial_discount,fixed,70000,340000,70000,270000,true
STU-01022,2026-02-01,270000,UZS,Cash,,RCPT-N-02537,Completed,Tuition,Feb tuition; source: TEMURBEK SCHOOL - Shaxobov Temurbek 2026 50 %.csv line 171,serial_discount,fixed,70000,340000,70000,270000,true
STU-01022,2026-04-01,270000,UZS,Cash,,RCPT-N-02538,Completed,Tuition,Aprel tuition; source: TEMURBEK SCHOOL - Shaxobov Temurbek 2026 50 %.csv line 171,serial_discount,fixed,70000,340000,70000,270000,true
STU-01022,2026-05-01,270000,UZS,Cash,,RCPT-N-02539,Completed,Tuition,May tuition; source: TEMURBEK SCHOOL - Shaxobov Temurbek 2026 50 %.csv line 171,serial_discount,fixed,70000,340000,70000,270000,true
STU-01024,2025-12-01,310000,UZS,Cash,,RCPT-N-02540,Completed,Tuition,Dekabr tuition; source: TEMURBEK SCHOOL - Shaxobov Temurbek 2026 50 %.csv line 178,serial_discount,fixed,40000,350000,40000,310000,true
STU-01024,2026-01-01,310000,UZS,Cash,,RCPT-N-02541,Completed,Tuition,Yan tuition; source: TEMURBEK SCHOOL - Shaxobov Temurbek 2026 50 %.csv line 178,serial_discount,fixed,40000,350000,40000,310000,true
STU-01024,2026-02-01,310000,UZS,Cash,,RCPT-N-02542,Completed,Tuition,Feb tuition; source: TEMURBEK SCHOOL - Shaxobov Temurbek 2026 50 %.csv line 178,serial_discount,fixed,40000,350000,40000,310000,true
STU-01024,2026-04-01,310000,UZS,Cash,,RCPT-N-02543,Completed,Tuition,Aprel tuition; source: TEMURBEK SCHOOL - Shaxobov Temurbek 2026 50 %.csv line 178,serial_discount,fixed,40000,350000,40000,310000,true
STU-01024,2026-05-01,310000,UZS,Cash,,RCPT-N-02544,Completed,Tuition,May tuition; source: TEMURBEK SCHOOL - Shaxobov Temurbek 2026 50 %.csv line 178,serial_discount,fixed,40000,350000,40000,310000,true
STU-01025,2025-12-01,350000,UZS,Cash,,RCPT-N-02545,Completed,Tuition,Dekabr tuition; source: TEMURBEK SCHOOL - Shaxobov Temurbek 2026 50 %.csv line 179,,,,,,,
STU-01025,2026-01-01,350000,UZS,Cash,,RCPT-N-02546,Completed,Tuition,Yan tuition; source: TEMURBEK SCHOOL - Shaxobov Temurbek 2026 50 %.csv line 179,,,,,,,
STU-01025,2026-02-01,350000,UZS,Cash,,RCPT-N-02547,Completed,Tuition,Feb tuition; source: TEMURBEK SCHOOL - Shaxobov Temurbek 2026 50 %.csv line 179,,,,,,,
STU-01025,2026-04-01,350000,UZS,Cash,,RCPT-N-02548,Completed,Tuition,Aprel tuition; source: TEMURBEK SCHOOL - Shaxobov Temurbek 2026 50 %.csv line 179,,,,,,,
STU-01025,2026-05-01,350000,UZS,Cash,,RCPT-N-02549,Completed,Tuition,May tuition; source: TEMURBEK SCHOOL - Shaxobov Temurbek 2026 50 %.csv line 179,,,,,,,
STU-01026,2025-12-01,340000,UZS,Cash,,RCPT-N-02550,Completed,Tuition,Dekabr tuition; source: TEMURBEK SCHOOL - Shaxobov Temurbek 2026 50 %.csv line 180,monthly_discount,fixed,10000,350000,10000,340000,true
STU-01026,2026-01-01,350000,UZS,Cash,,RCPT-N-02551,Completed,Tuition,Yan tuition; source: TEMURBEK SCHOOL - Shaxobov Temurbek 2026 50 %.csv line 180,,,,,,,
STU-01026,2026-02-01,350000,UZS,Cash,,RCPT-N-02552,Completed,Tuition,Feb tuition; source: TEMURBEK SCHOOL - Shaxobov Temurbek 2026 50 %.csv line 180,,,,,,,
STU-01026,2026-04-01,350000,UZS,Cash,,RCPT-N-02553,Completed,Tuition,Aprel tuition; source: TEMURBEK SCHOOL - Shaxobov Temurbek 2026 50 %.csv line 180,,,,,,,
STU-01026,2026-05-01,350000,UZS,Cash,,RCPT-N-02554,Completed,Tuition,May tuition; source: TEMURBEK SCHOOL - Shaxobov Temurbek 2026 50 %.csv line 180,,,,,,,
STU-01027,2025-12-01,330000,UZS,Cash,,RCPT-N-02555,Completed,Tuition,Dekabr tuition; source: TEMURBEK SCHOOL - Shaxobov Temurbek 2026 50 %.csv line 181,serial_discount,fixed,20000,350000,20000,330000,true
STU-01027,2026-01-01,330000,UZS,Cash,,RCPT-N-02556,Completed,Tuition,Yan tuition; source: TEMURBEK SCHOOL - Shaxobov Temurbek 2026 50 %.csv line 181,serial_discount,fixed,20000,350000,20000,330000,true
STU-01027,2026-02-01,350000,UZS,Cash,,RCPT-N-02557,Completed,Tuition,Feb tuition; source: TEMURBEK SCHOOL - Shaxobov Temurbek 2026 50 %.csv line 181,,,,,,,
STU-01027,2026-04-01,320000,UZS,Cash,,RCPT-N-02558,Completed,Tuition,Aprel tuition; source: TEMURBEK SCHOOL - Shaxobov Temurbek 2026 50 %.csv line 181,monthly_discount,fixed,30000,350000,30000,320000,true
STU-01027,2026-05-01,330000,UZS,Cash,,RCPT-N-02559,Completed,Tuition,May tuition; source: TEMURBEK SCHOOL - Shaxobov Temurbek 2026 50 %.csv line 181,serial_discount,fixed,20000,350000,20000,330000,true
STU-01028,2025-12-01,350000,UZS,Cash,,RCPT-N-02560,Completed,Tuition,Dekabr tuition; source: TEMURBEK SCHOOL - Shaxobov Temurbek 2026 50 %.csv line 182,,,,,,,
STU-01028,2026-01-01,350000,UZS,Cash,,RCPT-N-02561,Completed,Tuition,Yan tuition; source: TEMURBEK SCHOOL - Shaxobov Temurbek 2026 50 %.csv line 182,,,,,,,
STU-01028,2026-02-01,350000,UZS,Cash,,RCPT-N-02562,Completed,Tuition,Feb tuition; source: TEMURBEK SCHOOL - Shaxobov Temurbek 2026 50 %.csv line 182,,,,,,,
STU-01028,2026-04-01,350000,UZS,Cash,,RCPT-N-02563,Completed,Tuition,Aprel tuition; source: TEMURBEK SCHOOL - Shaxobov Temurbek 2026 50 %.csv line 182,,,,,,,
STU-01028,2026-05-01,350000,UZS,Cash,,RCPT-N-02564,Completed,Tuition,May tuition; source: TEMURBEK SCHOOL - Shaxobov Temurbek 2026 50 %.csv line 182,,,,,,,
STU-01029,2025-12-01,350000,UZS,Cash,,RCPT-N-02565,Completed,Tuition,Dekabr tuition; source: TEMURBEK SCHOOL - Shaxobov Temurbek 2026 50 %.csv line 183,,,,,,,
STU-01029,2026-01-01,350000,UZS,Cash,,RCPT-N-02566,Completed,Tuition,Yan tuition; source: TEMURBEK SCHOOL - Shaxobov Temurbek 2026 50 %.csv line 183,,,,,,,
STU-01029,2026-02-01,350000,UZS,Cash,,RCPT-N-02567,Completed,Tuition,Feb tuition; source: TEMURBEK SCHOOL - Shaxobov Temurbek 2026 50 %.csv line 183,,,,,,,
STU-01029,2026-04-01,350000,UZS,Cash,,RCPT-N-02568,Completed,Tuition,Aprel tuition; source: TEMURBEK SCHOOL - Shaxobov Temurbek 2026 50 %.csv line 183,,,,,,,
STU-01029,2026-05-01,350000,UZS,Cash,,RCPT-N-02569,Completed,Tuition,May tuition; source: TEMURBEK SCHOOL - Shaxobov Temurbek 2026 50 %.csv line 183,,,,,,,
STU-01030,2025-12-01,350000,UZS,Cash,,RCPT-N-02570,Completed,Tuition,Dekabr tuition; source: TEMURBEK SCHOOL - Shaxobov Temurbek 2026 50 %.csv line 184,,,,,,,
STU-01030,2026-01-01,350000,UZS,Cash,,RCPT-N-02571,Completed,Tuition,Yan tuition; source: TEMURBEK SCHOOL - Shaxobov Temurbek 2026 50 %.csv line 184,,,,,,,
STU-01030,2026-02-01,340000,UZS,Cash,,RCPT-N-02572,Completed,Tuition,Feb tuition; source: TEMURBEK SCHOOL - Shaxobov Temurbek 2026 50 %.csv line 184,monthly_discount,fixed,10000,350000,10000,340000,true
STU-01030,2026-04-01,350000,UZS,Cash,,RCPT-N-02573,Completed,Tuition,Aprel tuition; source: TEMURBEK SCHOOL - Shaxobov Temurbek 2026 50 %.csv line 184,,,,,,,
STU-01030,2026-05-01,350000,UZS,Cash,,RCPT-N-02574,Completed,Tuition,May tuition; source: TEMURBEK SCHOOL - Shaxobov Temurbek 2026 50 %.csv line 184,,,,,,,
STU-01031,2026-05-01,350000,UZS,Cash,,RCPT-N-02575,Completed,Tuition,May tuition; source: TEMURBEK SCHOOL - Shaxobov Temurbek 2026 50 %.csv line 185,,,,,,,
STU-01032,2025-12-01,350000,UZS,Cash,,RCPT-N-02576,Completed,Tuition,Dekabr tuition; source: TEMURBEK SCHOOL - Shaxobov Temurbek 2026 50 %.csv line 186,,,,,,,
STU-01032,2026-01-01,350000,UZS,Cash,,RCPT-N-02577,Completed,Tuition,Yan tuition; source: TEMURBEK SCHOOL - Shaxobov Temurbek 2026 50 %.csv line 186,,,,,,,
STU-01032,2026-02-01,350000,UZS,Cash,,RCPT-N-02578,Completed,Tuition,Feb tuition; source: TEMURBEK SCHOOL - Shaxobov Temurbek 2026 50 %.csv line 186,,,,,,,
STU-01032,2026-04-01,350000,UZS,Cash,,RCPT-N-02579,Completed,Tuition,Aprel tuition; source: TEMURBEK SCHOOL - Shaxobov Temurbek 2026 50 %.csv line 186,,,,,,,
STU-01032,2026-05-01,350000,UZS,Cash,,RCPT-N-02580,Completed,Tuition,May tuition; source: TEMURBEK SCHOOL - Shaxobov Temurbek 2026 50 %.csv line 186,,,,,,,
STU-01033,2025-12-01,300000,UZS,Cash,,RCPT-N-02581,Completed,Tuition,Dekabr tuition; source: TEMURBEK SCHOOL - Shaxobov Temurbek 2026 50 %.csv line 187,monthly_discount,fixed,50000,350000,50000,300000,true
STU-01033,2026-01-01,340000,UZS,Cash,,RCPT-N-02582,Completed,Tuition,Yan tuition; source: TEMURBEK SCHOOL - Shaxobov Temurbek 2026 50 %.csv line 187,serial_discount,fixed,10000,350000,10000,340000,true
STU-01033,2026-02-01,340000,UZS,Cash,,RCPT-N-02583,Completed,Tuition,Feb tuition; source: TEMURBEK SCHOOL - Shaxobov Temurbek 2026 50 %.csv line 187,serial_discount,fixed,10000,350000,10000,340000,true
STU-01033,2026-04-01,340000,UZS,Cash,,RCPT-N-02584,Completed,Tuition,Aprel tuition; source: TEMURBEK SCHOOL - Shaxobov Temurbek 2026 50 %.csv line 187,serial_discount,fixed,10000,350000,10000,340000,true
STU-01034,2025-12-01,300000,UZS,Cash,,RCPT-N-02585,Completed,Tuition,Dekabr tuition; source: TEMURBEK SCHOOL - Shaxobov Temurbek 2026 50 %.csv line 188,monthly_discount,fixed,50000,350000,50000,300000,true
STU-01034,2026-01-01,350000,UZS,Cash,,RCPT-N-02586,Completed,Tuition,Yan tuition; source: TEMURBEK SCHOOL - Shaxobov Temurbek 2026 50 %.csv line 188,,,,,,,
STU-01034,2026-02-01,340000,UZS,Cash,,RCPT-N-02587,Completed,Tuition,Feb tuition; source: TEMURBEK SCHOOL - Shaxobov Temurbek 2026 50 %.csv line 188,monthly_discount,fixed,10000,350000,10000,340000,true
STU-01034,2026-04-01,340000,UZS,Cash,,RCPT-N-02588,Completed,Tuition,Aprel tuition; source: TEMURBEK SCHOOL - Shaxobov Temurbek 2026 50 %.csv line 188,monthly_discount,fixed,10000,350000,10000,340000,true
STU-01034,2026-05-01,350000,UZS,Cash,,RCPT-N-02589,Completed,Tuition,May tuition; source: TEMURBEK SCHOOL - Shaxobov Temurbek 2026 50 %.csv line 188,,,,,,,
STU-01035,2025-12-01,350000,UZS,Cash,,RCPT-N-02590,Completed,Tuition,Dekabr tuition; source: TEMURBEK SCHOOL - Shaxobov Temurbek 2026 50 %.csv line 189,,,,,,,
STU-01035,2026-01-01,350000,UZS,Cash,,RCPT-N-02591,Completed,Tuition,Yan tuition; source: TEMURBEK SCHOOL - Shaxobov Temurbek 2026 50 %.csv line 189,,,,,,,
STU-01035,2026-02-01,350000,UZS,Cash,,RCPT-N-02592,Completed,Tuition,Feb tuition; source: TEMURBEK SCHOOL - Shaxobov Temurbek 2026 50 %.csv line 189,,,,,,,
STU-01035,2026-04-01,350000,UZS,Cash,,RCPT-N-02593,Completed,Tuition,Aprel tuition; source: TEMURBEK SCHOOL - Shaxobov Temurbek 2026 50 %.csv line 189,,,,,,,
STU-01035,2026-05-01,350000,UZS,Cash,,RCPT-N-02594,Completed,Tuition,May tuition; source: TEMURBEK SCHOOL - Shaxobov Temurbek 2026 50 %.csv line 189,,,,,,,
STU-01036,2025-12-01,350000,UZS,Cash,,RCPT-N-02595,Completed,Tuition,Dekabr tuition; source: TEMURBEK SCHOOL - Shaxobov Temurbek 2026 50 %.csv line 190,,,,,,,
STU-01036,2026-01-01,350000,UZS,Cash,,RCPT-N-02596,Completed,Tuition,Yan tuition; source: TEMURBEK SCHOOL - Shaxobov Temurbek 2026 50 %.csv line 190,,,,,,,
STU-01036,2026-02-01,350000,UZS,Cash,,RCPT-N-02597,Completed,Tuition,Feb tuition; source: TEMURBEK SCHOOL - Shaxobov Temurbek 2026 50 %.csv line 190,,,,,,,
STU-01036,2026-04-01,350000,UZS,Cash,,RCPT-N-02598,Completed,Tuition,Aprel tuition; source: TEMURBEK SCHOOL - Shaxobov Temurbek 2026 50 %.csv line 190,,,,,,,
STU-01036,2026-05-01,350000,UZS,Cash,,RCPT-N-02599,Completed,Tuition,May tuition; source: TEMURBEK SCHOOL - Shaxobov Temurbek 2026 50 %.csv line 190,,,,,,,
STU-01037,2026-05-01,350000,UZS,Cash,,RCPT-N-02600,Completed,Tuition,May tuition; source: TEMURBEK SCHOOL - Shaxobov Temurbek 2026 50 %.csv line 191,,,,,,,
STU-01038,2026-04-01,350000,UZS,Cash,,RCPT-N-02601,Completed,Tuition,Aprel tuition; source: TEMURBEK SCHOOL - Shaxobov Temurbek 2026 50 %.csv line 192,,,,,,,
STU-01038,2026-05-01,350000,UZS,Cash,,RCPT-N-02602,Completed,Tuition,May tuition; source: TEMURBEK SCHOOL - Shaxobov Temurbek 2026 50 %.csv line 192,,,,,,,
STU-01039,2025-12-01,350000,UZS,Cash,,RCPT-N-02603,Completed,Tuition,Dekabr tuition; source: TEMURBEK SCHOOL - Shaxobov Temurbek 2026 50 %.csv line 193,,,,,,,
STU-01039,2026-01-01,350000,UZS,Cash,,RCPT-N-02604,Completed,Tuition,Yan tuition; source: TEMURBEK SCHOOL - Shaxobov Temurbek 2026 50 %.csv line 193,,,,,,,
STU-01039,2026-02-01,350000,UZS,Cash,,RCPT-N-02605,Completed,Tuition,Feb tuition; source: TEMURBEK SCHOOL - Shaxobov Temurbek 2026 50 %.csv line 193,,,,,,,
STU-01039,2026-04-01,350000,UZS,Cash,,RCPT-N-02606,Completed,Tuition,Aprel tuition; source: TEMURBEK SCHOOL - Shaxobov Temurbek 2026 50 %.csv line 193,,,,,,,
STU-01039,2026-05-01,350000,UZS,Cash,,RCPT-N-02607,Completed,Tuition,May tuition; source: TEMURBEK SCHOOL - Shaxobov Temurbek 2026 50 %.csv line 193,,,,,,,
STU-01040,2026-02-01,350000,UZS,Cash,,RCPT-N-02608,Completed,Tuition,Feb tuition; source: TEMURBEK SCHOOL - Shaxobov Temurbek 2026 50 %.csv line 194,,,,,,,
STU-01041,2026-04-01,340000,UZS,Cash,,RCPT-N-02609,Completed,Tuition,Aprel tuition; source: TEMURBEK SCHOOL - Shaxobov Temurbek 2026 50 %.csv line 195,serial_discount,fixed,10000,350000,10000,340000,true
STU-01041,2026-05-01,340000,UZS,Cash,,RCPT-N-02610,Completed,Tuition,May tuition; source: TEMURBEK SCHOOL - Shaxobov Temurbek 2026 50 %.csv line 195,serial_discount,fixed,10000,350000,10000,340000,true
STU-01042,2025-12-01,350000,UZS,Cash,,RCPT-N-02611,Completed,Tuition,Dekabr tuition; source: TEMURBEK SCHOOL - Shaxobov Temurbek 2026 50 %.csv line 196,,,,,,,
STU-01042,2026-01-01,350000,UZS,Cash,,RCPT-N-02612,Completed,Tuition,Yan tuition; source: TEMURBEK SCHOOL - Shaxobov Temurbek 2026 50 %.csv line 196,,,,,,,
STU-01042,2026-02-01,350000,UZS,Cash,,RCPT-N-02613,Completed,Tuition,Feb tuition; source: TEMURBEK SCHOOL - Shaxobov Temurbek 2026 50 %.csv line 196,,,,,,,
STU-01042,2026-04-01,350000,UZS,Cash,,RCPT-N-02614,Completed,Tuition,Aprel tuition; source: TEMURBEK SCHOOL - Shaxobov Temurbek 2026 50 %.csv line 196,,,,,,,
STU-01042,2026-05-01,350000,UZS,Cash,,RCPT-N-02615,Completed,Tuition,May tuition; source: TEMURBEK SCHOOL - Shaxobov Temurbek 2026 50 %.csv line 196,,,,,,,
STU-01043,2025-12-01,350000,UZS,Cash,,RCPT-N-02616,Completed,Tuition,Dekabr tuition; source: TEMURBEK SCHOOL - Shaxobov Temurbek 2026 50 %.csv line 197,,,,,,,
STU-01043,2026-01-01,350000,UZS,Cash,,RCPT-N-02617,Completed,Tuition,Yan tuition; source: TEMURBEK SCHOOL - Shaxobov Temurbek 2026 50 %.csv line 197,,,,,,,
STU-01043,2026-02-01,350000,UZS,Cash,,RCPT-N-02618,Completed,Tuition,Feb tuition; source: TEMURBEK SCHOOL - Shaxobov Temurbek 2026 50 %.csv line 197,,,,,,,
STU-01043,2026-04-01,350000,UZS,Cash,,RCPT-N-02619,Completed,Tuition,Aprel tuition; source: TEMURBEK SCHOOL - Shaxobov Temurbek 2026 50 %.csv line 197,,,,,,,
STU-01043,2026-05-01,350000,UZS,Cash,,RCPT-N-02620,Completed,Tuition,May tuition; source: TEMURBEK SCHOOL - Shaxobov Temurbek 2026 50 %.csv line 197,,,,,,,
STU-01044,2026-01-01,175000,UZS,Cash,,RCPT-N-02621,Completed,Tuition,Yan tuition; source: TEMURBEK SCHOOL - Shaxobov Temurbek 2026 50 %.csv line 198,monthly_discount,fixed,175000,350000,175000,175000,true
STU-01044,2026-02-01,350000,UZS,Cash,,RCPT-N-02622,Completed,Tuition,Feb tuition; source: TEMURBEK SCHOOL - Shaxobov Temurbek 2026 50 %.csv line 198,,,,,,,
STU-01044,2026-04-01,350000,UZS,Cash,,RCPT-N-02623,Completed,Tuition,Aprel tuition; source: TEMURBEK SCHOOL - Shaxobov Temurbek 2026 50 %.csv line 198,,,,,,,
STU-01044,2026-05-01,350000,UZS,Cash,,RCPT-N-02624,Completed,Tuition,May tuition; source: TEMURBEK SCHOOL - Shaxobov Temurbek 2026 50 %.csv line 198,,,,,,,
STU-01045,2025-12-01,340000,UZS,Cash,,RCPT-N-02625,Completed,Tuition,Dekabr tuition; source: TEMURBEK SCHOOL - Shaxobov Temurbek 2026 50 %.csv line 199,monthly_discount,fixed,10000,350000,10000,340000,true
STU-01045,2026-01-01,150000,UZS,Cash,,RCPT-N-02626,Completed,Tuition,Yan tuition; source: TEMURBEK SCHOOL - Shaxobov Temurbek 2026 50 %.csv line 199,monthly_discount,fixed,200000,350000,200000,150000,true
STU-01045,2026-02-01,350000,UZS,Cash,,RCPT-N-02627,Completed,Tuition,Feb tuition; source: TEMURBEK SCHOOL - Shaxobov Temurbek 2026 50 %.csv line 199,,,,,,,
STU-01045,2026-04-01,350000,UZS,Cash,,RCPT-N-02628,Completed,Tuition,Aprel tuition; source: TEMURBEK SCHOOL - Shaxobov Temurbek 2026 50 %.csv line 199,,,,,,,
STU-01045,2026-05-01,350000,UZS,Cash,,RCPT-N-02629,Completed,Tuition,May tuition; source: TEMURBEK SCHOOL - Shaxobov Temurbek 2026 50 %.csv line 199,,,,,,,
STU-01046,2025-12-01,340000,UZS,Cash,,RCPT-N-02630,Completed,Tuition,Dekabr tuition; source: TEMURBEK SCHOOL - Shaxobov Temurbek 2026 50 %.csv line 200,monthly_discount,fixed,10000,350000,10000,340000,true
STU-01046,2026-01-01,340000,UZS,Cash,,RCPT-N-02631,Completed,Tuition,Yan tuition; source: TEMURBEK SCHOOL - Shaxobov Temurbek 2026 50 %.csv line 200,monthly_discount,fixed,10000,350000,10000,340000,true
STU-01046,2026-02-01,350000,UZS,Cash,,RCPT-N-02632,Completed,Tuition,Feb tuition; source: TEMURBEK SCHOOL - Shaxobov Temurbek 2026 50 %.csv line 200,,,,,,,
STU-01046,2026-04-01,350000,UZS,Cash,,RCPT-N-02633,Completed,Tuition,Aprel tuition; source: TEMURBEK SCHOOL - Shaxobov Temurbek 2026 50 %.csv line 200,,,,,,,
STU-01046,2026-05-01,350000,UZS,Cash,,RCPT-N-02634,Completed,Tuition,May tuition; source: TEMURBEK SCHOOL - Shaxobov Temurbek 2026 50 %.csv line 200,,,,,,,
STU-01047,2025-12-01,340000,UZS,Cash,,RCPT-N-02635,Completed,Tuition,Dekabr tuition; source: TEMURBEK SCHOOL - Shaxobov Temurbek 2026 50 %.csv line 201,monthly_discount,fixed,10000,350000,10000,340000,true
STU-01047,2026-01-01,340000,UZS,Cash,,RCPT-N-02636,Completed,Tuition,Yan tuition; source: TEMURBEK SCHOOL - Shaxobov Temurbek 2026 50 %.csv line 201,monthly_discount,fixed,10000,350000,10000,340000,true
STU-01047,2026-02-01,165000,UZS,Cash,,RCPT-N-02637,Completed,Tuition,Feb tuition; source: TEMURBEK SCHOOL - Shaxobov Temurbek 2026 50 %.csv line 201,monthly_discount,fixed,185000,350000,185000,165000,true
STU-01047,2026-04-01,350000,UZS,Cash,,RCPT-N-02638,Completed,Tuition,Aprel tuition; source: TEMURBEK SCHOOL - Shaxobov Temurbek 2026 50 %.csv line 201,,,,,,,
STU-01047,2026-05-01,350000,UZS,Cash,,RCPT-N-02639,Completed,Tuition,May tuition; source: TEMURBEK SCHOOL - Shaxobov Temurbek 2026 50 %.csv line 201,,,,,,,
STU-01048,2025-12-01,340000,UZS,Cash,,RCPT-N-02640,Completed,Tuition,Dekabr tuition; source: TEMURBEK SCHOOL - Shaxobov Temurbek 2026 50 %.csv line 202,monthly_discount,fixed,10000,350000,10000,340000,true
STU-01048,2026-01-01,340000,UZS,Cash,,RCPT-N-02641,Completed,Tuition,Yan tuition; source: TEMURBEK SCHOOL - Shaxobov Temurbek 2026 50 %.csv line 202,monthly_discount,fixed,10000,350000,10000,340000,true
STU-01048,2026-02-01,350000,UZS,Cash,,RCPT-N-02642,Completed,Tuition,Feb tuition; source: TEMURBEK SCHOOL - Shaxobov Temurbek 2026 50 %.csv line 202,,,,,,,
STU-01048,2026-04-01,350000,UZS,Cash,,RCPT-N-02643,Completed,Tuition,Aprel tuition; source: TEMURBEK SCHOOL - Shaxobov Temurbek 2026 50 %.csv line 202,,,,,,,
STU-01048,2026-05-01,350000,UZS,Cash,,RCPT-N-02644,Completed,Tuition,May tuition; source: TEMURBEK SCHOOL - Shaxobov Temurbek 2026 50 %.csv line 202,,,,,,,
STU-01049,2025-12-01,350000,UZS,Cash,,RCPT-N-02645,Completed,Tuition,Dekabr tuition; source: TEMURBEK SCHOOL - Shaxobov Temurbek 2026 50 %.csv line 203,,,,,,,
STU-01049,2026-01-01,350000,UZS,Cash,,RCPT-N-02646,Completed,Tuition,Yan tuition; source: TEMURBEK SCHOOL - Shaxobov Temurbek 2026 50 %.csv line 203,,,,,,,
STU-01049,2026-02-01,350000,UZS,Cash,,RCPT-N-02647,Completed,Tuition,Feb tuition; source: TEMURBEK SCHOOL - Shaxobov Temurbek 2026 50 %.csv line 203,,,,,,,
STU-01049,2026-04-01,350000,UZS,Cash,,RCPT-N-02648,Completed,Tuition,Aprel tuition; source: TEMURBEK SCHOOL - Shaxobov Temurbek 2026 50 %.csv line 203,,,,,,,
STU-01049,2026-05-01,350000,UZS,Cash,,RCPT-N-02649,Completed,Tuition,May tuition; source: TEMURBEK SCHOOL - Shaxobov Temurbek 2026 50 %.csv line 203,,,,,,,
STU-01050,2025-12-01,350000,UZS,Cash,,RCPT-N-02650,Completed,Tuition,Dekabr tuition; source: TEMURBEK SCHOOL - Shaxobov Temurbek 2026 50 %.csv line 204,,,,,,,
STU-01050,2026-01-01,350000,UZS,Cash,,RCPT-N-02651,Completed,Tuition,Yan tuition; source: TEMURBEK SCHOOL - Shaxobov Temurbek 2026 50 %.csv line 204,,,,,,,
STU-01050,2026-02-01,350000,UZS,Cash,,RCPT-N-02652,Completed,Tuition,Feb tuition; source: TEMURBEK SCHOOL - Shaxobov Temurbek 2026 50 %.csv line 204,,,,,,,
STU-01050,2026-04-01,350000,UZS,Cash,,RCPT-N-02653,Completed,Tuition,Aprel tuition; source: TEMURBEK SCHOOL - Shaxobov Temurbek 2026 50 %.csv line 204,,,,,,,
STU-01050,2026-05-01,350000,UZS,Cash,,RCPT-N-02654,Completed,Tuition,May tuition; source: TEMURBEK SCHOOL - Shaxobov Temurbek 2026 50 %.csv line 204,,,,,,,
STU-01051,2025-12-01,350000,UZS,Cash,,RCPT-N-02655,Completed,Tuition,Dekabr tuition; source: TEMURBEK SCHOOL - Shaxobov Temurbek 2026 50 %.csv line 205,,,,,,,
STU-01051,2026-01-01,350000,UZS,Cash,,RCPT-N-02656,Completed,Tuition,Yan tuition; source: TEMURBEK SCHOOL - Shaxobov Temurbek 2026 50 %.csv line 205,,,,,,,
STU-01051,2026-02-01,350000,UZS,Cash,,RCPT-N-02657,Completed,Tuition,Feb tuition; source: TEMURBEK SCHOOL - Shaxobov Temurbek 2026 50 %.csv line 205,,,,,,,
STU-01051,2026-04-01,350000,UZS,Cash,,RCPT-N-02658,Completed,Tuition,Aprel tuition; source: TEMURBEK SCHOOL - Shaxobov Temurbek 2026 50 %.csv line 205,,,,,,,
STU-01051,2026-05-01,85000,UZS,Cash,,RCPT-N-02659,Completed,Tuition,May tuition; source: TEMURBEK SCHOOL - Shaxobov Temurbek 2026 50 %.csv line 205,monthly_discount,fixed,265000,350000,265000,85000,true
STU-01052,2025-12-01,350000,UZS,Cash,,RCPT-N-02660,Completed,Tuition,Dekabr tuition; source: TEMURBEK SCHOOL - Shaxobov Temurbek 2026 50 %.csv line 206,,,,,,,
STU-01052,2026-01-01,350000,UZS,Cash,,RCPT-N-02661,Completed,Tuition,Yan tuition; source: TEMURBEK SCHOOL - Shaxobov Temurbek 2026 50 %.csv line 206,,,,,,,
STU-01052,2026-02-01,350000,UZS,Cash,,RCPT-N-02662,Completed,Tuition,Feb tuition; source: TEMURBEK SCHOOL - Shaxobov Temurbek 2026 50 %.csv line 206,,,,,,,
STU-01052,2026-04-01,350000,UZS,Cash,,RCPT-N-02663,Completed,Tuition,Aprel tuition; source: TEMURBEK SCHOOL - Shaxobov Temurbek 2026 50 %.csv line 206,,,,,,,
STU-01052,2026-05-01,350000,UZS,Cash,,RCPT-N-02664,Completed,Tuition,May tuition; source: TEMURBEK SCHOOL - Shaxobov Temurbek 2026 50 %.csv line 206,,,,,,,
STU-01053,2025-12-01,350000,UZS,Cash,,RCPT-N-02665,Completed,Tuition,Dekabr tuition; source: TEMURBEK SCHOOL - Shaxobov Temurbek 2026 50 %.csv line 207,,,,,,,
STU-01053,2026-01-01,350000,UZS,Cash,,RCPT-N-02666,Completed,Tuition,Yan tuition; source: TEMURBEK SCHOOL - Shaxobov Temurbek 2026 50 %.csv line 207,,,,,,,
STU-01053,2026-02-01,350000,UZS,Cash,,RCPT-N-02667,Completed,Tuition,Feb tuition; source: TEMURBEK SCHOOL - Shaxobov Temurbek 2026 50 %.csv line 207,,,,,,,
STU-01060,2025-12-01,300000,UZS,Cash,,RCPT-N-02668,Completed,Tuition,Dekabr tuition; source: TEMURBEK SCHOOL - Shaxobov Temurbek 2026 50 %.csv line 217,monthly_discount,fixed,50000,350000,50000,300000,true
STU-01060,2026-02-01,350000,UZS,Cash,,RCPT-N-02669,Completed,Tuition,Feb tuition; source: TEMURBEK SCHOOL - Shaxobov Temurbek 2026 50 %.csv line 217,,,,,,,
STU-01061,2025-12-01,270000,UZS,Cash,,RCPT-N-02670,Completed,Tuition,Dekabr tuition; source: TEMURBEK SCHOOL - Shaxobov Temurbek 2026 50 %.csv line 222,,,,,,,
STU-01061,2026-01-01,270000,UZS,Cash,,RCPT-N-02671,Completed,Tuition,Yanvar tuition; source: TEMURBEK SCHOOL - Shaxobov Temurbek 2026 50 %.csv line 222,,,,,,,
STU-01061,2026-02-01,270000,UZS,Cash,,RCPT-N-02672,Completed,Tuition,Fev tuition; source: TEMURBEK SCHOOL - Shaxobov Temurbek 2026 50 %.csv line 222,,,,,,,
STU-01061,2026-03-01,270000,UZS,Cash,,RCPT-N-02673,Completed,Tuition,Mart tuition; source: TEMURBEK SCHOOL - Shaxobov Temurbek 2026 50 %.csv line 222,,,,,,,
STU-01061,2026-04-01,270000,UZS,Cash,,RCPT-N-02674,Completed,Tuition,Aprel tuition; source: TEMURBEK SCHOOL - Shaxobov Temurbek 2026 50 %.csv line 222,,,,,,,
STU-01061,2026-05-01,270000,UZS,Cash,,RCPT-N-02675,Completed,Tuition,May tuition; source: TEMURBEK SCHOOL - Shaxobov Temurbek 2026 50 %.csv line 222,,,,,,,
STU-01062,2025-12-01,270000,UZS,Cash,,RCPT-N-02676,Completed,Tuition,Dekabr tuition; source: TEMURBEK SCHOOL - Shaxobov Temurbek 2026 50 %.csv line 223,,,,,,,
STU-01062,2026-01-01,270000,UZS,Cash,,RCPT-N-02677,Completed,Tuition,Yanvar tuition; source: TEMURBEK SCHOOL - Shaxobov Temurbek 2026 50 %.csv line 223,,,,,,,
STU-01062,2026-02-01,270000,UZS,Cash,,RCPT-N-02678,Completed,Tuition,Fev tuition; source: TEMURBEK SCHOOL - Shaxobov Temurbek 2026 50 %.csv line 223,,,,,,,
STU-01062,2026-03-01,270000,UZS,Cash,,RCPT-N-02679,Completed,Tuition,Mart tuition; source: TEMURBEK SCHOOL - Shaxobov Temurbek 2026 50 %.csv line 223,,,,,,,
STU-01062,2026-04-01,270000,UZS,Cash,,RCPT-N-02680,Completed,Tuition,Aprel tuition; source: TEMURBEK SCHOOL - Shaxobov Temurbek 2026 50 %.csv line 223,,,,,,,
STU-01062,2026-05-01,270000,UZS,Cash,,RCPT-N-02681,Completed,Tuition,May tuition; source: TEMURBEK SCHOOL - Shaxobov Temurbek 2026 50 %.csv line 223,,,,,,,
STU-01063,2025-12-01,270000,UZS,Cash,,RCPT-N-02682,Completed,Tuition,Dekabr tuition; source: TEMURBEK SCHOOL - Shaxobov Temurbek 2026 50 %.csv line 224,,,,,,,
STU-01063,2026-01-01,270000,UZS,Cash,,RCPT-N-02683,Completed,Tuition,Yanvar tuition; source: TEMURBEK SCHOOL - Shaxobov Temurbek 2026 50 %.csv line 224,,,,,,,
STU-01063,2026-02-01,270000,UZS,Cash,,RCPT-N-02684,Completed,Tuition,Fev tuition; source: TEMURBEK SCHOOL - Shaxobov Temurbek 2026 50 %.csv line 224,,,,,,,
STU-01063,2026-03-01,270000,UZS,Cash,,RCPT-N-02685,Completed,Tuition,Mart tuition; source: TEMURBEK SCHOOL - Shaxobov Temurbek 2026 50 %.csv line 224,,,,,,,
STU-01063,2026-04-01,270000,UZS,Cash,,RCPT-N-02686,Completed,Tuition,Aprel tuition; source: TEMURBEK SCHOOL - Shaxobov Temurbek 2026 50 %.csv line 224,,,,,,,
STU-01063,2026-05-01,270000,UZS,Cash,,RCPT-N-02687,Completed,Tuition,May tuition; source: TEMURBEK SCHOOL - Shaxobov Temurbek 2026 50 %.csv line 224,,,,,,,
STU-01064,2025-12-01,200000,UZS,Cash,,RCPT-N-02688,Completed,Tuition,Dekabr tuition; source: TEMURBEK SCHOOL - Shaxobov Temurbek 2026 50 %.csv line 225,monthly_discount,fixed,70000,270000,70000,200000,true
STU-01064,2026-01-01,270000,UZS,Cash,,RCPT-N-02689,Completed,Tuition,Yanvar tuition; source: TEMURBEK SCHOOL - Shaxobov Temurbek 2026 50 %.csv line 225,,,,,,,
STU-01064,2026-02-01,270000,UZS,Cash,,RCPT-N-02690,Completed,Tuition,Fev tuition; source: TEMURBEK SCHOOL - Shaxobov Temurbek 2026 50 %.csv line 225,,,,,,,
STU-01064,2026-03-01,270000,UZS,Cash,,RCPT-N-02691,Completed,Tuition,Mart tuition; source: TEMURBEK SCHOOL - Shaxobov Temurbek 2026 50 %.csv line 225,,,,,,,
STU-01065,2025-12-01,270000,UZS,Cash,,RCPT-N-02692,Completed,Tuition,Dekabr tuition; source: TEMURBEK SCHOOL - Shaxobov Temurbek 2026 50 %.csv line 226,,,,,,,
STU-01065,2026-01-01,270000,UZS,Cash,,RCPT-N-02693,Completed,Tuition,Yanvar tuition; source: TEMURBEK SCHOOL - Shaxobov Temurbek 2026 50 %.csv line 226,,,,,,,
STU-01065,2026-02-01,270000,UZS,Cash,,RCPT-N-02694,Completed,Tuition,Fev tuition; source: TEMURBEK SCHOOL - Shaxobov Temurbek 2026 50 %.csv line 226,,,,,,,
STU-01065,2026-03-01,270000,UZS,Cash,,RCPT-N-02695,Completed,Tuition,Mart tuition; source: TEMURBEK SCHOOL - Shaxobov Temurbek 2026 50 %.csv line 226,,,,,,,
STU-01065,2026-04-01,270000,UZS,Cash,,RCPT-N-02696,Completed,Tuition,Aprel tuition; source: TEMURBEK SCHOOL - Shaxobov Temurbek 2026 50 %.csv line 226,,,,,,,
STU-01065,2026-05-01,270000,UZS,Cash,,RCPT-N-02697,Completed,Tuition,May tuition; source: TEMURBEK SCHOOL - Shaxobov Temurbek 2026 50 %.csv line 226,,,,,,,
STU-01066,2026-01-01,45000,UZS,Cash,,RCPT-N-02698,Completed,Tuition,Yanvar tuition; source: TEMURBEK SCHOOL - Shaxobov Temurbek 2026 50 %.csv line 227,monthly_discount,fixed,225000,270000,225000,45000,true
STU-01066,2026-02-01,270000,UZS,Cash,,RCPT-N-02699,Completed,Tuition,Fev tuition; source: TEMURBEK SCHOOL - Shaxobov Temurbek 2026 50 %.csv line 227,,,,,,,
STU-01066,2026-03-01,270000,UZS,Cash,,RCPT-N-02700,Completed,Tuition,Mart tuition; source: TEMURBEK SCHOOL - Shaxobov Temurbek 2026 50 %.csv line 227,,,,,,,
STU-01066,2026-04-01,270000,UZS,Cash,,RCPT-N-02701,Completed,Tuition,Aprel tuition; source: TEMURBEK SCHOOL - Shaxobov Temurbek 2026 50 %.csv line 227,,,,,,,
STU-01066,2026-05-01,270000,UZS,Cash,,RCPT-N-02702,Completed,Tuition,May tuition; source: TEMURBEK SCHOOL - Shaxobov Temurbek 2026 50 %.csv line 227,,,,,,,
STU-01067,2026-02-01,270000,UZS,Cash,,RCPT-N-02703,Completed,Tuition,Fev tuition; source: TEMURBEK SCHOOL - Shaxobov Temurbek 2026 50 %.csv line 228,,,,,,,
STU-01067,2026-03-01,270000,UZS,Cash,,RCPT-N-02704,Completed,Tuition,Mart tuition; source: TEMURBEK SCHOOL - Shaxobov Temurbek 2026 50 %.csv line 228,,,,,,,
STU-01067,2026-04-01,270000,UZS,Cash,,RCPT-N-02705,Completed,Tuition,Aprel tuition; source: TEMURBEK SCHOOL - Shaxobov Temurbek 2026 50 %.csv line 228,,,,,,,
STU-01067,2026-05-01,270000,UZS,Cash,,RCPT-N-02706,Completed,Tuition,May tuition; source: TEMURBEK SCHOOL - Shaxobov Temurbek 2026 50 %.csv line 228,,,,,,,
STU-01068,2026-02-01,270000,UZS,Cash,,RCPT-N-02707,Completed,Tuition,Fev tuition; source: TEMURBEK SCHOOL - Shaxobov Temurbek 2026 50 %.csv line 229,,,,,,,
STU-01068,2026-03-01,270000,UZS,Cash,,RCPT-N-02708,Completed,Tuition,Mart tuition; source: TEMURBEK SCHOOL - Shaxobov Temurbek 2026 50 %.csv line 229,,,,,,,
STU-01069,2026-02-01,270000,UZS,Cash,,RCPT-N-02709,Completed,Tuition,Fev tuition; source: TEMURBEK SCHOOL - Shaxobov Temurbek 2026 50 %.csv line 230,,,,,,,
STU-01069,2026-03-01,270000,UZS,Cash,,RCPT-N-02710,Completed,Tuition,Mart tuition; source: TEMURBEK SCHOOL - Shaxobov Temurbek 2026 50 %.csv line 230,,,,,,,
STU-01069,2026-04-01,270000,UZS,Cash,,RCPT-N-02711,Completed,Tuition,Aprel tuition; source: TEMURBEK SCHOOL - Shaxobov Temurbek 2026 50 %.csv line 230,,,,,,,
STU-01069,2026-05-01,270000,UZS,Cash,,RCPT-N-02712,Completed,Tuition,May tuition; source: TEMURBEK SCHOOL - Shaxobov Temurbek 2026 50 %.csv line 230,,,,,,,
STU-01070,2026-03-01,270000,UZS,Cash,,RCPT-N-02713,Completed,Tuition,Mart tuition; source: TEMURBEK SCHOOL - Shaxobov Temurbek 2026 50 %.csv line 231,,,,,,,
STU-01070,2026-04-01,270000,UZS,Cash,,RCPT-N-02714,Completed,Tuition,Aprel tuition; source: TEMURBEK SCHOOL - Shaxobov Temurbek 2026 50 %.csv line 231,,,,,,,
STU-01071,2026-03-01,270000,UZS,Cash,,RCPT-N-02715,Completed,Tuition,Mart tuition; source: TEMURBEK SCHOOL - Shaxobov Temurbek 2026 50 %.csv line 232,,,,,,,
STU-01071,2026-04-01,270000,UZS,Cash,,RCPT-N-02716,Completed,Tuition,Aprel tuition; source: TEMURBEK SCHOOL - Shaxobov Temurbek 2026 50 %.csv line 232,,,,,,,
STU-01071,2026-05-01,270000,UZS,Cash,,RCPT-N-02717,Completed,Tuition,May tuition; source: TEMURBEK SCHOOL - Shaxobov Temurbek 2026 50 %.csv line 232,,,,,,,
STU-01072,2025-12-01,270000,UZS,Cash,,RCPT-N-02718,Completed,Tuition,Dekabr tuition; source: TEMURBEK SCHOOL - Shaxobov Temurbek 2026 50 %.csv line 233,,,,,,,
STU-01072,2026-01-01,225000,UZS,Cash,,RCPT-N-02719,Completed,Tuition,Yanvar tuition; source: TEMURBEK SCHOOL - Shaxobov Temurbek 2026 50 %.csv line 233,monthly_discount,fixed,45000,270000,45000,225000,true
STU-01072,2026-02-01,270000,UZS,Cash,,RCPT-N-02720,Completed,Tuition,Fev tuition; source: TEMURBEK SCHOOL - Shaxobov Temurbek 2026 50 %.csv line 233,,,,,,,
STU-01072,2026-03-01,270000,UZS,Cash,,RCPT-N-02721,Completed,Tuition,Mart tuition; source: TEMURBEK SCHOOL - Shaxobov Temurbek 2026 50 %.csv line 233,,,,,,,
STU-01072,2026-04-01,270000,UZS,Cash,,RCPT-N-02722,Completed,Tuition,Aprel tuition; source: TEMURBEK SCHOOL - Shaxobov Temurbek 2026 50 %.csv line 233,,,,,,,
STU-01073,2026-01-01,260000,UZS,Cash,,RCPT-N-02723,Completed,Tuition,Yanvar tuition; source: TEMURBEK SCHOOL - Shaxobov Temurbek 2026 50 %.csv line 234,serial_discount,fixed,10000,270000,10000,260000,true
STU-01073,2026-02-01,270000,UZS,Cash,,RCPT-N-02724,Completed,Tuition,Fev tuition; source: TEMURBEK SCHOOL - Shaxobov Temurbek 2026 50 %.csv line 234,,,,,,,
STU-01073,2026-03-01,260000,UZS,Cash,,RCPT-N-02725,Completed,Tuition,Mart tuition; source: TEMURBEK SCHOOL - Shaxobov Temurbek 2026 50 %.csv line 234,serial_discount,fixed,10000,270000,10000,260000,true
STU-01073,2026-04-01,260000,UZS,Cash,,RCPT-N-02726,Completed,Tuition,Aprel tuition; source: TEMURBEK SCHOOL - Shaxobov Temurbek 2026 50 %.csv line 234,serial_discount,fixed,10000,270000,10000,260000,true
STU-01073,2026-05-01,260000,UZS,Cash,,RCPT-N-02727,Completed,Tuition,May tuition; source: TEMURBEK SCHOOL - Shaxobov Temurbek 2026 50 %.csv line 234,serial_discount,fixed,10000,270000,10000,260000,true
STU-01074,2026-01-01,270000,UZS,Cash,,RCPT-N-02728,Completed,Tuition,Yanvar tuition; source: TEMURBEK SCHOOL - Shaxobov Temurbek 2026 50 %.csv line 235,,,,,,,
STU-01074,2026-02-01,270000,UZS,Cash,,RCPT-N-02729,Completed,Tuition,Fev tuition; source: TEMURBEK SCHOOL - Shaxobov Temurbek 2026 50 %.csv line 235,,,,,,,
STU-01074,2026-03-01,270000,UZS,Cash,,RCPT-N-02730,Completed,Tuition,Mart tuition; source: TEMURBEK SCHOOL - Shaxobov Temurbek 2026 50 %.csv line 235,,,,,,,
STU-01074,2026-04-01,270000,UZS,Cash,,RCPT-N-02731,Completed,Tuition,Aprel tuition; source: TEMURBEK SCHOOL - Shaxobov Temurbek 2026 50 %.csv line 235,,,,,,,
STU-01074,2026-05-01,270000,UZS,Cash,,RCPT-N-02732,Completed,Tuition,May tuition; source: TEMURBEK SCHOOL - Shaxobov Temurbek 2026 50 %.csv line 235,,,,,,,
STU-01075,2025-12-01,270000,UZS,Cash,,RCPT-N-02733,Completed,Tuition,Dekabr tuition; source: TEMURBEK SCHOOL - Shaxobov Temurbek 2026 50 %.csv line 236,,,,,,,
STU-01075,2026-01-01,270000,UZS,Cash,,RCPT-N-02734,Completed,Tuition,Yanvar tuition; source: TEMURBEK SCHOOL - Shaxobov Temurbek 2026 50 %.csv line 236,,,,,,,
STU-01075,2026-02-01,270000,UZS,Cash,,RCPT-N-02735,Completed,Tuition,Fev tuition; source: TEMURBEK SCHOOL - Shaxobov Temurbek 2026 50 %.csv line 236,,,,,,,
STU-01075,2026-03-01,270000,UZS,Cash,,RCPT-N-02736,Completed,Tuition,Mart tuition; source: TEMURBEK SCHOOL - Shaxobov Temurbek 2026 50 %.csv line 236,,,,,,,
STU-01075,2026-04-01,270000,UZS,Cash,,RCPT-N-02737,Completed,Tuition,Aprel tuition; source: TEMURBEK SCHOOL - Shaxobov Temurbek 2026 50 %.csv line 236,,,,,,,
STU-01075,2026-05-01,280000,UZS,Cash,,RCPT-N-02738,Completed,Tuition,May tuition; source: TEMURBEK SCHOOL - Shaxobov Temurbek 2026 50 %.csv line 236,,,,,,,
STU-01076,2026-04-01,270000,UZS,Cash,,RCPT-N-02739,Completed,Tuition,Aprel tuition; source: TEMURBEK SCHOOL - Shaxobov Temurbek 2026 50 %.csv line 237,,,,,,,
STU-01076,2026-05-01,270000,UZS,Cash,,RCPT-N-02740,Completed,Tuition,May tuition; source: TEMURBEK SCHOOL - Shaxobov Temurbek 2026 50 %.csv line 237,,,,,,,
STU-01081,2025-12-01,300000,UZS,Cash,,RCPT-N-02741,Completed,Tuition,Dekabr tuition; source: TEMURBEK SCHOOL - Shaxobov Temurbek 2026 50 %.csv line 266,,,,,,,
STU-01081,2026-01-01,300000,UZS,Cash,,RCPT-N-02742,Completed,Tuition,Yan tuition; source: TEMURBEK SCHOOL - Shaxobov Temurbek 2026 50 %.csv line 266,,,,,,,
STU-01081,2026-02-01,300000,UZS,Cash,,RCPT-N-02743,Completed,Tuition,Feb tuition; source: TEMURBEK SCHOOL - Shaxobov Temurbek 2026 50 %.csv line 266,,,,,,,
STU-01081,2026-04-01,320000,UZS,Cash,,RCPT-N-02744,Completed,Tuition,Aprel tuition; source: TEMURBEK SCHOOL - Shaxobov Temurbek 2026 50 %.csv line 266,,,,,,,
STU-01081,2026-05-01,320000,UZS,Cash,,RCPT-N-02745,Completed,Tuition,May tuition; source: TEMURBEK SCHOOL - Shaxobov Temurbek 2026 50 %.csv line 266,,,,,,,
STU-01082,2025-12-01,300000,UZS,Cash,,RCPT-N-02746,Completed,Tuition,Dekabr tuition; source: TEMURBEK SCHOOL - Shaxobov Temurbek 2026 50 %.csv line 267,,,,,,,
STU-01082,2026-01-01,300000,UZS,Cash,,RCPT-N-02747,Completed,Tuition,Yan tuition; source: TEMURBEK SCHOOL - Shaxobov Temurbek 2026 50 %.csv line 267,,,,,,,
STU-01082,2026-02-01,300000,UZS,Cash,,RCPT-N-02748,Completed,Tuition,Feb tuition; source: TEMURBEK SCHOOL - Shaxobov Temurbek 2026 50 %.csv line 267,,,,,,,
STU-01082,2026-04-01,320000,UZS,Cash,,RCPT-N-02749,Completed,Tuition,Aprel tuition; source: TEMURBEK SCHOOL - Shaxobov Temurbek 2026 50 %.csv line 267,,,,,,,
STU-01082,2026-05-01,320000,UZS,Cash,,RCPT-N-02750,Completed,Tuition,May tuition; source: TEMURBEK SCHOOL - Shaxobov Temurbek 2026 50 %.csv line 267,,,,,,,
STU-01082,2026-06-01,320000,UZS,Cash,,RCPT-N-02751,Completed,Tuition,Iyun tuition; source: TEMURBEK SCHOOL - Shaxobov Temurbek 2026 50 %.csv line 267,,,,,,,
STU-01083,2025-12-01,300000,UZS,Cash,,RCPT-N-02752,Completed,Tuition,Dekabr tuition; source: TEMURBEK SCHOOL - Shaxobov Temurbek 2026 50 %.csv line 268,,,,,,,
STU-01083,2026-01-01,300000,UZS,Cash,,RCPT-N-02753,Completed,Tuition,Yan tuition; source: TEMURBEK SCHOOL - Shaxobov Temurbek 2026 50 %.csv line 268,,,,,,,
STU-01083,2026-02-01,300000,UZS,Cash,,RCPT-N-02754,Completed,Tuition,Feb tuition; source: TEMURBEK SCHOOL - Shaxobov Temurbek 2026 50 %.csv line 268,,,,,,,
STU-01083,2026-04-01,320000,UZS,Cash,,RCPT-N-02755,Completed,Tuition,Aprel tuition; source: TEMURBEK SCHOOL - Shaxobov Temurbek 2026 50 %.csv line 268,,,,,,,
STU-01083,2026-05-01,300000,UZS,Cash,,RCPT-N-02756,Completed,Tuition,May tuition; source: TEMURBEK SCHOOL - Shaxobov Temurbek 2026 50 %.csv line 268,,,,,,,
STU-01084,2025-12-01,270000,UZS,Cash,,RCPT-N-02757,Completed,Tuition,Dekabr tuition; source: TEMURBEK SCHOOL - Shaxobov Temurbek 2026 50 %.csv line 269,monthly_discount,fixed,30000,300000,30000,270000,true
STU-01084,2026-01-01,200000,UZS,Cash,,RCPT-N-02758,Completed,Tuition,Yan tuition; source: TEMURBEK SCHOOL - Shaxobov Temurbek 2026 50 %.csv line 269,monthly_discount,fixed,100000,300000,100000,200000,true
STU-01084,2026-02-01,300000,UZS,Cash,,RCPT-N-02759,Completed,Tuition,Feb tuition; source: TEMURBEK SCHOOL - Shaxobov Temurbek 2026 50 %.csv line 269,,,,,,,
STU-01084,2026-04-01,300000,UZS,Cash,,RCPT-N-02760,Completed,Tuition,Aprel tuition; source: TEMURBEK SCHOOL - Shaxobov Temurbek 2026 50 %.csv line 269,,,,,,,
STU-01084,2026-05-01,300000,UZS,Cash,,RCPT-N-02761,Completed,Tuition,May tuition; source: TEMURBEK SCHOOL - Shaxobov Temurbek 2026 50 %.csv line 269,,,,,,,
STU-01085,2025-12-01,300000,UZS,Cash,,RCPT-N-02762,Completed,Tuition,Dekabr tuition; source: TEMURBEK SCHOOL - Shaxobov Temurbek 2026 50 %.csv line 270,,,,,,,
STU-01085,2026-01-01,150000,UZS,Cash,,RCPT-N-02763,Completed,Tuition,Yan tuition; source: TEMURBEK SCHOOL - Shaxobov Temurbek 2026 50 %.csv line 270,monthly_discount,fixed,150000,300000,150000,150000,true
STU-01085,2026-02-01,300000,UZS,Cash,,RCPT-N-02764,Completed,Tuition,Feb tuition; source: TEMURBEK SCHOOL - Shaxobov Temurbek 2026 50 %.csv line 270,,,,,,,
STU-01085,2026-04-01,300000,UZS,Cash,,RCPT-N-02765,Completed,Tuition,Aprel tuition; source: TEMURBEK SCHOOL - Shaxobov Temurbek 2026 50 %.csv line 270,,,,,,,
STU-01085,2026-05-01,330000,UZS,Cash,,RCPT-N-02766,Completed,Tuition,May tuition; source: TEMURBEK SCHOOL - Shaxobov Temurbek 2026 50 %.csv line 270,,,,,,,
STU-01086,2025-12-01,300000,UZS,Cash,,RCPT-N-02767,Completed,Tuition,Dekabr tuition; source: TEMURBEK SCHOOL - Shaxobov Temurbek 2026 50 %.csv line 271,,,,,,,
STU-01086,2026-01-01,300000,UZS,Cash,,RCPT-N-02768,Completed,Tuition,Yan tuition; source: TEMURBEK SCHOOL - Shaxobov Temurbek 2026 50 %.csv line 271,,,,,,,
STU-01086,2026-02-01,300000,UZS,Cash,,RCPT-N-02769,Completed,Tuition,Feb tuition; source: TEMURBEK SCHOOL - Shaxobov Temurbek 2026 50 %.csv line 271,,,,,,,
STU-01086,2026-04-01,320000,UZS,Cash,,RCPT-N-02770,Completed,Tuition,Aprel tuition; source: TEMURBEK SCHOOL - Shaxobov Temurbek 2026 50 %.csv line 271,,,,,,,
STU-01087,2025-12-01,300000,UZS,Cash,,RCPT-N-02771,Completed,Tuition,Dekabr tuition; source: TEMURBEK SCHOOL - Shaxobov Temurbek 2026 50 %.csv line 272,,,,,,,
STU-01087,2026-01-01,300000,UZS,Cash,,RCPT-N-02772,Completed,Tuition,Yan tuition; source: TEMURBEK SCHOOL - Shaxobov Temurbek 2026 50 %.csv line 272,,,,,,,
STU-01087,2026-02-01,300000,UZS,Cash,,RCPT-N-02773,Completed,Tuition,Feb tuition; source: TEMURBEK SCHOOL - Shaxobov Temurbek 2026 50 %.csv line 272,,,,,,,
STU-01087,2026-04-01,320000,UZS,Cash,,RCPT-N-02774,Completed,Tuition,Aprel tuition; source: TEMURBEK SCHOOL - Shaxobov Temurbek 2026 50 %.csv line 272,,,,,,,
STU-01087,2026-05-01,320000,UZS,Cash,,RCPT-N-02775,Completed,Tuition,May tuition; source: TEMURBEK SCHOOL - Shaxobov Temurbek 2026 50 %.csv line 272,,,,,,,
STU-01088,2025-12-01,300000,UZS,Cash,,RCPT-N-02776,Completed,Tuition,Dekabr tuition; source: TEMURBEK SCHOOL - Shaxobov Temurbek 2026 50 %.csv line 273,,,,,,,
STU-01088,2026-01-01,300000,UZS,Cash,,RCPT-N-02777,Completed,Tuition,Yan tuition; source: TEMURBEK SCHOOL - Shaxobov Temurbek 2026 50 %.csv line 273,,,,,,,
STU-01088,2026-02-01,300000,UZS,Cash,,RCPT-N-02778,Completed,Tuition,Feb tuition; source: TEMURBEK SCHOOL - Shaxobov Temurbek 2026 50 %.csv line 273,,,,,,,
STU-01088,2026-04-01,320000,UZS,Cash,,RCPT-N-02779,Completed,Tuition,Aprel tuition; source: TEMURBEK SCHOOL - Shaxobov Temurbek 2026 50 %.csv line 273,,,,,,,
STU-01088,2026-05-01,320000,UZS,Cash,,RCPT-N-02780,Completed,Tuition,May tuition; source: TEMURBEK SCHOOL - Shaxobov Temurbek 2026 50 %.csv line 273,,,,,,,
STU-01089,2025-12-01,300000,UZS,Cash,,RCPT-N-02781,Completed,Tuition,Dekabr tuition; source: TEMURBEK SCHOOL - Shaxobov Temurbek 2026 50 %.csv line 274,,,,,,,
STU-01089,2026-01-01,300000,UZS,Cash,,RCPT-N-02782,Completed,Tuition,Yan tuition; source: TEMURBEK SCHOOL - Shaxobov Temurbek 2026 50 %.csv line 274,,,,,,,
STU-01089,2026-02-01,300000,UZS,Cash,,RCPT-N-02783,Completed,Tuition,Feb tuition; source: TEMURBEK SCHOOL - Shaxobov Temurbek 2026 50 %.csv line 274,,,,,,,
STU-01089,2026-04-01,320000,UZS,Cash,,RCPT-N-02784,Completed,Tuition,Aprel tuition; source: TEMURBEK SCHOOL - Shaxobov Temurbek 2026 50 %.csv line 274,,,,,,,
STU-01089,2026-05-01,320000,UZS,Cash,,RCPT-N-02785,Completed,Tuition,May tuition; source: TEMURBEK SCHOOL - Shaxobov Temurbek 2026 50 %.csv line 274,,,,,,,
STU-01090,2025-12-01,200000,UZS,Cash,,RCPT-N-02786,Completed,Tuition,Dekabr tuition; source: TEMURBEK SCHOOL - Shaxobov Temurbek 2026 50 %.csv line 275,serial_discount,fixed,100000,300000,100000,200000,true
STU-01090,2026-01-01,200000,UZS,Cash,,RCPT-N-02787,Completed,Tuition,Yan tuition; source: TEMURBEK SCHOOL - Shaxobov Temurbek 2026 50 %.csv line 275,serial_discount,fixed,100000,300000,100000,200000,true
STU-01090,2026-02-01,200000,UZS,Cash,,RCPT-N-02788,Completed,Tuition,Feb tuition; source: TEMURBEK SCHOOL - Shaxobov Temurbek 2026 50 %.csv line 275,serial_discount,fixed,100000,300000,100000,200000,true
STU-01090,2026-04-01,200000,UZS,Cash,,RCPT-N-02789,Completed,Tuition,Aprel tuition; source: TEMURBEK SCHOOL - Shaxobov Temurbek 2026 50 %.csv line 275,serial_discount,fixed,100000,300000,100000,200000,true
STU-01090,2026-05-01,200000,UZS,Cash,,RCPT-N-02790,Completed,Tuition,May tuition; source: TEMURBEK SCHOOL - Shaxobov Temurbek 2026 50 %.csv line 275,serial_discount,fixed,100000,300000,100000,200000,true
STU-01090,2026-06-01,200000,UZS,Cash,,RCPT-N-02791,Completed,Tuition,Iyun tuition; source: TEMURBEK SCHOOL - Shaxobov Temurbek 2026 50 %.csv line 275,serial_discount,fixed,100000,300000,100000,200000,true
STU-01091,2025-12-01,300000,UZS,Cash,,RCPT-N-02792,Completed,Tuition,Dekabr tuition; source: TEMURBEK SCHOOL - Shaxobov Temurbek 2026 50 %.csv line 276,,,,,,,
STU-01091,2026-01-01,300000,UZS,Cash,,RCPT-N-02793,Completed,Tuition,Yan tuition; source: TEMURBEK SCHOOL - Shaxobov Temurbek 2026 50 %.csv line 276,,,,,,,
STU-01091,2026-02-01,300000,UZS,Cash,,RCPT-N-02794,Completed,Tuition,Feb tuition; source: TEMURBEK SCHOOL - Shaxobov Temurbek 2026 50 %.csv line 276,,,,,,,
STU-01091,2026-04-01,320000,UZS,Cash,,RCPT-N-02795,Completed,Tuition,Aprel tuition; source: TEMURBEK SCHOOL - Shaxobov Temurbek 2026 50 %.csv line 276,,,,,,,
STU-01091,2026-05-01,320000,UZS,Cash,,RCPT-N-02796,Completed,Tuition,May tuition; source: TEMURBEK SCHOOL - Shaxobov Temurbek 2026 50 %.csv line 276,,,,,,,
STU-01092,2025-12-01,300000,UZS,Cash,,RCPT-N-02797,Completed,Tuition,Dekabr tuition; source: TEMURBEK SCHOOL - Shaxobov Temurbek 2026 50 %.csv line 277,,,,,,,
STU-01092,2026-01-01,300000,UZS,Cash,,RCPT-N-02798,Completed,Tuition,Yan tuition; source: TEMURBEK SCHOOL - Shaxobov Temurbek 2026 50 %.csv line 277,,,,,,,
STU-01092,2026-02-01,300000,UZS,Cash,,RCPT-N-02799,Completed,Tuition,Feb tuition; source: TEMURBEK SCHOOL - Shaxobov Temurbek 2026 50 %.csv line 277,,,,,,,
STU-01092,2026-04-01,320000,UZS,Cash,,RCPT-N-02800,Completed,Tuition,Aprel tuition; source: TEMURBEK SCHOOL - Shaxobov Temurbek 2026 50 %.csv line 277,,,,,,,
STU-01092,2026-05-01,320000,UZS,Cash,,RCPT-N-02801,Completed,Tuition,May tuition; source: TEMURBEK SCHOOL - Shaxobov Temurbek 2026 50 %.csv line 277,,,,,,,
STU-01093,2025-12-01,300000,UZS,Cash,,RCPT-N-02802,Completed,Tuition,Dekabr tuition; source: TEMURBEK SCHOOL - Shaxobov Temurbek 2026 50 %.csv line 278,,,,,,,
STU-01093,2026-01-01,300000,UZS,Cash,,RCPT-N-02803,Completed,Tuition,Yan tuition; source: TEMURBEK SCHOOL - Shaxobov Temurbek 2026 50 %.csv line 278,,,,,,,
STU-01093,2026-02-01,300000,UZS,Cash,,RCPT-N-02804,Completed,Tuition,Feb tuition; source: TEMURBEK SCHOOL - Shaxobov Temurbek 2026 50 %.csv line 278,,,,,,,
STU-01093,2026-04-01,320000,UZS,Cash,,RCPT-N-02805,Completed,Tuition,Aprel tuition; source: TEMURBEK SCHOOL - Shaxobov Temurbek 2026 50 %.csv line 278,,,,,,,
STU-01093,2026-05-01,320000,UZS,Cash,,RCPT-N-02806,Completed,Tuition,May tuition; source: TEMURBEK SCHOOL - Shaxobov Temurbek 2026 50 %.csv line 278,,,,,,,
STU-01093,2026-06-01,320000,UZS,Cash,,RCPT-N-02807,Completed,Tuition,Iyun tuition; source: TEMURBEK SCHOOL - Shaxobov Temurbek 2026 50 %.csv line 278,,,,,,,
STU-01094,2025-12-01,300000,UZS,Cash,,RCPT-N-02808,Completed,Tuition,Dekabr tuition; source: TEMURBEK SCHOOL - Shaxobov Temurbek 2026 50 %.csv line 279,,,,,,,
STU-01094,2026-01-01,300000,UZS,Cash,,RCPT-N-02809,Completed,Tuition,Yan tuition; source: TEMURBEK SCHOOL - Shaxobov Temurbek 2026 50 %.csv line 279,,,,,,,
STU-01094,2026-02-01,300000,UZS,Cash,,RCPT-N-02810,Completed,Tuition,Feb tuition; source: TEMURBEK SCHOOL - Shaxobov Temurbek 2026 50 %.csv line 279,,,,,,,
STU-01094,2026-04-01,320000,UZS,Cash,,RCPT-N-02811,Completed,Tuition,Aprel tuition; source: TEMURBEK SCHOOL - Shaxobov Temurbek 2026 50 %.csv line 279,,,,,,,
STU-01094,2026-05-01,320000,UZS,Cash,,RCPT-N-02812,Completed,Tuition,May tuition; source: TEMURBEK SCHOOL - Shaxobov Temurbek 2026 50 %.csv line 279,,,,,,,
STU-01094,2026-06-01,340000,UZS,Cash,,RCPT-N-02813,Completed,Tuition,Iyun tuition; source: TEMURBEK SCHOOL - Shaxobov Temurbek 2026 50 %.csv line 279,,,,,,,
STU-01095,2025-12-01,300000,UZS,Cash,,RCPT-N-02814,Completed,Tuition,Dekabr tuition; source: TEMURBEK SCHOOL - Shaxobov Temurbek 2026 50 %.csv line 280,,,,,,,
STU-01095,2026-01-01,300000,UZS,Cash,,RCPT-N-02815,Completed,Tuition,Yan tuition; source: TEMURBEK SCHOOL - Shaxobov Temurbek 2026 50 %.csv line 280,,,,,,,
STU-01095,2026-02-01,300000,UZS,Cash,,RCPT-N-02816,Completed,Tuition,Feb tuition; source: TEMURBEK SCHOOL - Shaxobov Temurbek 2026 50 %.csv line 280,,,,,,,
STU-01095,2026-04-01,300000,UZS,Cash,,RCPT-N-02817,Completed,Tuition,Aprel tuition; source: TEMURBEK SCHOOL - Shaxobov Temurbek 2026 50 %.csv line 280,,,,,,,
STU-01095,2026-05-01,300000,UZS,Cash,,RCPT-N-02818,Completed,Tuition,May tuition; source: TEMURBEK SCHOOL - Shaxobov Temurbek 2026 50 %.csv line 280,,,,,,,
STU-01095,2026-06-01,300000,UZS,Cash,,RCPT-N-02819,Completed,Tuition,Iyun tuition; source: TEMURBEK SCHOOL - Shaxobov Temurbek 2026 50 %.csv line 280,,,,,,,
STU-01096,2025-12-01,200000,UZS,Cash,,RCPT-N-02820,Completed,Tuition,Dekabr tuition; source: TEMURBEK SCHOOL - Shaxobov Temurbek 2026 50 %.csv line 281,serial_discount,fixed,100000,300000,100000,200000,true
STU-01096,2026-01-01,200000,UZS,Cash,,RCPT-N-02821,Completed,Tuition,Yan tuition; source: TEMURBEK SCHOOL - Shaxobov Temurbek 2026 50 %.csv line 281,serial_discount,fixed,100000,300000,100000,200000,true
STU-01096,2026-02-01,200000,UZS,Cash,,RCPT-N-02822,Completed,Tuition,Feb tuition; source: TEMURBEK SCHOOL - Shaxobov Temurbek 2026 50 %.csv line 281,serial_discount,fixed,100000,300000,100000,200000,true
STU-01096,2026-04-01,200000,UZS,Cash,,RCPT-N-02823,Completed,Tuition,Aprel tuition; source: TEMURBEK SCHOOL - Shaxobov Temurbek 2026 50 %.csv line 281,serial_discount,fixed,100000,300000,100000,200000,true
STU-01096,2026-05-01,200000,UZS,Cash,,RCPT-N-02824,Completed,Tuition,May tuition; source: TEMURBEK SCHOOL - Shaxobov Temurbek 2026 50 %.csv line 281,serial_discount,fixed,100000,300000,100000,200000,true
STU-01097,2025-12-01,300000,UZS,Cash,,RCPT-N-02825,Completed,Tuition,Dekabr tuition; source: TEMURBEK SCHOOL - Shaxobov Temurbek 2026 50 %.csv line 282,,,,,,,
STU-01097,2026-01-01,300000,UZS,Cash,,RCPT-N-02826,Completed,Tuition,Yan tuition; source: TEMURBEK SCHOOL - Shaxobov Temurbek 2026 50 %.csv line 282,,,,,,,
STU-01097,2026-02-01,300000,UZS,Cash,,RCPT-N-02827,Completed,Tuition,Feb tuition; source: TEMURBEK SCHOOL - Shaxobov Temurbek 2026 50 %.csv line 282,,,,,,,
STU-01097,2026-04-01,320000,UZS,Cash,,RCPT-N-02828,Completed,Tuition,Aprel tuition; source: TEMURBEK SCHOOL - Shaxobov Temurbek 2026 50 %.csv line 282,,,,,,,
STU-01097,2026-05-01,320000,UZS,Cash,,RCPT-N-02829,Completed,Tuition,May tuition; source: TEMURBEK SCHOOL - Shaxobov Temurbek 2026 50 %.csv line 282,,,,,,,
STU-01097,2026-06-01,320000,UZS,Cash,,RCPT-N-02830,Completed,Tuition,Iyun tuition; source: TEMURBEK SCHOOL - Shaxobov Temurbek 2026 50 %.csv line 282,,,,,,,
STU-01098,2025-12-01,300000,UZS,Cash,,RCPT-N-02831,Completed,Tuition,Dekabr tuition; source: TEMURBEK SCHOOL - Shaxobov Temurbek 2026 50 %.csv line 283,,,,,,,
STU-01098,2026-01-01,300000,UZS,Cash,,RCPT-N-02832,Completed,Tuition,Yan tuition; source: TEMURBEK SCHOOL - Shaxobov Temurbek 2026 50 %.csv line 283,,,,,,,
STU-01098,2026-02-01,300000,UZS,Cash,,RCPT-N-02833,Completed,Tuition,Feb tuition; source: TEMURBEK SCHOOL - Shaxobov Temurbek 2026 50 %.csv line 283,,,,,,,
STU-01098,2026-04-01,320000,UZS,Cash,,RCPT-N-02834,Completed,Tuition,Aprel tuition; source: TEMURBEK SCHOOL - Shaxobov Temurbek 2026 50 %.csv line 283,,,,,,,
STU-01098,2026-05-01,320000,UZS,Cash,,RCPT-N-02835,Completed,Tuition,May tuition; source: TEMURBEK SCHOOL - Shaxobov Temurbek 2026 50 %.csv line 283,,,,,,,
STU-01098,2026-06-01,320000,UZS,Cash,,RCPT-N-02836,Completed,Tuition,Iyun tuition; source: TEMURBEK SCHOOL - Shaxobov Temurbek 2026 50 %.csv line 283,,,,,,,
STU-01099,2025-12-01,300000,UZS,Cash,,RCPT-N-02837,Completed,Tuition,Dekabr tuition; source: TEMURBEK SCHOOL - Shaxobov Temurbek 2026 50 %.csv line 284,,,,,,,
STU-01099,2026-01-01,300000,UZS,Cash,,RCPT-N-02838,Completed,Tuition,Yan tuition; source: TEMURBEK SCHOOL - Shaxobov Temurbek 2026 50 %.csv line 284,,,,,,,
STU-01099,2026-02-01,300000,UZS,Cash,,RCPT-N-02839,Completed,Tuition,Feb tuition; source: TEMURBEK SCHOOL - Shaxobov Temurbek 2026 50 %.csv line 284,,,,,,,
STU-01099,2026-04-01,320000,UZS,Cash,,RCPT-N-02840,Completed,Tuition,Aprel tuition; source: TEMURBEK SCHOOL - Shaxobov Temurbek 2026 50 %.csv line 284,,,,,,,
STU-01100,2025-12-01,100000,UZS,Cash,,RCPT-N-02841,Completed,Tuition,Dekabr tuition; source: TEMURBEK SCHOOL - Shaxobov Temurbek 2026 50 %.csv line 285,monthly_discount,fixed,200000,300000,200000,100000,true
STU-01100,2026-01-01,300000,UZS,Cash,,RCPT-N-02842,Completed,Tuition,Yan tuition; source: TEMURBEK SCHOOL - Shaxobov Temurbek 2026 50 %.csv line 285,,,,,,,
STU-01100,2026-02-01,300000,UZS,Cash,,RCPT-N-02843,Completed,Tuition,Feb tuition; source: TEMURBEK SCHOOL - Shaxobov Temurbek 2026 50 %.csv line 285,,,,,,,
STU-01100,2026-04-01,320000,UZS,Cash,,RCPT-N-02844,Completed,Tuition,Aprel tuition; source: TEMURBEK SCHOOL - Shaxobov Temurbek 2026 50 %.csv line 285,,,,,,,
STU-01101,2025-12-01,300000,UZS,Cash,,RCPT-N-02845,Completed,Tuition,Dekabr tuition; source: TEMURBEK SCHOOL - Shaxobov Temurbek 2026 50 %.csv line 286,,,,,,,
STU-01101,2026-01-01,300000,UZS,Cash,,RCPT-N-02846,Completed,Tuition,Yan tuition; source: TEMURBEK SCHOOL - Shaxobov Temurbek 2026 50 %.csv line 286,,,,,,,
STU-01101,2026-02-01,300000,UZS,Cash,,RCPT-N-02847,Completed,Tuition,Feb tuition; source: TEMURBEK SCHOOL - Shaxobov Temurbek 2026 50 %.csv line 286,,,,,,,
STU-01101,2026-04-01,320000,UZS,Cash,,RCPT-N-02848,Completed,Tuition,Aprel tuition; source: TEMURBEK SCHOOL - Shaxobov Temurbek 2026 50 %.csv line 286,,,,,,,
STU-01101,2026-05-01,300000,UZS,Cash,,RCPT-N-02849,Completed,Tuition,May tuition; source: TEMURBEK SCHOOL - Shaxobov Temurbek 2026 50 %.csv line 286,,,,,,,
STU-01102,2025-12-01,150000,UZS,Cash,,RCPT-N-02850,Completed,Tuition,Dekabr tuition; source: TEMURBEK SCHOOL - Shaxobov Temurbek 2026 50 %.csv line 287,monthly_discount,fixed,150000,300000,150000,150000,true
STU-01102,2026-01-01,170000,UZS,Cash,,RCPT-N-02851,Completed,Tuition,Yan tuition; source: TEMURBEK SCHOOL - Shaxobov Temurbek 2026 50 %.csv line 287,monthly_discount,fixed,130000,300000,130000,170000,true
STU-01102,2026-04-01,300000,UZS,Cash,,RCPT-N-02852,Completed,Tuition,Aprel tuition; source: TEMURBEK SCHOOL - Shaxobov Temurbek 2026 50 %.csv line 287,,,,,,,
STU-01103,2026-05-01,270000,UZS,Cash,,RCPT-N-02853,Completed,Tuition,May tuition; source: TEMURBEK SCHOOL - Shaxobov Temurbek 2026 50 %.csv line 288,monthly_discount,fixed,30000,300000,30000,270000,true
STU-01106,2025-12-01,300000,UZS,Cash,,RCPT-N-02854,Completed,Tuition,Dekabr tuition; source: TEMURBEK SCHOOL - Shaxobov Temurbek 2026 50 %.csv line 291,,,,,,,
STU-01106,2026-01-01,300000,UZS,Cash,,RCPT-N-02855,Completed,Tuition,Yan tuition; source: TEMURBEK SCHOOL - Shaxobov Temurbek 2026 50 %.csv line 291,,,,,,,
STU-01106,2026-02-01,300000,UZS,Cash,,RCPT-N-02856,Completed,Tuition,Feb tuition; source: TEMURBEK SCHOOL - Shaxobov Temurbek 2026 50 %.csv line 291,,,,,,,
STU-01106,2026-04-01,300000,UZS,Cash,,RCPT-N-02857,Completed,Tuition,Aprel tuition; source: TEMURBEK SCHOOL - Shaxobov Temurbek 2026 50 %.csv line 291,,,,,,,
STU-01106,2026-05-01,300000,UZS,Cash,,RCPT-N-02858,Completed,Tuition,May tuition; source: TEMURBEK SCHOOL - Shaxobov Temurbek 2026 50 %.csv line 291,,,,,,,
STU-01107,2025-12-01,300000,UZS,Cash,,RCPT-N-02859,Completed,Tuition,Dekabr tuition; source: TEMURBEK SCHOOL - Shaxobov Temurbek 2026 50 %.csv line 292,,,,,,,
STU-01107,2026-01-01,300000,UZS,Cash,,RCPT-N-02860,Completed,Tuition,Yan tuition; source: TEMURBEK SCHOOL - Shaxobov Temurbek 2026 50 %.csv line 292,,,,,,,
STU-01107,2026-02-01,300000,UZS,Cash,,RCPT-N-02861,Completed,Tuition,Feb tuition; source: TEMURBEK SCHOOL - Shaxobov Temurbek 2026 50 %.csv line 292,,,,,,,
STU-01107,2026-04-01,340000,UZS,Cash,,RCPT-N-02862,Completed,Tuition,Aprel tuition; source: TEMURBEK SCHOOL - Shaxobov Temurbek 2026 50 %.csv line 292,,,,,,,
STU-01107,2026-05-01,340000,UZS,Cash,,RCPT-N-02863,Completed,Tuition,May tuition; source: TEMURBEK SCHOOL - Shaxobov Temurbek 2026 50 %.csv line 292,,,,,,,
STU-01108,2025-12-01,300000,UZS,Cash,,RCPT-N-02864,Completed,Tuition,Dekabr tuition; source: TEMURBEK SCHOOL - Shaxobov Temurbek 2026 50 %.csv line 293,,,,,,,
STU-01108,2026-01-01,300000,UZS,Cash,,RCPT-N-02865,Completed,Tuition,Yan tuition; source: TEMURBEK SCHOOL - Shaxobov Temurbek 2026 50 %.csv line 293,,,,,,,
STU-01108,2026-02-01,300000,UZS,Cash,,RCPT-N-02866,Completed,Tuition,Feb tuition; source: TEMURBEK SCHOOL - Shaxobov Temurbek 2026 50 %.csv line 293,,,,,,,
STU-01108,2026-04-01,300000,UZS,Cash,,RCPT-N-02867,Completed,Tuition,Aprel tuition; source: TEMURBEK SCHOOL - Shaxobov Temurbek 2026 50 %.csv line 293,,,,,,,
STU-01108,2026-05-01,300000,UZS,Cash,,RCPT-N-02868,Completed,Tuition,May tuition; source: TEMURBEK SCHOOL - Shaxobov Temurbek 2026 50 %.csv line 293,,,,,,,
STU-01109,2026-05-01,320000,UZS,Cash,,RCPT-N-02869,Completed,Tuition,May tuition; source: TEMURBEK SCHOOL - Shaxobov Temurbek 2026 50 %.csv line 294,,,,,,,
STU-01110,2025-12-01,270000,UZS,Cash,,RCPT-N-02870,Completed,Tuition,Dekabr tuition; source: TEMURBEK SCHOOL - Shaxobov Temurbek 2026 50 %.csv line 307,monthly_discount,fixed,20000,290000,20000,270000,true
STU-01110,2026-01-01,270000,UZS,Cash,,RCPT-N-02871,Completed,Tuition,Yan tuition; source: TEMURBEK SCHOOL - Shaxobov Temurbek 2026 50 %.csv line 307,monthly_discount,fixed,20000,290000,20000,270000,true
STU-01110,2026-02-01,270000,UZS,Cash,,RCPT-N-02872,Completed,Tuition,Feb tuition; source: TEMURBEK SCHOOL - Shaxobov Temurbek 2026 50 %.csv line 307,monthly_discount,fixed,20000,290000,20000,270000,true
STU-01110,2026-04-01,280000,UZS,Cash,,RCPT-N-02873,Completed,Tuition,Aprel tuition; source: TEMURBEK SCHOOL - Shaxobov Temurbek 2026 50 %.csv line 307,serial_discount,fixed,10000,290000,10000,280000,true
STU-01110,2026-05-01,280000,UZS,Cash,,RCPT-N-02874,Completed,Tuition,May tuition; source: TEMURBEK SCHOOL - Shaxobov Temurbek 2026 50 %.csv line 307,serial_discount,fixed,10000,290000,10000,280000,true
STU-01111,2025-12-01,280000,UZS,Cash,,RCPT-N-02875,Completed,Tuition,Dekabr tuition; source: TEMURBEK SCHOOL - Shaxobov Temurbek 2026 50 %.csv line 308,monthly_discount,fixed,10000,290000,10000,280000,true
STU-01111,2026-01-01,275000,UZS,Cash,,RCPT-N-02876,Completed,Tuition,Yan tuition; source: TEMURBEK SCHOOL - Shaxobov Temurbek 2026 50 %.csv line 308,monthly_discount,fixed,15000,290000,15000,275000,true
STU-01111,2026-02-01,280000,UZS,Cash,,RCPT-N-02877,Completed,Tuition,Feb tuition; source: TEMURBEK SCHOOL - Shaxobov Temurbek 2026 50 %.csv line 308,monthly_discount,fixed,10000,290000,10000,280000,true
STU-01111,2026-04-01,290000,UZS,Cash,,RCPT-N-02878,Completed,Tuition,Aprel tuition; source: TEMURBEK SCHOOL - Shaxobov Temurbek 2026 50 %.csv line 308,,,,,,,
STU-01111,2026-05-01,290000,UZS,Cash,,RCPT-N-02879,Completed,Tuition,May tuition; source: TEMURBEK SCHOOL - Shaxobov Temurbek 2026 50 %.csv line 308,,,,,,,
STU-01112,2025-12-01,270000,UZS,Cash,,RCPT-N-02880,Completed,Tuition,Dekabr tuition; source: TEMURBEK SCHOOL - Shaxobov Temurbek 2026 50 %.csv line 309,monthly_discount,fixed,20000,290000,20000,270000,true
STU-01112,2026-02-01,280000,UZS,Cash,,RCPT-N-02881,Completed,Tuition,Feb tuition; source: TEMURBEK SCHOOL - Shaxobov Temurbek 2026 50 %.csv line 309,monthly_discount,fixed,10000,290000,10000,280000,true
STU-01112,2026-04-01,290000,UZS,Cash,,RCPT-N-02882,Completed,Tuition,Aprel tuition; source: TEMURBEK SCHOOL - Shaxobov Temurbek 2026 50 %.csv line 309,,,,,,,
STU-01112,2026-05-01,290000,UZS,Cash,,RCPT-N-02883,Completed,Tuition,May tuition; source: TEMURBEK SCHOOL - Shaxobov Temurbek 2026 50 %.csv line 309,,,,,,,
STU-01113,2025-12-01,270000,UZS,Cash,,RCPT-N-02884,Completed,Tuition,Dekabr tuition; source: TEMURBEK SCHOOL - Shaxobov Temurbek 2026 50 %.csv line 310,monthly_discount,fixed,20000,290000,20000,270000,true
STU-01113,2026-01-01,270000,UZS,Cash,,RCPT-N-02885,Completed,Tuition,Yan tuition; source: TEMURBEK SCHOOL - Shaxobov Temurbek 2026 50 %.csv line 310,monthly_discount,fixed,20000,290000,20000,270000,true
STU-01113,2026-02-01,280000,UZS,Cash,,RCPT-N-02886,Completed,Tuition,Feb tuition; source: TEMURBEK SCHOOL - Shaxobov Temurbek 2026 50 %.csv line 310,serial_discount,fixed,10000,290000,10000,280000,true
STU-01113,2026-04-01,290000,UZS,Cash,,RCPT-N-02887,Completed,Tuition,Aprel tuition; source: TEMURBEK SCHOOL - Shaxobov Temurbek 2026 50 %.csv line 310,,,,,,,
STU-01113,2026-05-01,280000,UZS,Cash,,RCPT-N-02888,Completed,Tuition,May tuition; source: TEMURBEK SCHOOL - Shaxobov Temurbek 2026 50 %.csv line 310,serial_discount,fixed,10000,290000,10000,280000,true
STU-01114,2025-12-01,270000,UZS,Cash,,RCPT-N-02889,Completed,Tuition,Dekabr tuition; source: TEMURBEK SCHOOL - Shaxobov Temurbek 2026 50 %.csv line 311,monthly_discount,fixed,20000,290000,20000,270000,true
STU-01114,2026-01-01,280000,UZS,Cash,,RCPT-N-02890,Completed,Tuition,Yan tuition; source: TEMURBEK SCHOOL - Shaxobov Temurbek 2026 50 %.csv line 311,monthly_discount,fixed,10000,290000,10000,280000,true
STU-01114,2026-02-01,290000,UZS,Cash,,RCPT-N-02891,Completed,Tuition,Feb tuition; source: TEMURBEK SCHOOL - Shaxobov Temurbek 2026 50 %.csv line 311,,,,,,,
STU-01114,2026-04-01,290000,UZS,Cash,,RCPT-N-02892,Completed,Tuition,Aprel tuition; source: TEMURBEK SCHOOL - Shaxobov Temurbek 2026 50 %.csv line 311,,,,,,,
STU-01114,2026-05-01,290000,UZS,Cash,,RCPT-N-02893,Completed,Tuition,May tuition; source: TEMURBEK SCHOOL - Shaxobov Temurbek 2026 50 %.csv line 311,,,,,,,
STU-01114,2026-06-01,290000,UZS,Cash,,RCPT-N-02894,Completed,Tuition,Iyun tuition; source: TEMURBEK SCHOOL - Shaxobov Temurbek 2026 50 %.csv line 311,,,,,,,
STU-01115,2025-12-01,270000,UZS,Cash,,RCPT-N-02895,Completed,Tuition,Dekabr tuition; source: TEMURBEK SCHOOL - Shaxobov Temurbek 2026 50 %.csv line 312,monthly_discount,fixed,20000,290000,20000,270000,true
STU-01115,2026-01-01,280000,UZS,Cash,,RCPT-N-02896,Completed,Tuition,Yan tuition; source: TEMURBEK SCHOOL - Shaxobov Temurbek 2026 50 %.csv line 312,monthly_discount,fixed,10000,290000,10000,280000,true
STU-01115,2026-02-01,280000,UZS,Cash,,RCPT-N-02897,Completed,Tuition,Feb tuition; source: TEMURBEK SCHOOL - Shaxobov Temurbek 2026 50 %.csv line 312,monthly_discount,fixed,10000,290000,10000,280000,true
STU-01115,2026-04-01,290000,UZS,Cash,,RCPT-N-02898,Completed,Tuition,Aprel tuition; source: TEMURBEK SCHOOL - Shaxobov Temurbek 2026 50 %.csv line 312,,,,,,,
STU-01115,2026-05-01,290000,UZS,Cash,,RCPT-N-02899,Completed,Tuition,May tuition; source: TEMURBEK SCHOOL - Shaxobov Temurbek 2026 50 %.csv line 312,,,,,,,
STU-01115,2026-06-01,290000,UZS,Cash,,RCPT-N-02900,Completed,Tuition,Iyun tuition; source: TEMURBEK SCHOOL - Shaxobov Temurbek 2026 50 %.csv line 312,,,,,,,
STU-01116,2025-12-01,280000,UZS,Cash,,RCPT-N-02901,Completed,Tuition,Dekabr tuition; source: TEMURBEK SCHOOL - Shaxobov Temurbek 2026 50 %.csv line 313,monthly_discount,fixed,10000,290000,10000,280000,true
STU-01116,2026-01-01,280000,UZS,Cash,,RCPT-N-02902,Completed,Tuition,Yan tuition; source: TEMURBEK SCHOOL - Shaxobov Temurbek 2026 50 %.csv line 313,monthly_discount,fixed,10000,290000,10000,280000,true
STU-01116,2026-02-01,280000,UZS,Cash,,RCPT-N-02903,Completed,Tuition,Feb tuition; source: TEMURBEK SCHOOL - Shaxobov Temurbek 2026 50 %.csv line 313,monthly_discount,fixed,10000,290000,10000,280000,true
STU-01116,2026-04-01,290000,UZS,Cash,,RCPT-N-02904,Completed,Tuition,Aprel tuition; source: TEMURBEK SCHOOL - Shaxobov Temurbek 2026 50 %.csv line 313,,,,,,,
STU-01116,2026-05-01,290000,UZS,Cash,,RCPT-N-02905,Completed,Tuition,May tuition; source: TEMURBEK SCHOOL - Shaxobov Temurbek 2026 50 %.csv line 313,,,,,,,
STU-01116,2026-06-01,290000,UZS,Cash,,RCPT-N-02906,Completed,Tuition,Iyun tuition; source: TEMURBEK SCHOOL - Shaxobov Temurbek 2026 50 %.csv line 313,,,,,,,
STU-01117,2025-12-01,280000,UZS,Cash,,RCPT-N-02907,Completed,Tuition,Dekabr tuition; source: TEMURBEK SCHOOL - Shaxobov Temurbek 2026 50 %.csv line 314,monthly_discount,fixed,10000,290000,10000,280000,true
STU-01117,2026-01-01,280000,UZS,Cash,,RCPT-N-02908,Completed,Tuition,Yan tuition; source: TEMURBEK SCHOOL - Shaxobov Temurbek 2026 50 %.csv line 314,monthly_discount,fixed,10000,290000,10000,280000,true
STU-01117,2026-02-01,280000,UZS,Cash,,RCPT-N-02909,Completed,Tuition,Feb tuition; source: TEMURBEK SCHOOL - Shaxobov Temurbek 2026 50 %.csv line 314,monthly_discount,fixed,10000,290000,10000,280000,true
STU-01117,2026-04-01,290000,UZS,Cash,,RCPT-N-02910,Completed,Tuition,Aprel tuition; source: TEMURBEK SCHOOL - Shaxobov Temurbek 2026 50 %.csv line 314,,,,,,,
STU-01117,2026-05-01,290000,UZS,Cash,,RCPT-N-02911,Completed,Tuition,May tuition; source: TEMURBEK SCHOOL - Shaxobov Temurbek 2026 50 %.csv line 314,,,,,,,
STU-01118,2025-12-01,270000,UZS,Cash,,RCPT-N-02912,Completed,Tuition,Dekabr tuition; source: TEMURBEK SCHOOL - Shaxobov Temurbek 2026 50 %.csv line 315,monthly_discount,fixed,20000,290000,20000,270000,true
STU-01118,2026-01-01,280000,UZS,Cash,,RCPT-N-02913,Completed,Tuition,Yan tuition; source: TEMURBEK SCHOOL - Shaxobov Temurbek 2026 50 %.csv line 315,monthly_discount,fixed,10000,290000,10000,280000,true
STU-01118,2026-02-01,280000,UZS,Cash,,RCPT-N-02914,Completed,Tuition,Feb tuition; source: TEMURBEK SCHOOL - Shaxobov Temurbek 2026 50 %.csv line 315,monthly_discount,fixed,10000,290000,10000,280000,true
STU-01118,2026-04-01,290000,UZS,Cash,,RCPT-N-02915,Completed,Tuition,Aprel tuition; source: TEMURBEK SCHOOL - Shaxobov Temurbek 2026 50 %.csv line 315,,,,,,,
STU-01118,2026-05-01,290000,UZS,Cash,,RCPT-N-02916,Completed,Tuition,May tuition; source: TEMURBEK SCHOOL - Shaxobov Temurbek 2026 50 %.csv line 315,,,,,,,
STU-01119,2025-12-01,280000,UZS,Cash,,RCPT-N-02917,Completed,Tuition,Dekabr tuition; source: TEMURBEK SCHOOL - Shaxobov Temurbek 2026 50 %.csv line 316,monthly_discount,fixed,10000,290000,10000,280000,true
STU-01119,2026-01-01,280000,UZS,Cash,,RCPT-N-02918,Completed,Tuition,Yan tuition; source: TEMURBEK SCHOOL - Shaxobov Temurbek 2026 50 %.csv line 316,monthly_discount,fixed,10000,290000,10000,280000,true
STU-01119,2026-02-01,270000,UZS,Cash,,RCPT-N-02919,Completed,Tuition,Feb tuition; source: TEMURBEK SCHOOL - Shaxobov Temurbek 2026 50 %.csv line 316,monthly_discount,fixed,20000,290000,20000,270000,true
STU-01119,2026-04-01,290000,UZS,Cash,,RCPT-N-02920,Completed,Tuition,Aprel tuition; source: TEMURBEK SCHOOL - Shaxobov Temurbek 2026 50 %.csv line 316,,,,,,,
STU-01119,2026-05-01,290000,UZS,Cash,,RCPT-N-02921,Completed,Tuition,May tuition; source: TEMURBEK SCHOOL - Shaxobov Temurbek 2026 50 %.csv line 316,,,,,,,
STU-01120,2025-12-01,280000,UZS,Cash,,RCPT-N-02922,Completed,Tuition,Dekabr tuition; source: TEMURBEK SCHOOL - Shaxobov Temurbek 2026 50 %.csv line 317,monthly_discount,fixed,10000,290000,10000,280000,true
STU-01120,2026-01-01,280000,UZS,Cash,,RCPT-N-02923,Completed,Tuition,Yan tuition; source: TEMURBEK SCHOOL - Shaxobov Temurbek 2026 50 %.csv line 317,monthly_discount,fixed,10000,290000,10000,280000,true
STU-01120,2026-02-01,280000,UZS,Cash,,RCPT-N-02924,Completed,Tuition,Feb tuition; source: TEMURBEK SCHOOL - Shaxobov Temurbek 2026 50 %.csv line 317,monthly_discount,fixed,10000,290000,10000,280000,true
STU-01120,2026-04-01,290000,UZS,Cash,,RCPT-N-02925,Completed,Tuition,Aprel tuition; source: TEMURBEK SCHOOL - Shaxobov Temurbek 2026 50 %.csv line 317,,,,,,,
STU-01120,2026-05-01,290000,UZS,Cash,,RCPT-N-02926,Completed,Tuition,May tuition; source: TEMURBEK SCHOOL - Shaxobov Temurbek 2026 50 %.csv line 317,,,,,,,
STU-01121,2025-12-01,270000,UZS,Cash,,RCPT-N-02927,Completed,Tuition,Dekabr tuition; source: TEMURBEK SCHOOL - Shaxobov Temurbek 2026 50 %.csv line 318,monthly_discount,fixed,20000,290000,20000,270000,true
STU-01121,2026-01-01,270000,UZS,Cash,,RCPT-N-02928,Completed,Tuition,Yan tuition; source: TEMURBEK SCHOOL - Shaxobov Temurbek 2026 50 %.csv line 318,monthly_discount,fixed,20000,290000,20000,270000,true
STU-01121,2026-02-01,270000,UZS,Cash,,RCPT-N-02929,Completed,Tuition,Feb tuition; source: TEMURBEK SCHOOL - Shaxobov Temurbek 2026 50 %.csv line 318,monthly_discount,fixed,20000,290000,20000,270000,true
STU-01121,2026-04-01,280000,UZS,Cash,,RCPT-N-02930,Completed,Tuition,Aprel tuition; source: TEMURBEK SCHOOL - Shaxobov Temurbek 2026 50 %.csv line 318,monthly_discount,fixed,10000,290000,10000,280000,true
STU-01121,2026-05-01,280000,UZS,Cash,,RCPT-N-02931,Completed,Tuition,May tuition; source: TEMURBEK SCHOOL - Shaxobov Temurbek 2026 50 %.csv line 318,monthly_discount,fixed,10000,290000,10000,280000,true
STU-01121,2026-06-01,290000,UZS,Cash,,RCPT-N-02932,Completed,Tuition,Iyun tuition; source: TEMURBEK SCHOOL - Shaxobov Temurbek 2026 50 %.csv line 318,,,,,,,
STU-01122,2025-12-01,280000,UZS,Cash,,RCPT-N-02933,Completed,Tuition,Dekabr tuition; source: TEMURBEK SCHOOL - Shaxobov Temurbek 2026 50 %.csv line 319,monthly_discount,fixed,10000,290000,10000,280000,true
STU-01122,2026-01-01,280000,UZS,Cash,,RCPT-N-02934,Completed,Tuition,Yan tuition; source: TEMURBEK SCHOOL - Shaxobov Temurbek 2026 50 %.csv line 319,monthly_discount,fixed,10000,290000,10000,280000,true
STU-01122,2026-02-01,280000,UZS,Cash,,RCPT-N-02935,Completed,Tuition,Feb tuition; source: TEMURBEK SCHOOL - Shaxobov Temurbek 2026 50 %.csv line 319,monthly_discount,fixed,10000,290000,10000,280000,true
STU-01122,2026-04-01,290000,UZS,Cash,,RCPT-N-02936,Completed,Tuition,Aprel tuition; source: TEMURBEK SCHOOL - Shaxobov Temurbek 2026 50 %.csv line 319,,,,,,,
STU-01122,2026-05-01,290000,UZS,Cash,,RCPT-N-02937,Completed,Tuition,May tuition; source: TEMURBEK SCHOOL - Shaxobov Temurbek 2026 50 %.csv line 319,,,,,,,
STU-01123,2025-12-01,270000,UZS,Cash,,RCPT-N-02938,Completed,Tuition,Dekabr tuition; source: TEMURBEK SCHOOL - Shaxobov Temurbek 2026 50 %.csv line 320,monthly_discount,fixed,20000,290000,20000,270000,true
STU-01123,2026-01-01,280000,UZS,Cash,,RCPT-N-02939,Completed,Tuition,Yan tuition; source: TEMURBEK SCHOOL - Shaxobov Temurbek 2026 50 %.csv line 320,monthly_discount,fixed,10000,290000,10000,280000,true
STU-01123,2026-02-01,280000,UZS,Cash,,RCPT-N-02940,Completed,Tuition,Feb tuition; source: TEMURBEK SCHOOL - Shaxobov Temurbek 2026 50 %.csv line 320,monthly_discount,fixed,10000,290000,10000,280000,true
STU-01123,2026-04-01,290000,UZS,Cash,,RCPT-N-02941,Completed,Tuition,Aprel tuition; source: TEMURBEK SCHOOL - Shaxobov Temurbek 2026 50 %.csv line 320,,,,,,,
STU-01123,2026-05-01,290000,UZS,Cash,,RCPT-N-02942,Completed,Tuition,May tuition; source: TEMURBEK SCHOOL - Shaxobov Temurbek 2026 50 %.csv line 320,,,,,,,
STU-01123,2026-06-01,290000,UZS,Cash,,RCPT-N-02943,Completed,Tuition,Iyun tuition; source: TEMURBEK SCHOOL - Shaxobov Temurbek 2026 50 %.csv line 320,,,,,,,
STU-01124,2025-12-01,280000,UZS,Cash,,RCPT-N-02944,Completed,Tuition,Dekabr tuition; source: TEMURBEK SCHOOL - Shaxobov Temurbek 2026 50 %.csv line 321,monthly_discount,fixed,10000,290000,10000,280000,true
STU-01124,2026-01-01,280000,UZS,Cash,,RCPT-N-02945,Completed,Tuition,Yan tuition; source: TEMURBEK SCHOOL - Shaxobov Temurbek 2026 50 %.csv line 321,monthly_discount,fixed,10000,290000,10000,280000,true
STU-01124,2026-02-01,280000,UZS,Cash,,RCPT-N-02946,Completed,Tuition,Feb tuition; source: TEMURBEK SCHOOL - Shaxobov Temurbek 2026 50 %.csv line 321,monthly_discount,fixed,10000,290000,10000,280000,true
STU-01124,2026-04-01,280000,UZS,Cash,,RCPT-N-02947,Completed,Tuition,Aprel tuition; source: TEMURBEK SCHOOL - Shaxobov Temurbek 2026 50 %.csv line 321,monthly_discount,fixed,10000,290000,10000,280000,true
STU-01124,2026-05-01,290000,UZS,Cash,,RCPT-N-02948,Completed,Tuition,May tuition; source: TEMURBEK SCHOOL - Shaxobov Temurbek 2026 50 %.csv line 321,,,,,,,
STU-01125,2025-12-01,280000,UZS,Cash,,RCPT-N-02949,Completed,Tuition,Dekabr tuition; source: TEMURBEK SCHOOL - Shaxobov Temurbek 2026 50 %.csv line 322,monthly_discount,fixed,10000,290000,10000,280000,true
STU-01125,2026-01-01,280000,UZS,Cash,,RCPT-N-02950,Completed,Tuition,Yan tuition; source: TEMURBEK SCHOOL - Shaxobov Temurbek 2026 50 %.csv line 322,monthly_discount,fixed,10000,290000,10000,280000,true
STU-01125,2026-02-01,280000,UZS,Cash,,RCPT-N-02951,Completed,Tuition,Feb tuition; source: TEMURBEK SCHOOL - Shaxobov Temurbek 2026 50 %.csv line 322,monthly_discount,fixed,10000,290000,10000,280000,true
STU-01125,2026-04-01,290000,UZS,Cash,,RCPT-N-02952,Completed,Tuition,Aprel tuition; source: TEMURBEK SCHOOL - Shaxobov Temurbek 2026 50 %.csv line 322,,,,,,,
STU-01125,2026-05-01,290000,UZS,Cash,,RCPT-N-02953,Completed,Tuition,May tuition; source: TEMURBEK SCHOOL - Shaxobov Temurbek 2026 50 %.csv line 322,,,,,,,
STU-01125,2026-06-01,290000,UZS,Cash,,RCPT-N-02954,Completed,Tuition,Iyun tuition; source: TEMURBEK SCHOOL - Shaxobov Temurbek 2026 50 %.csv line 322,,,,,,,
STU-01126,2025-12-01,290000,UZS,Cash,,RCPT-N-02955,Completed,Tuition,Dekabr tuition; source: TEMURBEK SCHOOL - Shaxobov Temurbek 2026 50 %.csv line 323,,,,,,,
STU-01126,2026-01-01,280000,UZS,Cash,,RCPT-N-02956,Completed,Tuition,Yan tuition; source: TEMURBEK SCHOOL - Shaxobov Temurbek 2026 50 %.csv line 323,monthly_discount,fixed,10000,290000,10000,280000,true
STU-01126,2026-02-01,270000,UZS,Cash,,RCPT-N-02957,Completed,Tuition,Feb tuition; source: TEMURBEK SCHOOL - Shaxobov Temurbek 2026 50 %.csv line 323,monthly_discount,fixed,20000,290000,20000,270000,true
STU-01126,2026-04-01,270000,UZS,Cash,,RCPT-N-02958,Completed,Tuition,Aprel tuition; source: TEMURBEK SCHOOL - Shaxobov Temurbek 2026 50 %.csv line 323,monthly_discount,fixed,20000,290000,20000,270000,true
STU-01126,2026-05-01,290000,UZS,Cash,,RCPT-N-02959,Completed,Tuition,May tuition; source: TEMURBEK SCHOOL - Shaxobov Temurbek 2026 50 %.csv line 323,,,,,,,
STU-01127,2025-12-01,290000,UZS,Cash,,RCPT-N-02960,Completed,Tuition,Dekabr tuition; source: TEMURBEK SCHOOL - Shaxobov Temurbek 2026 50 %.csv line 324,,,,,,,
STU-01127,2026-01-01,290000,UZS,Cash,,RCPT-N-02961,Completed,Tuition,Yan tuition; source: TEMURBEK SCHOOL - Shaxobov Temurbek 2026 50 %.csv line 324,,,,,,,
STU-01127,2026-02-01,290000,UZS,Cash,,RCPT-N-02962,Completed,Tuition,Feb tuition; source: TEMURBEK SCHOOL - Shaxobov Temurbek 2026 50 %.csv line 324,,,,,,,
STU-01127,2026-04-01,290000,UZS,Cash,,RCPT-N-02963,Completed,Tuition,Aprel tuition; source: TEMURBEK SCHOOL - Shaxobov Temurbek 2026 50 %.csv line 324,,,,,,,
STU-01127,2026-05-01,290000,UZS,Cash,,RCPT-N-02964,Completed,Tuition,May tuition; source: TEMURBEK SCHOOL - Shaxobov Temurbek 2026 50 %.csv line 324,,,,,,,
STU-01127,2026-06-01,290000,UZS,Cash,,RCPT-N-02965,Completed,Tuition,Iyun tuition; source: TEMURBEK SCHOOL - Shaxobov Temurbek 2026 50 %.csv line 324,,,,,,,
STU-01128,2025-12-01,290000,UZS,Cash,,RCPT-N-02966,Completed,Tuition,Dekabr tuition; source: TEMURBEK SCHOOL - Shaxobov Temurbek 2026 50 %.csv line 325,,,,,,,
STU-01128,2026-01-01,290000,UZS,Cash,,RCPT-N-02967,Completed,Tuition,Yan tuition; source: TEMURBEK SCHOOL - Shaxobov Temurbek 2026 50 %.csv line 325,,,,,,,
STU-01128,2026-02-01,290000,UZS,Cash,,RCPT-N-02968,Completed,Tuition,Feb tuition; source: TEMURBEK SCHOOL - Shaxobov Temurbek 2026 50 %.csv line 325,,,,,,,
STU-01128,2026-04-01,290000,UZS,Cash,,RCPT-N-02969,Completed,Tuition,Aprel tuition; source: TEMURBEK SCHOOL - Shaxobov Temurbek 2026 50 %.csv line 325,,,,,,,
STU-01128,2026-05-01,290000,UZS,Cash,,RCPT-N-02970,Completed,Tuition,May tuition; source: TEMURBEK SCHOOL - Shaxobov Temurbek 2026 50 %.csv line 325,,,,,,,
STU-01128,2026-06-01,290000,UZS,Cash,,RCPT-N-02971,Completed,Tuition,Iyun tuition; source: TEMURBEK SCHOOL - Shaxobov Temurbek 2026 50 %.csv line 325,,,,,,,
STU-01129,2025-12-01,280000,UZS,Cash,,RCPT-N-02972,Completed,Tuition,Dekabr tuition; source: TEMURBEK SCHOOL - Shaxobov Temurbek 2026 50 %.csv line 326,monthly_discount,fixed,10000,290000,10000,280000,true
STU-01129,2026-01-01,280000,UZS,Cash,,RCPT-N-02973,Completed,Tuition,Yan tuition; source: TEMURBEK SCHOOL - Shaxobov Temurbek 2026 50 %.csv line 326,monthly_discount,fixed,10000,290000,10000,280000,true
STU-01129,2026-04-01,290000,UZS,Cash,,RCPT-N-02974,Completed,Tuition,Aprel tuition; source: TEMURBEK SCHOOL - Shaxobov Temurbek 2026 50 %.csv line 326,,,,,,,
STU-01129,2026-05-01,290000,UZS,Cash,,RCPT-N-02975,Completed,Tuition,May tuition; source: TEMURBEK SCHOOL - Shaxobov Temurbek 2026 50 %.csv line 326,,,,,,,
STU-01129,2026-06-01,290000,UZS,Cash,,RCPT-N-02976,Completed,Tuition,Iyun tuition; source: TEMURBEK SCHOOL - Shaxobov Temurbek 2026 50 %.csv line 326,,,,,,,
STU-01138,2026-06-01,290000,UZS,Cash,,RCPT-N-02977,Completed,Tuition,Iyun tuition; source: TEMURBEK SCHOOL - Shaxobov Temurbek 2026 50 %.csv line 335,,,,,,,
STU-01140,2026-05-01,280000,UZS,Cash,,RCPT-N-02978,Completed,Tuition,May tuition; source: TEMURBEK SCHOOL - Shaxobov Temurbek 2026 50 %.csv line 337,monthly_discount,fixed,10000,290000,10000,280000,true
STU-01141,2026-06-01,290000,UZS,Cash,,RCPT-N-02979,Completed,Tuition,Iyun tuition; source: TEMURBEK SCHOOL - Shaxobov Temurbek 2026 50 %.csv line 338,,,,,,,
STU-01144,2025-12-01,300000,UZS,Cash,,RCPT-N-02980,Completed,Tuition,Dekabr tuition; source: TEMURBEK SCHOOL - Shaxobov Temurbek 2026 50 %.csv line 348,monthly_discount,fixed,40000,340000,40000,300000,true
STU-01144,2026-01-01,300000,UZS,Cash,,RCPT-N-02981,Completed,Tuition,Yan tuition; source: TEMURBEK SCHOOL - Shaxobov Temurbek 2026 50 %.csv line 348,monthly_discount,fixed,40000,340000,40000,300000,true
STU-01144,2026-02-01,340000,UZS,Cash,,RCPT-N-02982,Completed,Tuition,Feb tuition; source: TEMURBEK SCHOOL - Shaxobov Temurbek 2026 50 %.csv line 348,,,,,,,
STU-01144,2026-04-01,340000,UZS,Cash,,RCPT-N-02983,Completed,Tuition,Aprel tuition; source: TEMURBEK SCHOOL - Shaxobov Temurbek 2026 50 %.csv line 348,,,,,,,
STU-01144,2026-05-01,340000,UZS,Cash,,RCPT-N-02984,Completed,Tuition,May tuition; source: TEMURBEK SCHOOL - Shaxobov Temurbek 2026 50 %.csv line 348,,,,,,,
STU-01145,2025-12-01,340000,UZS,Cash,,RCPT-N-02985,Completed,Tuition,Dekabr tuition; source: TEMURBEK SCHOOL - Shaxobov Temurbek 2026 50 %.csv line 349,,,,,,,
STU-01145,2026-01-01,140000,UZS,Cash,,RCPT-N-02986,Completed,Tuition,Yan tuition; source: TEMURBEK SCHOOL - Shaxobov Temurbek 2026 50 %.csv line 349,monthly_discount,fixed,200000,340000,200000,140000,true
STU-01145,2026-02-01,340000,UZS,Cash,,RCPT-N-02987,Completed,Tuition,Feb tuition; source: TEMURBEK SCHOOL - Shaxobov Temurbek 2026 50 %.csv line 349,,,,,,,
STU-01145,2026-04-01,340000,UZS,Cash,,RCPT-N-02988,Completed,Tuition,Aprel tuition; source: TEMURBEK SCHOOL - Shaxobov Temurbek 2026 50 %.csv line 349,,,,,,,
STU-01145,2026-05-01,340000,UZS,Cash,,RCPT-N-02989,Completed,Tuition,May tuition; source: TEMURBEK SCHOOL - Shaxobov Temurbek 2026 50 %.csv line 349,,,,,,,
STU-01146,2025-12-01,300000,UZS,Cash,,RCPT-N-02990,Completed,Tuition,Dekabr tuition; source: TEMURBEK SCHOOL - Shaxobov Temurbek 2026 50 %.csv line 350,monthly_discount,fixed,40000,340000,40000,300000,true
STU-01146,2026-01-01,300000,UZS,Cash,,RCPT-N-02991,Completed,Tuition,Yan tuition; source: TEMURBEK SCHOOL - Shaxobov Temurbek 2026 50 %.csv line 350,monthly_discount,fixed,40000,340000,40000,300000,true
STU-01146,2026-02-01,340000,UZS,Cash,,RCPT-N-02992,Completed,Tuition,Feb tuition; source: TEMURBEK SCHOOL - Shaxobov Temurbek 2026 50 %.csv line 350,,,,,,,
STU-01146,2026-04-01,340000,UZS,Cash,,RCPT-N-02993,Completed,Tuition,Aprel tuition; source: TEMURBEK SCHOOL - Shaxobov Temurbek 2026 50 %.csv line 350,,,,,,,
STU-01146,2026-05-01,340000,UZS,Cash,,RCPT-N-02994,Completed,Tuition,May tuition; source: TEMURBEK SCHOOL - Shaxobov Temurbek 2026 50 %.csv line 350,,,,,,,
STU-01147,2025-12-01,300000,UZS,Cash,,RCPT-N-02995,Completed,Tuition,Dekabr tuition; source: TEMURBEK SCHOOL - Shaxobov Temurbek 2026 50 %.csv line 351,monthly_discount,fixed,40000,340000,40000,300000,true
STU-01147,2026-01-01,300000,UZS,Cash,,RCPT-N-02996,Completed,Tuition,Yan tuition; source: TEMURBEK SCHOOL - Shaxobov Temurbek 2026 50 %.csv line 351,monthly_discount,fixed,40000,340000,40000,300000,true
STU-01147,2026-02-01,340000,UZS,Cash,,RCPT-N-02997,Completed,Tuition,Feb tuition; source: TEMURBEK SCHOOL - Shaxobov Temurbek 2026 50 %.csv line 351,,,,,,,
STU-01147,2026-04-01,340000,UZS,Cash,,RCPT-N-02998,Completed,Tuition,Aprel tuition; source: TEMURBEK SCHOOL - Shaxobov Temurbek 2026 50 %.csv line 351,,,,,,,
STU-01147,2026-05-01,340000,UZS,Cash,,RCPT-N-02999,Completed,Tuition,May tuition; source: TEMURBEK SCHOOL - Shaxobov Temurbek 2026 50 %.csv line 351,,,,,,,
STU-01148,2025-12-01,300000,UZS,Cash,,RCPT-N-03000,Completed,Tuition,Dekabr tuition; source: TEMURBEK SCHOOL - Shaxobov Temurbek 2026 50 %.csv line 352,monthly_discount,fixed,40000,340000,40000,300000,true
STU-01148,2026-01-01,300000,UZS,Cash,,RCPT-N-03001,Completed,Tuition,Yan tuition; source: TEMURBEK SCHOOL - Shaxobov Temurbek 2026 50 %.csv line 352,monthly_discount,fixed,40000,340000,40000,300000,true
STU-01148,2026-02-01,300000,UZS,Cash,,RCPT-N-03002,Completed,Tuition,Feb tuition; source: TEMURBEK SCHOOL - Shaxobov Temurbek 2026 50 %.csv line 352,monthly_discount,fixed,40000,340000,40000,300000,true
STU-01148,2026-04-01,340000,UZS,Cash,,RCPT-N-03003,Completed,Tuition,Aprel tuition; source: TEMURBEK SCHOOL - Shaxobov Temurbek 2026 50 %.csv line 352,,,,,,,
STU-01148,2026-05-01,255000,UZS,Cash,,RCPT-N-03004,Completed,Tuition,May tuition; source: TEMURBEK SCHOOL - Shaxobov Temurbek 2026 50 %.csv line 352,monthly_discount,fixed,85000,340000,85000,255000,true
STU-01149,2025-12-01,200000,UZS,Cash,,RCPT-N-03005,Completed,Tuition,Dekabr tuition; source: TEMURBEK SCHOOL - Shaxobov Temurbek 2026 50 %.csv line 353,serial_discount,fixed,140000,340000,140000,200000,true
STU-01149,2026-01-01,200000,UZS,Cash,,RCPT-N-03006,Completed,Tuition,Yan tuition; source: TEMURBEK SCHOOL - Shaxobov Temurbek 2026 50 %.csv line 353,serial_discount,fixed,140000,340000,140000,200000,true
STU-01149,2026-02-01,200000,UZS,Cash,,RCPT-N-03007,Completed,Tuition,Feb tuition; source: TEMURBEK SCHOOL - Shaxobov Temurbek 2026 50 %.csv line 353,serial_discount,fixed,140000,340000,140000,200000,true
STU-01149,2026-04-01,200000,UZS,Cash,,RCPT-N-03008,Completed,Tuition,Aprel tuition; source: TEMURBEK SCHOOL - Shaxobov Temurbek 2026 50 %.csv line 353,serial_discount,fixed,140000,340000,140000,200000,true
STU-01149,2026-05-01,200000,UZS,Cash,,RCPT-N-03009,Completed,Tuition,May tuition; source: TEMURBEK SCHOOL - Shaxobov Temurbek 2026 50 %.csv line 353,serial_discount,fixed,140000,340000,140000,200000,true
STU-01150,2025-12-01,290000,UZS,Cash,,RCPT-N-03010,Completed,Tuition,Dekabr tuition; source: TEMURBEK SCHOOL - Shaxobov Temurbek 2026 50 %.csv line 354,monthly_discount,fixed,50000,340000,50000,290000,true
STU-01150,2026-01-01,300000,UZS,Cash,,RCPT-N-03011,Completed,Tuition,Yan tuition; source: TEMURBEK SCHOOL - Shaxobov Temurbek 2026 50 %.csv line 354,monthly_discount,fixed,40000,340000,40000,300000,true
STU-01150,2026-02-01,340000,UZS,Cash,,RCPT-N-03012,Completed,Tuition,Feb tuition; source: TEMURBEK SCHOOL - Shaxobov Temurbek 2026 50 %.csv line 354,,,,,,,
STU-01150,2026-04-01,340000,UZS,Cash,,RCPT-N-03013,Completed,Tuition,Aprel tuition; source: TEMURBEK SCHOOL - Shaxobov Temurbek 2026 50 %.csv line 354,,,,,,,
STU-01150,2026-05-01,340000,UZS,Cash,,RCPT-N-03014,Completed,Tuition,May tuition; source: TEMURBEK SCHOOL - Shaxobov Temurbek 2026 50 %.csv line 354,,,,,,,
STU-01151,2025-12-01,300000,UZS,Cash,,RCPT-N-03015,Completed,Tuition,Dekabr tuition; source: TEMURBEK SCHOOL - Shaxobov Temurbek 2026 50 %.csv line 355,monthly_discount,fixed,40000,340000,40000,300000,true
STU-01151,2026-01-01,300000,UZS,Cash,,RCPT-N-03016,Completed,Tuition,Yan tuition; source: TEMURBEK SCHOOL - Shaxobov Temurbek 2026 50 %.csv line 355,monthly_discount,fixed,40000,340000,40000,300000,true
STU-01151,2026-02-01,340000,UZS,Cash,,RCPT-N-03017,Completed,Tuition,Feb tuition; source: TEMURBEK SCHOOL - Shaxobov Temurbek 2026 50 %.csv line 355,,,,,,,
STU-01151,2026-04-01,340000,UZS,Cash,,RCPT-N-03018,Completed,Tuition,Aprel tuition; source: TEMURBEK SCHOOL - Shaxobov Temurbek 2026 50 %.csv line 355,,,,,,,
STU-01151,2026-05-01,340000,UZS,Cash,,RCPT-N-03019,Completed,Tuition,May tuition; source: TEMURBEK SCHOOL - Shaxobov Temurbek 2026 50 %.csv line 355,,,,,,,
STU-01152,2026-01-01,340000,UZS,Cash,,RCPT-N-03020,Completed,Tuition,Yan tuition; source: TEMURBEK SCHOOL - Shaxobov Temurbek 2026 50 %.csv line 356,,,,,,,
STU-01152,2026-02-01,340000,UZS,Cash,,RCPT-N-03021,Completed,Tuition,Feb tuition; source: TEMURBEK SCHOOL - Shaxobov Temurbek 2026 50 %.csv line 356,,,,,,,
STU-01152,2026-04-01,340000,UZS,Cash,,RCPT-N-03022,Completed,Tuition,Aprel tuition; source: TEMURBEK SCHOOL - Shaxobov Temurbek 2026 50 %.csv line 356,,,,,,,
STU-01153,2025-12-01,340000,UZS,Cash,,RCPT-N-03023,Completed,Tuition,Dekabr tuition; source: TEMURBEK SCHOOL - Shaxobov Temurbek 2026 50 %.csv line 357,,,,,,,
STU-01153,2026-01-01,340000,UZS,Cash,,RCPT-N-03024,Completed,Tuition,Yan tuition; source: TEMURBEK SCHOOL - Shaxobov Temurbek 2026 50 %.csv line 357,,,,,,,
STU-01153,2026-02-01,340000,UZS,Cash,,RCPT-N-03025,Completed,Tuition,Feb tuition; source: TEMURBEK SCHOOL - Shaxobov Temurbek 2026 50 %.csv line 357,,,,,,,
STU-01153,2026-04-01,340000,UZS,Cash,,RCPT-N-03026,Completed,Tuition,Aprel tuition; source: TEMURBEK SCHOOL - Shaxobov Temurbek 2026 50 %.csv line 357,,,,,,,
STU-01153,2026-05-01,340000,UZS,Cash,,RCPT-N-03027,Completed,Tuition,May tuition; source: TEMURBEK SCHOOL - Shaxobov Temurbek 2026 50 %.csv line 357,,,,,,,
STU-01154,2025-12-01,300000,UZS,Cash,,RCPT-N-03028,Completed,Tuition,Dekabr tuition; source: TEMURBEK SCHOOL - Shaxobov Temurbek 2026 50 %.csv line 358,monthly_discount,fixed,40000,340000,40000,300000,true
STU-01154,2026-01-01,300000,UZS,Cash,,RCPT-N-03029,Completed,Tuition,Yan tuition; source: TEMURBEK SCHOOL - Shaxobov Temurbek 2026 50 %.csv line 358,monthly_discount,fixed,40000,340000,40000,300000,true
STU-01154,2026-02-01,340000,UZS,Cash,,RCPT-N-03030,Completed,Tuition,Feb tuition; source: TEMURBEK SCHOOL - Shaxobov Temurbek 2026 50 %.csv line 358,,,,,,,
STU-01154,2026-04-01,340000,UZS,Cash,,RCPT-N-03031,Completed,Tuition,Aprel tuition; source: TEMURBEK SCHOOL - Shaxobov Temurbek 2026 50 %.csv line 358,,,,,,,
STU-01154,2026-05-01,340000,UZS,Cash,,RCPT-N-03032,Completed,Tuition,May tuition; source: TEMURBEK SCHOOL - Shaxobov Temurbek 2026 50 %.csv line 358,,,,,,,
STU-01156,2025-12-01,250000,UZS,Cash,,RCPT-N-03033,Completed,Tuition,Dekabr tuition; source: TEMURBEK SCHOOL - Shaxobov Temurbek 2026 50 %.csv line 360,monthly_discount,fixed,90000,340000,90000,250000,true
STU-01156,2026-01-01,200000,UZS,Cash,,RCPT-N-03034,Completed,Tuition,Yan tuition; source: TEMURBEK SCHOOL - Shaxobov Temurbek 2026 50 %.csv line 360,monthly_discount,fixed,140000,340000,140000,200000,true
STU-01156,2026-02-01,300000,UZS,Cash,,RCPT-N-03035,Completed,Tuition,Feb tuition; source: TEMURBEK SCHOOL - Shaxobov Temurbek 2026 50 %.csv line 360,monthly_discount,fixed,40000,340000,40000,300000,true
STU-01156,2026-04-01,340000,UZS,Cash,,RCPT-N-03036,Completed,Tuition,Aprel tuition; source: TEMURBEK SCHOOL - Shaxobov Temurbek 2026 50 %.csv line 360,,,,,,,
STU-01156,2026-05-01,340000,UZS,Cash,,RCPT-N-03037,Completed,Tuition,May tuition; source: TEMURBEK SCHOOL - Shaxobov Temurbek 2026 50 %.csv line 360,,,,,,,
STU-01157,2025-12-01,340000,UZS,Cash,,RCPT-N-03038,Completed,Tuition,Dekabr tuition; source: TEMURBEK SCHOOL - Shaxobov Temurbek 2026 50 %.csv line 361,,,,,,,
STU-01157,2026-01-01,340000,UZS,Cash,,RCPT-N-03039,Completed,Tuition,Yan tuition; source: TEMURBEK SCHOOL - Shaxobov Temurbek 2026 50 %.csv line 361,,,,,,,
STU-01157,2026-02-01,340000,UZS,Cash,,RCPT-N-03040,Completed,Tuition,Feb tuition; source: TEMURBEK SCHOOL - Shaxobov Temurbek 2026 50 %.csv line 361,,,,,,,
STU-01157,2026-04-01,340000,UZS,Cash,,RCPT-N-03041,Completed,Tuition,Aprel tuition; source: TEMURBEK SCHOOL - Shaxobov Temurbek 2026 50 %.csv line 361,,,,,,,
STU-01157,2026-05-01,340000,UZS,Cash,,RCPT-N-03042,Completed,Tuition,May tuition; source: TEMURBEK SCHOOL - Shaxobov Temurbek 2026 50 %.csv line 361,,,,,,,
STU-01158,2025-12-01,300000,UZS,Cash,,RCPT-N-03043,Completed,Tuition,Dekabr tuition; source: TEMURBEK SCHOOL - Shaxobov Temurbek 2026 50 %.csv line 362,monthly_discount,fixed,40000,340000,40000,300000,true
STU-01158,2026-01-01,300000,UZS,Cash,,RCPT-N-03044,Completed,Tuition,Yan tuition; source: TEMURBEK SCHOOL - Shaxobov Temurbek 2026 50 %.csv line 362,monthly_discount,fixed,40000,340000,40000,300000,true
STU-01158,2026-02-01,340000,UZS,Cash,,RCPT-N-03045,Completed,Tuition,Feb tuition; source: TEMURBEK SCHOOL - Shaxobov Temurbek 2026 50 %.csv line 362,,,,,,,
STU-01158,2026-04-01,340000,UZS,Cash,,RCPT-N-03046,Completed,Tuition,Aprel tuition; source: TEMURBEK SCHOOL - Shaxobov Temurbek 2026 50 %.csv line 362,,,,,,,
STU-01158,2026-05-01,340000,UZS,Cash,,RCPT-N-03047,Completed,Tuition,May tuition; source: TEMURBEK SCHOOL - Shaxobov Temurbek 2026 50 %.csv line 362,,,,,,,
STU-01159,2025-12-01,300000,UZS,Cash,,RCPT-N-03048,Completed,Tuition,Dekabr tuition; source: TEMURBEK SCHOOL - Shaxobov Temurbek 2026 50 %.csv line 363,monthly_discount,fixed,40000,340000,40000,300000,true
STU-01159,2026-01-01,300000,UZS,Cash,,RCPT-N-03049,Completed,Tuition,Yan tuition; source: TEMURBEK SCHOOL - Shaxobov Temurbek 2026 50 %.csv line 363,monthly_discount,fixed,40000,340000,40000,300000,true
STU-01159,2026-02-01,340000,UZS,Cash,,RCPT-N-03050,Completed,Tuition,Feb tuition; source: TEMURBEK SCHOOL - Shaxobov Temurbek 2026 50 %.csv line 363,,,,,,,
STU-01159,2026-04-01,340000,UZS,Cash,,RCPT-N-03051,Completed,Tuition,Aprel tuition; source: TEMURBEK SCHOOL - Shaxobov Temurbek 2026 50 %.csv line 363,,,,,,,
STU-01159,2026-05-01,340000,UZS,Cash,,RCPT-N-03052,Completed,Tuition,May tuition; source: TEMURBEK SCHOOL - Shaxobov Temurbek 2026 50 %.csv line 363,,,,,,,
STU-01160,2025-12-01,340000,UZS,Cash,,RCPT-N-03053,Completed,Tuition,Dekabr tuition; source: TEMURBEK SCHOOL - Shaxobov Temurbek 2026 50 %.csv line 364,,,,,,,
STU-01160,2026-01-01,340000,UZS,Cash,,RCPT-N-03054,Completed,Tuition,Yan tuition; source: TEMURBEK SCHOOL - Shaxobov Temurbek 2026 50 %.csv line 364,,,,,,,
STU-01160,2026-02-01,340000,UZS,Cash,,RCPT-N-03055,Completed,Tuition,Feb tuition; source: TEMURBEK SCHOOL - Shaxobov Temurbek 2026 50 %.csv line 364,,,,,,,
STU-01160,2026-04-01,340000,UZS,Cash,,RCPT-N-03056,Completed,Tuition,Aprel tuition; source: TEMURBEK SCHOOL - Shaxobov Temurbek 2026 50 %.csv line 364,,,,,,,
STU-01160,2026-05-01,340000,UZS,Cash,,RCPT-N-03057,Completed,Tuition,May tuition; source: TEMURBEK SCHOOL - Shaxobov Temurbek 2026 50 %.csv line 364,,,,,,,
STU-01161,2025-12-01,300000,UZS,Cash,,RCPT-N-03058,Completed,Tuition,Dekabr tuition; source: TEMURBEK SCHOOL - Shaxobov Temurbek 2026 50 %.csv line 365,serial_discount,fixed,40000,340000,40000,300000,true
STU-01161,2026-01-01,300000,UZS,Cash,,RCPT-N-03059,Completed,Tuition,Yan tuition; source: TEMURBEK SCHOOL - Shaxobov Temurbek 2026 50 %.csv line 365,serial_discount,fixed,40000,340000,40000,300000,true
STU-01161,2026-02-01,300000,UZS,Cash,,RCPT-N-03060,Completed,Tuition,Feb tuition; source: TEMURBEK SCHOOL - Shaxobov Temurbek 2026 50 %.csv line 365,serial_discount,fixed,40000,340000,40000,300000,true
STU-01161,2026-04-01,340000,UZS,Cash,,RCPT-N-03061,Completed,Tuition,Aprel tuition; source: TEMURBEK SCHOOL - Shaxobov Temurbek 2026 50 %.csv line 365,,,,,,,
STU-01161,2026-05-01,300000,UZS,Cash,,RCPT-N-03062,Completed,Tuition,May tuition; source: TEMURBEK SCHOOL - Shaxobov Temurbek 2026 50 %.csv line 365,serial_discount,fixed,40000,340000,40000,300000,true
STU-01162,2025-12-01,300000,UZS,Cash,,RCPT-N-03063,Completed,Tuition,Dekabr tuition; source: TEMURBEK SCHOOL - Shaxobov Temurbek 2026 50 %.csv line 366,monthly_discount,fixed,40000,340000,40000,300000,true
STU-01162,2026-01-01,300000,UZS,Cash,,RCPT-N-03064,Completed,Tuition,Yan tuition; source: TEMURBEK SCHOOL - Shaxobov Temurbek 2026 50 %.csv line 366,monthly_discount,fixed,40000,340000,40000,300000,true
STU-01162,2026-02-01,340000,UZS,Cash,,RCPT-N-03065,Completed,Tuition,Feb tuition; source: TEMURBEK SCHOOL - Shaxobov Temurbek 2026 50 %.csv line 366,,,,,,,
STU-01162,2026-04-01,340000,UZS,Cash,,RCPT-N-03066,Completed,Tuition,Aprel tuition; source: TEMURBEK SCHOOL - Shaxobov Temurbek 2026 50 %.csv line 366,,,,,,,
STU-01162,2026-05-01,340000,UZS,Cash,,RCPT-N-03067,Completed,Tuition,May tuition; source: TEMURBEK SCHOOL - Shaxobov Temurbek 2026 50 %.csv line 366,,,,,,,
STU-01163,2025-12-01,300000,UZS,Cash,,RCPT-N-03068,Completed,Tuition,Dekabr tuition; source: TEMURBEK SCHOOL - Shaxobov Temurbek 2026 50 %.csv line 367,monthly_discount,fixed,40000,340000,40000,300000,true
STU-01163,2026-02-01,340000,UZS,Cash,,RCPT-N-03069,Completed,Tuition,Feb tuition; source: TEMURBEK SCHOOL - Shaxobov Temurbek 2026 50 %.csv line 367,,,,,,,
STU-01163,2026-04-01,340000,UZS,Cash,,RCPT-N-03070,Completed,Tuition,Aprel tuition; source: TEMURBEK SCHOOL - Shaxobov Temurbek 2026 50 %.csv line 367,,,,,,,
STU-01163,2026-05-01,340000,UZS,Cash,,RCPT-N-03071,Completed,Tuition,May tuition; source: TEMURBEK SCHOOL - Shaxobov Temurbek 2026 50 %.csv line 367,,,,,,,
STU-01164,2025-12-01,300000,UZS,Cash,,RCPT-N-03072,Completed,Tuition,Dekabr tuition; source: TEMURBEK SCHOOL - Shaxobov Temurbek 2026 50 %.csv line 368,monthly_discount,fixed,40000,340000,40000,300000,true
STU-01164,2026-01-01,300000,UZS,Cash,,RCPT-N-03073,Completed,Tuition,Yan tuition; source: TEMURBEK SCHOOL - Shaxobov Temurbek 2026 50 %.csv line 368,monthly_discount,fixed,40000,340000,40000,300000,true
STU-01164,2026-02-01,340000,UZS,Cash,,RCPT-N-03074,Completed,Tuition,Feb tuition; source: TEMURBEK SCHOOL - Shaxobov Temurbek 2026 50 %.csv line 368,,,,,,,
STU-01164,2026-04-01,340000,UZS,Cash,,RCPT-N-03075,Completed,Tuition,Aprel tuition; source: TEMURBEK SCHOOL - Shaxobov Temurbek 2026 50 %.csv line 368,,,,,,,
STU-01164,2026-05-01,340000,UZS,Cash,,RCPT-N-03076,Completed,Tuition,May tuition; source: TEMURBEK SCHOOL - Shaxobov Temurbek 2026 50 %.csv line 368,,,,,,,
STU-01165,2025-12-01,300000,UZS,Cash,,RCPT-N-03077,Completed,Tuition,Dekabr tuition; source: TEMURBEK SCHOOL - Shaxobov Temurbek 2026 50 %.csv line 369,monthly_discount,fixed,40000,340000,40000,300000,true
STU-01165,2026-01-01,250000,UZS,Cash,,RCPT-N-03078,Completed,Tuition,Yan tuition; source: TEMURBEK SCHOOL - Shaxobov Temurbek 2026 50 %.csv line 369,serial_discount,fixed,90000,340000,90000,250000,true
STU-01165,2026-02-01,250000,UZS,Cash,,RCPT-N-03079,Completed,Tuition,Feb tuition; source: TEMURBEK SCHOOL - Shaxobov Temurbek 2026 50 %.csv line 369,serial_discount,fixed,90000,340000,90000,250000,true
STU-01165,2026-05-01,250000,UZS,Cash,,RCPT-N-03080,Completed,Tuition,May tuition; source: TEMURBEK SCHOOL - Shaxobov Temurbek 2026 50 %.csv line 369,serial_discount,fixed,90000,340000,90000,250000,true
STU-01166,2025-12-01,300000,UZS,Cash,,RCPT-N-03081,Completed,Tuition,Dekabr tuition; source: TEMURBEK SCHOOL - Shaxobov Temurbek 2026 50 %.csv line 370,monthly_discount,fixed,40000,340000,40000,300000,true
STU-01166,2026-01-01,340000,UZS,Cash,,RCPT-N-03082,Completed,Tuition,Yan tuition; source: TEMURBEK SCHOOL - Shaxobov Temurbek 2026 50 %.csv line 370,,,,,,,
STU-01166,2026-02-01,340000,UZS,Cash,,RCPT-N-03083,Completed,Tuition,Feb tuition; source: TEMURBEK SCHOOL - Shaxobov Temurbek 2026 50 %.csv line 370,,,,,,,
STU-01166,2026-04-01,340000,UZS,Cash,,RCPT-N-03084,Completed,Tuition,Aprel tuition; source: TEMURBEK SCHOOL - Shaxobov Temurbek 2026 50 %.csv line 370,,,,,,,
STU-01166,2026-05-01,340000,UZS,Cash,,RCPT-N-03085,Completed,Tuition,May tuition; source: TEMURBEK SCHOOL - Shaxobov Temurbek 2026 50 %.csv line 370,,,,,,,
STU-01167,2025-12-01,300000,UZS,Cash,,RCPT-N-03086,Completed,Tuition,Dekabr tuition; source: TEMURBEK SCHOOL - Shaxobov Temurbek 2026 50 %.csv line 371,monthly_discount,fixed,40000,340000,40000,300000,true
STU-01167,2026-01-01,300000,UZS,Cash,,RCPT-N-03087,Completed,Tuition,Yan tuition; source: TEMURBEK SCHOOL - Shaxobov Temurbek 2026 50 %.csv line 371,monthly_discount,fixed,40000,340000,40000,300000,true
STU-01167,2026-02-01,340000,UZS,Cash,,RCPT-N-03088,Completed,Tuition,Feb tuition; source: TEMURBEK SCHOOL - Shaxobov Temurbek 2026 50 %.csv line 371,,,,,,,
STU-01167,2026-04-01,340000,UZS,Cash,,RCPT-N-03089,Completed,Tuition,Aprel tuition; source: TEMURBEK SCHOOL - Shaxobov Temurbek 2026 50 %.csv line 371,,,,,,,
STU-01167,2026-05-01,340000,UZS,Cash,,RCPT-N-03090,Completed,Tuition,May tuition; source: TEMURBEK SCHOOL - Shaxobov Temurbek 2026 50 %.csv line 371,,,,,,,
STU-01168,2025-12-01,300000,UZS,Cash,,RCPT-N-03091,Completed,Tuition,Dekabr tuition; source: TEMURBEK SCHOOL - Shaxobov Temurbek 2026 50 %.csv line 372,monthly_discount,fixed,40000,340000,40000,300000,true
STU-01168,2026-01-01,300000,UZS,Cash,,RCPT-N-03092,Completed,Tuition,Yan tuition; source: TEMURBEK SCHOOL - Shaxobov Temurbek 2026 50 %.csv line 372,monthly_discount,fixed,40000,340000,40000,300000,true
STU-01168,2026-02-01,340000,UZS,Cash,,RCPT-N-03093,Completed,Tuition,Feb tuition; source: TEMURBEK SCHOOL - Shaxobov Temurbek 2026 50 %.csv line 372,,,,,,,
STU-01169,2025-12-01,300000,UZS,Cash,,RCPT-N-03094,Completed,Tuition,Dekabr tuition; source: TEMURBEK SCHOOL - Shaxobov Temurbek 2026 50 %.csv line 373,monthly_discount,fixed,40000,340000,40000,300000,true
STU-01169,2026-01-01,300000,UZS,Cash,,RCPT-N-03095,Completed,Tuition,Yan tuition; source: TEMURBEK SCHOOL - Shaxobov Temurbek 2026 50 %.csv line 373,monthly_discount,fixed,40000,340000,40000,300000,true
STU-01169,2026-02-01,340000,UZS,Cash,,RCPT-N-03096,Completed,Tuition,Feb tuition; source: TEMURBEK SCHOOL - Shaxobov Temurbek 2026 50 %.csv line 373,,,,,,,
STU-01169,2026-04-01,340000,UZS,Cash,,RCPT-N-03097,Completed,Tuition,Aprel tuition; source: TEMURBEK SCHOOL - Shaxobov Temurbek 2026 50 %.csv line 373,,,,,,,
STU-01170,2025-12-01,300000,UZS,Cash,,RCPT-N-03098,Completed,Tuition,Dekabr tuition; source: TEMURBEK SCHOOL - Shaxobov Temurbek 2026 50 %.csv line 374,monthly_discount,fixed,40000,340000,40000,300000,true
STU-01170,2026-01-01,300000,UZS,Cash,,RCPT-N-03099,Completed,Tuition,Yan tuition; source: TEMURBEK SCHOOL - Shaxobov Temurbek 2026 50 %.csv line 374,monthly_discount,fixed,40000,340000,40000,300000,true
STU-01170,2026-02-01,340000,UZS,Cash,,RCPT-N-03100,Completed,Tuition,Feb tuition; source: TEMURBEK SCHOOL - Shaxobov Temurbek 2026 50 %.csv line 374,,,,,,,
STU-01170,2026-04-01,340000,UZS,Cash,,RCPT-N-03101,Completed,Tuition,Aprel tuition; source: TEMURBEK SCHOOL - Shaxobov Temurbek 2026 50 %.csv line 374,,,,,,,
STU-01170,2026-05-01,340000,UZS,Cash,,RCPT-N-03102,Completed,Tuition,May tuition; source: TEMURBEK SCHOOL - Shaxobov Temurbek 2026 50 %.csv line 374,,,,,,,
STU-01171,2025-12-01,290000,UZS,Cash,,RCPT-N-03103,Completed,Tuition,Dekabr tuition; source: TEMURBEK SCHOOL - Shaxobov Temurbek 2026 50 %.csv line 375,monthly_discount,fixed,50000,340000,50000,290000,true
STU-01171,2026-01-01,150000,UZS,Cash,,RCPT-N-03104,Completed,Tuition,Yan tuition; source: TEMURBEK SCHOOL - Shaxobov Temurbek 2026 50 %.csv line 375,monthly_discount,fixed,190000,340000,190000,150000,true
STU-01171,2026-02-01,300000,UZS,Cash,,RCPT-N-03105,Completed,Tuition,Feb tuition; source: TEMURBEK SCHOOL - Shaxobov Temurbek 2026 50 %.csv line 375,monthly_discount,fixed,40000,340000,40000,300000,true
STU-01171,2026-04-01,340000,UZS,Cash,,RCPT-N-03106,Completed,Tuition,Aprel tuition; source: TEMURBEK SCHOOL - Shaxobov Temurbek 2026 50 %.csv line 375,,,,,,,
STU-01171,2026-05-01,270000,UZS,Cash,,RCPT-N-03107,Completed,Tuition,May tuition; source: TEMURBEK SCHOOL - Shaxobov Temurbek 2026 50 %.csv line 375,monthly_discount,fixed,70000,340000,70000,270000,true
STU-01188,2026-01-01,400000,UZS,Cash,,RCPT-N-03108,Completed,Tuition,Yanvar tuition; source: TEMURBEK SCHOOL - Shodiyev Odiljon 50%.csv line 42,,,,,,,
STU-01188,2026-02-01,280000,UZS,Cash,,RCPT-N-03109,Completed,Tuition,Fevral tuition; source: TEMURBEK SCHOOL - Shodiyev Odiljon 50%.csv line 42,monthly_discount,fixed,120000,400000,120000,280000,true
STU-01189,2026-01-01,400000,UZS,Cash,,RCPT-N-03110,Completed,Tuition,Yanvar tuition; source: TEMURBEK SCHOOL - Shodiyev Odiljon 50%.csv line 43,,,,,,,
STU-01189,2026-02-01,400000,UZS,Cash,,RCPT-N-03111,Completed,Tuition,Fevral tuition; source: TEMURBEK SCHOOL - Shodiyev Odiljon 50%.csv line 43,,,,,,,
STU-01190,2026-01-01,400000,UZS,Cash,,RCPT-N-03112,Completed,Tuition,Yanvar tuition; source: TEMURBEK SCHOOL - Shodiyev Odiljon 50%.csv line 44,,,,,,,
STU-01191,2026-01-01,400000,UZS,Cash,,RCPT-N-03113,Completed,Tuition,Yanvar tuition; source: TEMURBEK SCHOOL - Shodiyev Odiljon 50%.csv line 45,,,,,,,
STU-01191,2026-02-01,280000,UZS,Cash,,RCPT-N-03114,Completed,Tuition,Fevral tuition; source: TEMURBEK SCHOOL - Shodiyev Odiljon 50%.csv line 45,monthly_discount,fixed,120000,400000,120000,280000,true
STU-01192,2026-01-01,400000,UZS,Cash,,RCPT-N-03115,Completed,Tuition,Yanvar tuition; source: TEMURBEK SCHOOL - Shodiyev Odiljon 50%.csv line 46,,,,,,,
STU-01193,2026-01-01,400000,UZS,Cash,,RCPT-N-03116,Completed,Tuition,Yanvar tuition; source: TEMURBEK SCHOOL - Shodiyev Odiljon 50%.csv line 47,,,,,,,
STU-01194,2026-01-01,400000,UZS,Cash,,RCPT-N-03117,Completed,Tuition,Yanvar tuition; source: TEMURBEK SCHOOL - Shodiyev Odiljon 50%.csv line 48,,,,,,,
STU-01195,2026-01-01,250000,UZS,Cash,,RCPT-N-03118,Completed,Tuition,Yanvar tuition; source: TEMURBEK SCHOOL - Shodiyev Odiljon 50%.csv line 49,monthly_discount,fixed,150000,400000,150000,250000,true
STU-01196,2026-01-01,400000,UZS,Cash,,RCPT-N-03119,Completed,Tuition,Yanvar tuition; source: TEMURBEK SCHOOL - Shodiyev Odiljon 50%.csv line 50,,,,,,,
STU-01197,2026-01-01,400000,UZS,Cash,,RCPT-N-03120,Completed,Tuition,Yanvar tuition; source: TEMURBEK SCHOOL - Shodiyev Odiljon 50%.csv line 51,,,,,,,
STU-01199,2026-01-01,280000,UZS,Cash,,RCPT-N-03121,Completed,Tuition,Yanvar tuition; source: TEMURBEK SCHOOL - Shodiyev Odiljon 50%.csv line 53,monthly_discount,fixed,120000,400000,120000,280000,true
STU-01199,2026-02-01,400000,UZS,Cash,,RCPT-N-03122,Completed,Tuition,Fevral tuition; source: TEMURBEK SCHOOL - Shodiyev Odiljon 50%.csv line 53,,,,,,,
STU-01200,2026-01-01,280000,UZS,Cash,,RCPT-N-03123,Completed,Tuition,Yanvar tuition; source: TEMURBEK SCHOOL - Shodiyev Odiljon 50%.csv line 54,monthly_discount,fixed,120000,400000,120000,280000,true
STU-01200,2026-02-01,400000,UZS,Cash,,RCPT-N-03124,Completed,Tuition,Fevral tuition; source: TEMURBEK SCHOOL - Shodiyev Odiljon 50%.csv line 54,,,,,,,
STU-01201,2026-01-01,280000,UZS,Cash,,RCPT-N-03125,Completed,Tuition,Yanvar tuition; source: TEMURBEK SCHOOL - Shodiyev Odiljon 50%.csv line 55,monthly_discount,fixed,120000,400000,120000,280000,true
STU-01201,2026-02-01,400000,UZS,Cash,,RCPT-N-03126,Completed,Tuition,Fevral tuition; source: TEMURBEK SCHOOL - Shodiyev Odiljon 50%.csv line 55,,,,,,,
STU-01202,2026-01-01,280000,UZS,Cash,,RCPT-N-03127,Completed,Tuition,Yanvar tuition; source: TEMURBEK SCHOOL - Shodiyev Odiljon 50%.csv line 56,monthly_discount,fixed,120000,400000,120000,280000,true
STU-01202,2026-02-01,400000,UZS,Cash,,RCPT-N-03128,Completed,Tuition,Fevral tuition; source: TEMURBEK SCHOOL - Shodiyev Odiljon 50%.csv line 56,,,,,,,
STU-01203,2026-01-01,280000,UZS,Cash,,RCPT-N-03129,Completed,Tuition,Yanvar tuition; source: TEMURBEK SCHOOL - Shodiyev Odiljon 50%.csv line 57,monthly_discount,fixed,120000,400000,120000,280000,true
STU-01203,2026-02-01,400000,UZS,Cash,,RCPT-N-03130,Completed,Tuition,Fevral tuition; source: TEMURBEK SCHOOL - Shodiyev Odiljon 50%.csv line 57,,,,,,,
STU-01204,2025-12-01,300000,UZS,Cash,,RCPT-N-03131,Completed,Tuition,Dekabr tuition; source: TEMURBEK SCHOOL - Sodiqov Xurshid 50% (1).csv line 6,,,,,,,
STU-01204,2026-01-01,300000,UZS,Cash,,RCPT-N-03132,Completed,Tuition,Yanvar tuition; source: TEMURBEK SCHOOL - Sodiqov Xurshid 50% (1).csv line 6,,,,,,,
STU-01204,2026-02-01,300000,UZS,Cash,,RCPT-N-03133,Completed,Tuition,Fevral tuition; source: TEMURBEK SCHOOL - Sodiqov Xurshid 50% (1).csv line 6,,,,,,,
STU-01204,2026-03-01,330000,UZS,Cash,,RCPT-N-03134,Completed,Tuition,Mart tuition; source: TEMURBEK SCHOOL - Sodiqov Xurshid 50% (1).csv line 6,,,,,,,
STU-01204,2026-04-01,330000,UZS,Cash,,RCPT-N-03135,Completed,Tuition,Aprel tuition; source: TEMURBEK SCHOOL - Sodiqov Xurshid 50% (1).csv line 6,,,,,,,
STU-01204,2026-05-01,340000,UZS,Cash,,RCPT-N-03136,Completed,Tuition,May tuition; source: TEMURBEK SCHOOL - Sodiqov Xurshid 50% (1).csv line 6,,,,,,,
STU-01205,2025-12-01,300000,UZS,Cash,,RCPT-N-03137,Completed,Tuition,Dekabr tuition; source: TEMURBEK SCHOOL - Sodiqov Xurshid 50% (1).csv line 7,,,,,,,
STU-01205,2026-01-01,300000,UZS,Cash,,RCPT-N-03138,Completed,Tuition,Yanvar tuition; source: TEMURBEK SCHOOL - Sodiqov Xurshid 50% (1).csv line 7,,,,,,,
STU-01205,2026-02-01,300000,UZS,Cash,,RCPT-N-03139,Completed,Tuition,Fevral tuition; source: TEMURBEK SCHOOL - Sodiqov Xurshid 50% (1).csv line 7,,,,,,,
STU-01205,2026-03-01,330000,UZS,Cash,,RCPT-N-03140,Completed,Tuition,Mart tuition; source: TEMURBEK SCHOOL - Sodiqov Xurshid 50% (1).csv line 7,,,,,,,
STU-01205,2026-04-01,330000,UZS,Cash,,RCPT-N-03141,Completed,Tuition,Aprel tuition; source: TEMURBEK SCHOOL - Sodiqov Xurshid 50% (1).csv line 7,,,,,,,
STU-01205,2026-05-01,330000,UZS,Cash,,RCPT-N-03142,Completed,Tuition,May tuition; source: TEMURBEK SCHOOL - Sodiqov Xurshid 50% (1).csv line 7,,,,,,,
STU-01205,2026-09-01,270000,UZS,Cash,,RCPT-N-03143,Completed,Tuition,Sentabr tuition; source: TEMURBEK SCHOOL - Sodiqov Xurshid 50% (1).csv line 7,monthly_discount,fixed,30000,300000,30000,270000,true
STU-01206,2025-12-01,300000,UZS,Cash,,RCPT-N-03144,Completed,Tuition,Dekabr tuition; source: TEMURBEK SCHOOL - Sodiqov Xurshid 50% (1).csv line 8,,,,,,,
STU-01206,2026-01-01,300000,UZS,Cash,,RCPT-N-03145,Completed,Tuition,Yanvar tuition; source: TEMURBEK SCHOOL - Sodiqov Xurshid 50% (1).csv line 8,,,,,,,
STU-01206,2026-02-01,300000,UZS,Cash,,RCPT-N-03146,Completed,Tuition,Fevral tuition; source: TEMURBEK SCHOOL - Sodiqov Xurshid 50% (1).csv line 8,,,,,,,
STU-01206,2026-03-01,300000,UZS,Cash,,RCPT-N-03147,Completed,Tuition,Mart tuition; source: TEMURBEK SCHOOL - Sodiqov Xurshid 50% (1).csv line 8,,,,,,,
STU-01206,2026-04-01,330000,UZS,Cash,,RCPT-N-03148,Completed,Tuition,Aprel tuition; source: TEMURBEK SCHOOL - Sodiqov Xurshid 50% (1).csv line 8,,,,,,,
STU-01206,2026-05-01,330000,UZS,Cash,,RCPT-N-03149,Completed,Tuition,May tuition; source: TEMURBEK SCHOOL - Sodiqov Xurshid 50% (1).csv line 8,,,,,,,
STU-01206,2026-09-01,270000,UZS,Cash,,RCPT-N-03150,Completed,Tuition,Sentabr tuition; source: TEMURBEK SCHOOL - Sodiqov Xurshid 50% (1).csv line 8,monthly_discount,fixed,30000,300000,30000,270000,true
STU-01207,2025-12-01,300000,UZS,Cash,,RCPT-N-03151,Completed,Tuition,Dekabr tuition; source: TEMURBEK SCHOOL - Sodiqov Xurshid 50% (1).csv line 9,,,,,,,
STU-01207,2026-01-01,300000,UZS,Cash,,RCPT-N-03152,Completed,Tuition,Yanvar tuition; source: TEMURBEK SCHOOL - Sodiqov Xurshid 50% (1).csv line 9,,,,,,,
STU-01207,2026-02-01,300000,UZS,Cash,,RCPT-N-03153,Completed,Tuition,Fevral tuition; source: TEMURBEK SCHOOL - Sodiqov Xurshid 50% (1).csv line 9,,,,,,,
STU-01207,2026-03-01,330000,UZS,Cash,,RCPT-N-03154,Completed,Tuition,Mart tuition; source: TEMURBEK SCHOOL - Sodiqov Xurshid 50% (1).csv line 9,,,,,,,
STU-01207,2026-04-01,330000,UZS,Cash,,RCPT-N-03155,Completed,Tuition,Aprel tuition; source: TEMURBEK SCHOOL - Sodiqov Xurshid 50% (1).csv line 9,,,,,,,
STU-01207,2026-05-01,330000,UZS,Cash,,RCPT-N-03156,Completed,Tuition,May tuition; source: TEMURBEK SCHOOL - Sodiqov Xurshid 50% (1).csv line 9,,,,,,,
STU-01208,2025-12-01,300000,UZS,Cash,,RCPT-N-03157,Completed,Tuition,Dekabr tuition; source: TEMURBEK SCHOOL - Sodiqov Xurshid 50% (1).csv line 10,,,,,,,
STU-01208,2026-01-01,300000,UZS,Cash,,RCPT-N-03158,Completed,Tuition,Yanvar tuition; source: TEMURBEK SCHOOL - Sodiqov Xurshid 50% (1).csv line 10,,,,,,,
STU-01208,2026-02-01,300000,UZS,Cash,,RCPT-N-03159,Completed,Tuition,Fevral tuition; source: TEMURBEK SCHOOL - Sodiqov Xurshid 50% (1).csv line 10,,,,,,,
STU-01208,2026-03-01,320000,UZS,Cash,,RCPT-N-03160,Completed,Tuition,Mart tuition; source: TEMURBEK SCHOOL - Sodiqov Xurshid 50% (1).csv line 10,,,,,,,
STU-01208,2026-04-01,330000,UZS,Cash,,RCPT-N-03161,Completed,Tuition,Aprel tuition; source: TEMURBEK SCHOOL - Sodiqov Xurshid 50% (1).csv line 10,,,,,,,
STU-01208,2026-05-01,330000,UZS,Cash,,RCPT-N-03162,Completed,Tuition,May tuition; source: TEMURBEK SCHOOL - Sodiqov Xurshid 50% (1).csv line 10,,,,,,,
STU-01209,2025-12-01,300000,UZS,Cash,,RCPT-N-03163,Completed,Tuition,Dekabr tuition; source: TEMURBEK SCHOOL - Sodiqov Xurshid 50% (1).csv line 11,,,,,,,
STU-01209,2026-01-01,300000,UZS,Cash,,RCPT-N-03164,Completed,Tuition,Yanvar tuition; source: TEMURBEK SCHOOL - Sodiqov Xurshid 50% (1).csv line 11,,,,,,,
STU-01209,2026-02-01,300000,UZS,Cash,,RCPT-N-03165,Completed,Tuition,Fevral tuition; source: TEMURBEK SCHOOL - Sodiqov Xurshid 50% (1).csv line 11,,,,,,,
STU-01209,2026-03-01,330000,UZS,Cash,,RCPT-N-03166,Completed,Tuition,Mart tuition; source: TEMURBEK SCHOOL - Sodiqov Xurshid 50% (1).csv line 11,,,,,,,
STU-01209,2026-04-01,330000,UZS,Cash,,RCPT-N-03167,Completed,Tuition,Aprel tuition; source: TEMURBEK SCHOOL - Sodiqov Xurshid 50% (1).csv line 11,,,,,,,
STU-01209,2026-05-01,330000,UZS,Cash,,RCPT-N-03168,Completed,Tuition,May tuition; source: TEMURBEK SCHOOL - Sodiqov Xurshid 50% (1).csv line 11,,,,,,,
STU-01210,2025-12-01,270000,UZS,Cash,,RCPT-N-03169,Completed,Tuition,Dekabr tuition; source: TEMURBEK SCHOOL - Sodiqov Xurshid 50% (1).csv line 12,serial_discount,fixed,30000,300000,30000,270000,true
STU-01210,2026-01-01,270000,UZS,Cash,,RCPT-N-03170,Completed,Tuition,Yanvar tuition; source: TEMURBEK SCHOOL - Sodiqov Xurshid 50% (1).csv line 12,serial_discount,fixed,30000,300000,30000,270000,true
STU-01210,2026-02-01,250000,UZS,Cash,,RCPT-N-03171,Completed,Tuition,Fevral tuition; source: TEMURBEK SCHOOL - Sodiqov Xurshid 50% (1).csv line 12,monthly_discount,fixed,50000,300000,50000,250000,true
STU-01210,2026-03-01,290000,UZS,Cash,,RCPT-N-03172,Completed,Tuition,Mart tuition; source: TEMURBEK SCHOOL - Sodiqov Xurshid 50% (1).csv line 12,monthly_discount,fixed,10000,300000,10000,290000,true
STU-01210,2026-04-01,290000,UZS,Cash,,RCPT-N-03173,Completed,Tuition,Aprel tuition; source: TEMURBEK SCHOOL - Sodiqov Xurshid 50% (1).csv line 12,monthly_discount,fixed,10000,300000,10000,290000,true
STU-01210,2026-05-01,280000,UZS,Cash,,RCPT-N-03174,Completed,Tuition,May tuition; source: TEMURBEK SCHOOL - Sodiqov Xurshid 50% (1).csv line 12,monthly_discount,fixed,20000,300000,20000,280000,true
STU-01210,2026-09-01,270000,UZS,Cash,,RCPT-N-03175,Completed,Tuition,Sentabr tuition; source: TEMURBEK SCHOOL - Sodiqov Xurshid 50% (1).csv line 12,serial_discount,fixed,30000,300000,30000,270000,true
STU-01212,2025-12-01,300000,UZS,Cash,,RCPT-N-03176,Completed,Tuition,Dekabr tuition; source: TEMURBEK SCHOOL - Sodiqov Xurshid 50% (1).csv line 14,,,,,,,
STU-01212,2026-01-01,300000,UZS,Cash,,RCPT-N-03177,Completed,Tuition,Yanvar tuition; source: TEMURBEK SCHOOL - Sodiqov Xurshid 50% (1).csv line 14,,,,,,,
STU-01212,2026-02-01,300000,UZS,Cash,,RCPT-N-03178,Completed,Tuition,Fevral tuition; source: TEMURBEK SCHOOL - Sodiqov Xurshid 50% (1).csv line 14,,,,,,,
STU-01212,2026-03-01,330000,UZS,Cash,,RCPT-N-03179,Completed,Tuition,Mart tuition; source: TEMURBEK SCHOOL - Sodiqov Xurshid 50% (1).csv line 14,,,,,,,
STU-01212,2026-04-01,330000,UZS,Cash,,RCPT-N-03180,Completed,Tuition,Aprel tuition; source: TEMURBEK SCHOOL - Sodiqov Xurshid 50% (1).csv line 14,,,,,,,
STU-01212,2026-05-01,330000,UZS,Cash,,RCPT-N-03181,Completed,Tuition,May tuition; source: TEMURBEK SCHOOL - Sodiqov Xurshid 50% (1).csv line 14,,,,,,,
STU-01213,2025-12-01,300000,UZS,Cash,,RCPT-N-03182,Completed,Tuition,Dekabr tuition; source: TEMURBEK SCHOOL - Sodiqov Xurshid 50% (1).csv line 15,,,,,,,
STU-01213,2026-01-01,300000,UZS,Cash,,RCPT-N-03183,Completed,Tuition,Yanvar tuition; source: TEMURBEK SCHOOL - Sodiqov Xurshid 50% (1).csv line 15,,,,,,,
STU-01213,2026-02-01,300000,UZS,Cash,,RCPT-N-03184,Completed,Tuition,Fevral tuition; source: TEMURBEK SCHOOL - Sodiqov Xurshid 50% (1).csv line 15,,,,,,,
STU-01213,2026-03-01,300000,UZS,Cash,,RCPT-N-03185,Completed,Tuition,Mart tuition; source: TEMURBEK SCHOOL - Sodiqov Xurshid 50% (1).csv line 15,,,,,,,
STU-01213,2026-04-01,330000,UZS,Cash,,RCPT-N-03186,Completed,Tuition,Aprel tuition; source: TEMURBEK SCHOOL - Sodiqov Xurshid 50% (1).csv line 15,,,,,,,
STU-01213,2026-05-01,330000,UZS,Cash,,RCPT-N-03187,Completed,Tuition,May tuition; source: TEMURBEK SCHOOL - Sodiqov Xurshid 50% (1).csv line 15,,,,,,,
STU-01214,2026-02-01,300000,UZS,Cash,,RCPT-N-03188,Completed,Tuition,Fevral tuition; source: TEMURBEK SCHOOL - Sodiqov Xurshid 50% (1).csv line 16,,,,,,,
STU-01214,2026-03-01,330000,UZS,Cash,,RCPT-N-03189,Completed,Tuition,Mart tuition; source: TEMURBEK SCHOOL - Sodiqov Xurshid 50% (1).csv line 16,,,,,,,
STU-01214,2026-04-01,330000,UZS,Cash,,RCPT-N-03190,Completed,Tuition,Aprel tuition; source: TEMURBEK SCHOOL - Sodiqov Xurshid 50% (1).csv line 16,,,,,,,
STU-01214,2026-05-01,330000,UZS,Cash,,RCPT-N-03191,Completed,Tuition,May tuition; source: TEMURBEK SCHOOL - Sodiqov Xurshid 50% (1).csv line 16,,,,,,,
STU-01215,2026-05-01,330000,UZS,Cash,,RCPT-N-03192,Completed,Tuition,May tuition; source: TEMURBEK SCHOOL - Sodiqov Xurshid 50% (1).csv line 17,,,,,,,
STU-01216,2025-12-01,290000,UZS,Cash,,RCPT-N-03193,Completed,Tuition,Dekabr tuition; source: TEMURBEK SCHOOL - Sodiqov Xurshid 50% (1).csv line 32,,,,,,,
STU-01216,2026-01-01,300000,UZS,Cash,,RCPT-N-03194,Completed,Tuition,Yanvar tuition; source: TEMURBEK SCHOOL - Sodiqov Xurshid 50% (1).csv line 32,,,,,,,
STU-01216,2026-02-01,290000,UZS,Cash,,RCPT-N-03195,Completed,Tuition,Fevral tuition; source: TEMURBEK SCHOOL - Sodiqov Xurshid 50% (1).csv line 32,,,,,,,
STU-01216,2026-03-01,320000,UZS,Cash,,RCPT-N-03196,Completed,Tuition,Mart tuition; source: TEMURBEK SCHOOL - Sodiqov Xurshid 50% (1).csv line 32,,,,,,,
STU-01216,2026-04-01,290000,UZS,Cash,,RCPT-N-03197,Completed,Tuition,Aprel tuition; source: TEMURBEK SCHOOL - Sodiqov Xurshid 50% (1).csv line 32,,,,,,,
STU-01216,2026-05-01,290000,UZS,Cash,,RCPT-N-03198,Completed,Tuition,May tuition; source: TEMURBEK SCHOOL - Sodiqov Xurshid 50% (1).csv line 32,,,,,,,
STU-01217,2025-12-01,50000,UZS,Cash,,RCPT-N-03199,Completed,Tuition,Dekabr tuition; source: TEMURBEK SCHOOL - Sodiqov Xurshid 50% (1).csv line 33,monthly_discount,fixed,240000,290000,240000,50000,true
STU-01217,2026-01-01,290000,UZS,Cash,,RCPT-N-03200,Completed,Tuition,Yanvar tuition; source: TEMURBEK SCHOOL - Sodiqov Xurshid 50% (1).csv line 33,,,,,,,
STU-01217,2026-02-01,145000,UZS,Cash,,RCPT-N-03201,Completed,Tuition,Fevral tuition; source: TEMURBEK SCHOOL - Sodiqov Xurshid 50% (1).csv line 33,monthly_discount,fixed,145000,290000,145000,145000,true
STU-01217,2026-03-01,290000,UZS,Cash,,RCPT-N-03202,Completed,Tuition,Mart tuition; source: TEMURBEK SCHOOL - Sodiqov Xurshid 50% (1).csv line 33,,,,,,,
STU-01217,2026-04-01,290000,UZS,Cash,,RCPT-N-03203,Completed,Tuition,Aprel tuition; source: TEMURBEK SCHOOL - Sodiqov Xurshid 50% (1).csv line 33,,,,,,,
STU-01217,2026-05-01,290000,UZS,Cash,,RCPT-N-03204,Completed,Tuition,May tuition; source: TEMURBEK SCHOOL - Sodiqov Xurshid 50% (1).csv line 33,,,,,,,
STU-01218,2025-12-01,290000,UZS,Cash,,RCPT-N-03205,Completed,Tuition,Dekabr tuition; source: TEMURBEK SCHOOL - Sodiqov Xurshid 50% (1).csv line 34,,,,,,,
STU-01218,2026-01-01,290000,UZS,Cash,,RCPT-N-03206,Completed,Tuition,Yanvar tuition; source: TEMURBEK SCHOOL - Sodiqov Xurshid 50% (1).csv line 34,,,,,,,
STU-01218,2026-02-01,290000,UZS,Cash,,RCPT-N-03207,Completed,Tuition,Fevral tuition; source: TEMURBEK SCHOOL - Sodiqov Xurshid 50% (1).csv line 34,,,,,,,
STU-01218,2026-03-01,290000,UZS,Cash,,RCPT-N-03208,Completed,Tuition,Mart tuition; source: TEMURBEK SCHOOL - Sodiqov Xurshid 50% (1).csv line 34,,,,,,,
STU-01218,2026-04-01,290000,UZS,Cash,,RCPT-N-03209,Completed,Tuition,Aprel tuition; source: TEMURBEK SCHOOL - Sodiqov Xurshid 50% (1).csv line 34,,,,,,,
STU-01218,2026-05-01,290000,UZS,Cash,,RCPT-N-03210,Completed,Tuition,May tuition; source: TEMURBEK SCHOOL - Sodiqov Xurshid 50% (1).csv line 34,,,,,,,
STU-01219,2025-12-01,250000,UZS,Cash,,RCPT-N-03211,Completed,Tuition,Dekabr tuition; source: TEMURBEK SCHOOL - Sodiqov Xurshid 50% (1).csv line 35,monthly_discount,fixed,40000,290000,40000,250000,true
STU-01219,2026-01-01,250000,UZS,Cash,,RCPT-N-03212,Completed,Tuition,Yanvar tuition; source: TEMURBEK SCHOOL - Sodiqov Xurshid 50% (1).csv line 35,monthly_discount,fixed,40000,290000,40000,250000,true
STU-01219,2026-02-01,250000,UZS,Cash,,RCPT-N-03213,Completed,Tuition,Fevral tuition; source: TEMURBEK SCHOOL - Sodiqov Xurshid 50% (1).csv line 35,monthly_discount,fixed,40000,290000,40000,250000,true
STU-01219,2026-03-01,250000,UZS,Cash,,RCPT-N-03214,Completed,Tuition,Mart tuition; source: TEMURBEK SCHOOL - Sodiqov Xurshid 50% (1).csv line 35,monthly_discount,fixed,40000,290000,40000,250000,true
STU-01219,2026-04-01,250000,UZS,Cash,,RCPT-N-03215,Completed,Tuition,Aprel tuition; source: TEMURBEK SCHOOL - Sodiqov Xurshid 50% (1).csv line 35,monthly_discount,fixed,40000,290000,40000,250000,true
STU-01219,2026-05-01,250000,UZS,Cash,,RCPT-N-03216,Completed,Tuition,May tuition; source: TEMURBEK SCHOOL - Sodiqov Xurshid 50% (1).csv line 35,monthly_discount,fixed,40000,290000,40000,250000,true
STU-01219,2026-09-01,270000,UZS,Cash,,RCPT-N-03217,Completed,Tuition,Sentabr tuition; source: TEMURBEK SCHOOL - Sodiqov Xurshid 50% (1).csv line 35,monthly_discount,fixed,20000,290000,20000,270000,true
STU-01220,2026-01-01,290000,UZS,Cash,,RCPT-N-03218,Completed,Tuition,Yanvar tuition; source: TEMURBEK SCHOOL - Sodiqov Xurshid 50% (1).csv line 36,,,,,,,
STU-01220,2026-02-01,290000,UZS,Cash,,RCPT-N-03219,Completed,Tuition,Fevral tuition; source: TEMURBEK SCHOOL - Sodiqov Xurshid 50% (1).csv line 36,,,,,,,
STU-01220,2026-03-01,290000,UZS,Cash,,RCPT-N-03220,Completed,Tuition,Mart tuition; source: TEMURBEK SCHOOL - Sodiqov Xurshid 50% (1).csv line 36,,,,,,,
STU-01220,2026-04-01,290000,UZS,Cash,,RCPT-N-03221,Completed,Tuition,Aprel tuition; source: TEMURBEK SCHOOL - Sodiqov Xurshid 50% (1).csv line 36,,,,,,,
STU-01220,2026-05-01,290000,UZS,Cash,,RCPT-N-03222,Completed,Tuition,May tuition; source: TEMURBEK SCHOOL - Sodiqov Xurshid 50% (1).csv line 36,,,,,,,
STU-01221,2025-12-01,290000,UZS,Cash,,RCPT-N-03223,Completed,Tuition,Dekabr tuition; source: TEMURBEK SCHOOL - Sodiqov Xurshid 50% (1).csv line 37,,,,,,,
STU-01221,2026-01-01,290000,UZS,Cash,,RCPT-N-03224,Completed,Tuition,Yanvar tuition; source: TEMURBEK SCHOOL - Sodiqov Xurshid 50% (1).csv line 37,,,,,,,
STU-01221,2026-02-01,290000,UZS,Cash,,RCPT-N-03225,Completed,Tuition,Fevral tuition; source: TEMURBEK SCHOOL - Sodiqov Xurshid 50% (1).csv line 37,,,,,,,
STU-01221,2026-03-01,300000,UZS,Cash,,RCPT-N-03226,Completed,Tuition,Mart tuition; source: TEMURBEK SCHOOL - Sodiqov Xurshid 50% (1).csv line 37,,,,,,,
STU-01221,2026-04-01,300000,UZS,Cash,,RCPT-N-03227,Completed,Tuition,Aprel tuition; source: TEMURBEK SCHOOL - Sodiqov Xurshid 50% (1).csv line 37,,,,,,,
STU-01221,2026-05-01,300000,UZS,Cash,,RCPT-N-03228,Completed,Tuition,May tuition; source: TEMURBEK SCHOOL - Sodiqov Xurshid 50% (1).csv line 37,,,,,,,
STU-01222,2025-12-01,290000,UZS,Cash,,RCPT-N-03229,Completed,Tuition,Dekabr tuition; source: TEMURBEK SCHOOL - Sodiqov Xurshid 50% (1).csv line 38,,,,,,,
STU-01222,2026-01-01,290000,UZS,Cash,,RCPT-N-03230,Completed,Tuition,Yanvar tuition; source: TEMURBEK SCHOOL - Sodiqov Xurshid 50% (1).csv line 38,,,,,,,
STU-01222,2026-02-01,170000,UZS,Cash,,RCPT-N-03231,Completed,Tuition,Fevral tuition; source: TEMURBEK SCHOOL - Sodiqov Xurshid 50% (1).csv line 38,monthly_discount,fixed,120000,290000,120000,170000,true
STU-01222,2026-03-01,290000,UZS,Cash,,RCPT-N-03232,Completed,Tuition,Mart tuition; source: TEMURBEK SCHOOL - Sodiqov Xurshid 50% (1).csv line 38,,,,,,,
STU-01222,2026-04-01,300000,UZS,Cash,,RCPT-N-03233,Completed,Tuition,Aprel tuition; source: TEMURBEK SCHOOL - Sodiqov Xurshid 50% (1).csv line 38,,,,,,,
STU-01222,2026-05-01,290000,UZS,Cash,,RCPT-N-03234,Completed,Tuition,May tuition; source: TEMURBEK SCHOOL - Sodiqov Xurshid 50% (1).csv line 38,,,,,,,
STU-01223,2025-12-01,290000,UZS,Cash,,RCPT-N-03235,Completed,Tuition,Dekabr tuition; source: TEMURBEK SCHOOL - Sodiqov Xurshid 50% (1).csv line 39,,,,,,,
STU-01223,2026-01-01,290000,UZS,Cash,,RCPT-N-03236,Completed,Tuition,Yanvar tuition; source: TEMURBEK SCHOOL - Sodiqov Xurshid 50% (1).csv line 39,,,,,,,
STU-01223,2026-02-01,240000,UZS,Cash,,RCPT-N-03237,Completed,Tuition,Fevral tuition; source: TEMURBEK SCHOOL - Sodiqov Xurshid 50% (1).csv line 39,monthly_discount,fixed,50000,290000,50000,240000,true
STU-01223,2026-03-01,200000,UZS,Cash,,RCPT-N-03238,Completed,Tuition,Mart tuition; source: TEMURBEK SCHOOL - Sodiqov Xurshid 50% (1).csv line 39,monthly_discount,fixed,90000,290000,90000,200000,true
STU-01223,2026-04-01,300000,UZS,Cash,,RCPT-N-03239,Completed,Tuition,Aprel tuition; source: TEMURBEK SCHOOL - Sodiqov Xurshid 50% (1).csv line 39,,,,,,,
STU-01223,2026-05-01,300000,UZS,Cash,,RCPT-N-03240,Completed,Tuition,May tuition; source: TEMURBEK SCHOOL - Sodiqov Xurshid 50% (1).csv line 39,,,,,,,
STU-01224,2025-12-01,280000,UZS,Cash,,RCPT-N-03241,Completed,Tuition,Dekabr tuition; source: TEMURBEK SCHOOL - Sodiqov Xurshid 50% (1).csv line 40,monthly_discount,fixed,10000,290000,10000,280000,true
STU-01224,2026-01-01,290000,UZS,Cash,,RCPT-N-03242,Completed,Tuition,Yanvar tuition; source: TEMURBEK SCHOOL - Sodiqov Xurshid 50% (1).csv line 40,,,,,,,
STU-01224,2026-02-01,290000,UZS,Cash,,RCPT-N-03243,Completed,Tuition,Fevral tuition; source: TEMURBEK SCHOOL - Sodiqov Xurshid 50% (1).csv line 40,,,,,,,
STU-01224,2026-03-01,290000,UZS,Cash,,RCPT-N-03244,Completed,Tuition,Mart tuition; source: TEMURBEK SCHOOL - Sodiqov Xurshid 50% (1).csv line 40,,,,,,,
STU-01224,2026-04-01,290000,UZS,Cash,,RCPT-N-03245,Completed,Tuition,Aprel tuition; source: TEMURBEK SCHOOL - Sodiqov Xurshid 50% (1).csv line 40,,,,,,,
STU-01224,2026-05-01,290000,UZS,Cash,,RCPT-N-03246,Completed,Tuition,May tuition; source: TEMURBEK SCHOOL - Sodiqov Xurshid 50% (1).csv line 40,,,,,,,
STU-01225,2025-12-01,290000,UZS,Cash,,RCPT-N-03247,Completed,Tuition,Dekabr tuition; source: TEMURBEK SCHOOL - Sodiqov Xurshid 50% (1).csv line 41,,,,,,,
STU-01225,2026-01-01,300000,UZS,Cash,,RCPT-N-03248,Completed,Tuition,Yanvar tuition; source: TEMURBEK SCHOOL - Sodiqov Xurshid 50% (1).csv line 41,,,,,,,
STU-01225,2026-02-01,290000,UZS,Cash,,RCPT-N-03249,Completed,Tuition,Fevral tuition; source: TEMURBEK SCHOOL - Sodiqov Xurshid 50% (1).csv line 41,,,,,,,
STU-01225,2026-03-01,290000,UZS,Cash,,RCPT-N-03250,Completed,Tuition,Mart tuition; source: TEMURBEK SCHOOL - Sodiqov Xurshid 50% (1).csv line 41,,,,,,,
STU-01225,2026-04-01,290000,UZS,Cash,,RCPT-N-03251,Completed,Tuition,Aprel tuition; source: TEMURBEK SCHOOL - Sodiqov Xurshid 50% (1).csv line 41,,,,,,,
STU-01225,2026-05-01,290000,UZS,Cash,,RCPT-N-03252,Completed,Tuition,May tuition; source: TEMURBEK SCHOOL - Sodiqov Xurshid 50% (1).csv line 41,,,,,,,
STU-01226,2025-12-01,280000,UZS,Cash,,RCPT-N-03253,Completed,Tuition,Dekabr tuition; source: TEMURBEK SCHOOL - Sodiqov Xurshid 50% (1).csv line 42,monthly_discount,fixed,10000,290000,10000,280000,true
STU-01226,2026-01-01,290000,UZS,Cash,,RCPT-N-03254,Completed,Tuition,Yanvar tuition; source: TEMURBEK SCHOOL - Sodiqov Xurshid 50% (1).csv line 42,,,,,,,
STU-01226,2026-02-01,290000,UZS,Cash,,RCPT-N-03255,Completed,Tuition,Fevral tuition; source: TEMURBEK SCHOOL - Sodiqov Xurshid 50% (1).csv line 42,,,,,,,
STU-01226,2026-03-01,290000,UZS,Cash,,RCPT-N-03256,Completed,Tuition,Mart tuition; source: TEMURBEK SCHOOL - Sodiqov Xurshid 50% (1).csv line 42,,,,,,,
STU-01226,2026-04-01,290000,UZS,Cash,,RCPT-N-03257,Completed,Tuition,Aprel tuition; source: TEMURBEK SCHOOL - Sodiqov Xurshid 50% (1).csv line 42,,,,,,,
STU-01226,2026-05-01,290000,UZS,Cash,,RCPT-N-03258,Completed,Tuition,May tuition; source: TEMURBEK SCHOOL - Sodiqov Xurshid 50% (1).csv line 42,,,,,,,
STU-01227,2025-12-01,120000,UZS,Cash,,RCPT-N-03259,Completed,Tuition,Dekabr tuition; source: TEMURBEK SCHOOL - Sodiqov Xurshid 50% (1).csv line 43,monthly_discount,fixed,170000,290000,170000,120000,true
STU-01227,2026-01-01,260000,UZS,Cash,,RCPT-N-03260,Completed,Tuition,Yanvar tuition; source: TEMURBEK SCHOOL - Sodiqov Xurshid 50% (1).csv line 43,monthly_discount,fixed,30000,290000,30000,260000,true
STU-01227,2026-02-01,290000,UZS,Cash,,RCPT-N-03261,Completed,Tuition,Fevral tuition; source: TEMURBEK SCHOOL - Sodiqov Xurshid 50% (1).csv line 43,,,,,,,
STU-01227,2026-03-01,290000,UZS,Cash,,RCPT-N-03262,Completed,Tuition,Mart tuition; source: TEMURBEK SCHOOL - Sodiqov Xurshid 50% (1).csv line 43,,,,,,,
STU-01227,2026-04-01,143000,UZS,Cash,,RCPT-N-03263,Completed,Tuition,Aprel tuition; source: TEMURBEK SCHOOL - Sodiqov Xurshid 50% (1).csv line 43,monthly_discount,fixed,147000,290000,147000,143000,true
STU-01227,2026-05-01,290000,UZS,Cash,,RCPT-N-03264,Completed,Tuition,May tuition; source: TEMURBEK SCHOOL - Sodiqov Xurshid 50% (1).csv line 43,,,,,,,
STU-01228,2025-12-01,145000,UZS,Cash,,RCPT-N-03265,Completed,Tuition,Dekabr tuition; source: TEMURBEK SCHOOL - Sodiqov Xurshid 50% (1).csv line 44,monthly_discount,fixed,145000,290000,145000,145000,true
STU-01228,2026-01-01,290000,UZS,Cash,,RCPT-N-03266,Completed,Tuition,Yanvar tuition; source: TEMURBEK SCHOOL - Sodiqov Xurshid 50% (1).csv line 44,,,,,,,
STU-01228,2026-02-01,290000,UZS,Cash,,RCPT-N-03267,Completed,Tuition,Fevral tuition; source: TEMURBEK SCHOOL - Sodiqov Xurshid 50% (1).csv line 44,,,,,,,
STU-01228,2026-03-01,300000,UZS,Cash,,RCPT-N-03268,Completed,Tuition,Mart tuition; source: TEMURBEK SCHOOL - Sodiqov Xurshid 50% (1).csv line 44,,,,,,,
STU-01228,2026-04-01,300000,UZS,Cash,,RCPT-N-03269,Completed,Tuition,Aprel tuition; source: TEMURBEK SCHOOL - Sodiqov Xurshid 50% (1).csv line 44,,,,,,,
STU-01228,2026-05-01,300000,UZS,Cash,,RCPT-N-03270,Completed,Tuition,May tuition; source: TEMURBEK SCHOOL - Sodiqov Xurshid 50% (1).csv line 44,,,,,,,
STU-01229,2025-12-01,290000,UZS,Cash,,RCPT-N-03271,Completed,Tuition,Dekabr tuition; source: TEMURBEK SCHOOL - Sodiqov Xurshid 50% (1).csv line 45,,,,,,,
STU-01229,2026-01-01,290000,UZS,Cash,,RCPT-N-03272,Completed,Tuition,Yanvar tuition; source: TEMURBEK SCHOOL - Sodiqov Xurshid 50% (1).csv line 45,,,,,,,
STU-01229,2026-02-01,290000,UZS,Cash,,RCPT-N-03273,Completed,Tuition,Fevral tuition; source: TEMURBEK SCHOOL - Sodiqov Xurshid 50% (1).csv line 45,,,,,,,
STU-01229,2026-03-01,290000,UZS,Cash,,RCPT-N-03274,Completed,Tuition,Mart tuition; source: TEMURBEK SCHOOL - Sodiqov Xurshid 50% (1).csv line 45,,,,,,,
STU-01229,2026-04-01,300000,UZS,Cash,,RCPT-N-03275,Completed,Tuition,Aprel tuition; source: TEMURBEK SCHOOL - Sodiqov Xurshid 50% (1).csv line 45,,,,,,,
STU-01229,2026-05-01,290000,UZS,Cash,,RCPT-N-03276,Completed,Tuition,May tuition; source: TEMURBEK SCHOOL - Sodiqov Xurshid 50% (1).csv line 45,,,,,,,
STU-01230,2025-12-01,145000,UZS,Cash,,RCPT-N-03277,Completed,Tuition,Dekabr tuition; source: TEMURBEK SCHOOL - Sodiqov Xurshid 50% (1).csv line 46,monthly_discount,fixed,145000,290000,145000,145000,true
STU-01230,2026-01-01,290000,UZS,Cash,,RCPT-N-03278,Completed,Tuition,Yanvar tuition; source: TEMURBEK SCHOOL - Sodiqov Xurshid 50% (1).csv line 46,,,,,,,
STU-01230,2026-02-01,290000,UZS,Cash,,RCPT-N-03279,Completed,Tuition,Fevral tuition; source: TEMURBEK SCHOOL - Sodiqov Xurshid 50% (1).csv line 46,,,,,,,
STU-01230,2026-03-01,300000,UZS,Cash,,RCPT-N-03280,Completed,Tuition,Mart tuition; source: TEMURBEK SCHOOL - Sodiqov Xurshid 50% (1).csv line 46,,,,,,,
STU-01230,2026-04-01,290000,UZS,Cash,,RCPT-N-03281,Completed,Tuition,Aprel tuition; source: TEMURBEK SCHOOL - Sodiqov Xurshid 50% (1).csv line 46,,,,,,,
STU-01230,2026-05-01,290000,UZS,Cash,,RCPT-N-03282,Completed,Tuition,May tuition; source: TEMURBEK SCHOOL - Sodiqov Xurshid 50% (1).csv line 46,,,,,,,
STU-01230,2026-09-01,270000,UZS,Cash,,RCPT-N-03283,Completed,Tuition,Sentabr tuition; source: TEMURBEK SCHOOL - Sodiqov Xurshid 50% (1).csv line 46,monthly_discount,fixed,20000,290000,20000,270000,true
STU-01231,2026-01-01,290000,UZS,Cash,,RCPT-N-03284,Completed,Tuition,Yanvar tuition; source: TEMURBEK SCHOOL - Sodiqov Xurshid 50% (1).csv line 47,,,,,,,
STU-01231,2026-02-01,290000,UZS,Cash,,RCPT-N-03285,Completed,Tuition,Fevral tuition; source: TEMURBEK SCHOOL - Sodiqov Xurshid 50% (1).csv line 47,,,,,,,
STU-01231,2026-03-01,300000,UZS,Cash,,RCPT-N-03286,Completed,Tuition,Mart tuition; source: TEMURBEK SCHOOL - Sodiqov Xurshid 50% (1).csv line 47,,,,,,,
STU-01231,2026-04-01,300000,UZS,Cash,,RCPT-N-03287,Completed,Tuition,Aprel tuition; source: TEMURBEK SCHOOL - Sodiqov Xurshid 50% (1).csv line 47,,,,,,,
STU-01231,2026-05-01,300000,UZS,Cash,,RCPT-N-03288,Completed,Tuition,May tuition; source: TEMURBEK SCHOOL - Sodiqov Xurshid 50% (1).csv line 47,,,,,,,
STU-01232,2026-03-01,290000,UZS,Cash,,RCPT-N-03289,Completed,Tuition,Mart tuition; source: TEMURBEK SCHOOL - Sodiqov Xurshid 50% (1).csv line 48,,,,,,,
STU-01232,2026-04-01,300000,UZS,Cash,,RCPT-N-03290,Completed,Tuition,Aprel tuition; source: TEMURBEK SCHOOL - Sodiqov Xurshid 50% (1).csv line 48,,,,,,,
STU-01232,2026-05-01,300000,UZS,Cash,,RCPT-N-03291,Completed,Tuition,May tuition; source: TEMURBEK SCHOOL - Sodiqov Xurshid 50% (1).csv line 48,,,,,,,
STU-01233,2026-05-01,290000,UZS,Cash,,RCPT-N-03292,Completed,Tuition,May tuition; source: TEMURBEK SCHOOL - Sodiqov Xurshid 50% (1).csv line 49,,,,,,,
STU-01234,2026-05-01,290000,UZS,Cash,,RCPT-N-03293,Completed,Tuition,May tuition; source: TEMURBEK SCHOOL - Sodiqov Xurshid 50% (1).csv line 50,,,,,,,
STU-01235,2026-09-01,250000,UZS,Cash,,RCPT-N-03294,Completed,Tuition,Sentabr tuition; source: TEMURBEK SCHOOL - Sodiqov Xurshid 50% (1).csv line 54,,,,,,,
STU-01238,2026-02-01,270000,UZS,Cash,,RCPT-N-03295,Completed,Tuition,Fevral tuition; source: TEMURBEK SCHOOL - Sodiqov Xurshid 50% (1).csv line 58,,,,,,,
STU-01238,2026-03-01,270000,UZS,Cash,,RCPT-N-03296,Completed,Tuition,Mart tuition; source: TEMURBEK SCHOOL - Sodiqov Xurshid 50% (1).csv line 58,,,,,,,
STU-01238,2026-04-01,270000,UZS,Cash,,RCPT-N-03297,Completed,Tuition,Aprel tuition; source: TEMURBEK SCHOOL - Sodiqov Xurshid 50% (1).csv line 58,,,,,,,
STU-01238,2026-05-01,270000,UZS,Cash,,RCPT-N-03298,Completed,Tuition,May tuition; source: TEMURBEK SCHOOL - Sodiqov Xurshid 50% (1).csv line 58,,,,,,,
STU-01239,2026-02-01,270000,UZS,Cash,,RCPT-N-03299,Completed,Tuition,Fevral tuition; source: TEMURBEK SCHOOL - Sodiqov Xurshid 50% (1).csv line 59,,,,,,,
STU-01239,2026-03-01,270000,UZS,Cash,,RCPT-N-03300,Completed,Tuition,Mart tuition; source: TEMURBEK SCHOOL - Sodiqov Xurshid 50% (1).csv line 59,,,,,,,
STU-01239,2026-04-01,270000,UZS,Cash,,RCPT-N-03301,Completed,Tuition,Aprel tuition; source: TEMURBEK SCHOOL - Sodiqov Xurshid 50% (1).csv line 59,,,,,,,
STU-01239,2026-05-01,270000,UZS,Cash,,RCPT-N-03302,Completed,Tuition,May tuition; source: TEMURBEK SCHOOL - Sodiqov Xurshid 50% (1).csv line 59,,,,,,,
STU-01240,2026-02-01,270000,UZS,Cash,,RCPT-N-03303,Completed,Tuition,Fevral tuition; source: TEMURBEK SCHOOL - Sodiqov Xurshid 50% (1).csv line 60,,,,,,,
STU-01240,2026-03-01,270000,UZS,Cash,,RCPT-N-03304,Completed,Tuition,Mart tuition; source: TEMURBEK SCHOOL - Sodiqov Xurshid 50% (1).csv line 60,,,,,,,
STU-01240,2026-04-01,270000,UZS,Cash,,RCPT-N-03305,Completed,Tuition,Aprel tuition; source: TEMURBEK SCHOOL - Sodiqov Xurshid 50% (1).csv line 60,,,,,,,
STU-01240,2026-05-01,270000,UZS,Cash,,RCPT-N-03306,Completed,Tuition,May tuition; source: TEMURBEK SCHOOL - Sodiqov Xurshid 50% (1).csv line 60,,,,,,,
STU-01241,2026-02-01,270000,UZS,Cash,,RCPT-N-03307,Completed,Tuition,Fevral tuition; source: TEMURBEK SCHOOL - Sodiqov Xurshid 50% (1).csv line 61,,,,,,,
STU-01241,2026-03-01,270000,UZS,Cash,,RCPT-N-03308,Completed,Tuition,Mart tuition; source: TEMURBEK SCHOOL - Sodiqov Xurshid 50% (1).csv line 61,,,,,,,
STU-01241,2026-04-01,270000,UZS,Cash,,RCPT-N-03309,Completed,Tuition,Aprel tuition; source: TEMURBEK SCHOOL - Sodiqov Xurshid 50% (1).csv line 61,,,,,,,
STU-01241,2026-05-01,270000,UZS,Cash,,RCPT-N-03310,Completed,Tuition,May tuition; source: TEMURBEK SCHOOL - Sodiqov Xurshid 50% (1).csv line 61,,,,,,,
STU-01242,2026-02-01,270000,UZS,Cash,,RCPT-N-03311,Completed,Tuition,Fevral tuition; source: TEMURBEK SCHOOL - Sodiqov Xurshid 50% (1).csv line 62,,,,,,,
STU-01242,2026-03-01,270000,UZS,Cash,,RCPT-N-03312,Completed,Tuition,Mart tuition; source: TEMURBEK SCHOOL - Sodiqov Xurshid 50% (1).csv line 62,,,,,,,
STU-01242,2026-04-01,270000,UZS,Cash,,RCPT-N-03313,Completed,Tuition,Aprel tuition; source: TEMURBEK SCHOOL - Sodiqov Xurshid 50% (1).csv line 62,,,,,,,
STU-01242,2026-05-01,270000,UZS,Cash,,RCPT-N-03314,Completed,Tuition,May tuition; source: TEMURBEK SCHOOL - Sodiqov Xurshid 50% (1).csv line 62,,,,,,,
STU-01243,2026-02-01,270000,UZS,Cash,,RCPT-N-03315,Completed,Tuition,Fevral tuition; source: TEMURBEK SCHOOL - Sodiqov Xurshid 50% (1).csv line 63,,,,,,,
STU-01243,2026-03-01,270000,UZS,Cash,,RCPT-N-03316,Completed,Tuition,Mart tuition; source: TEMURBEK SCHOOL - Sodiqov Xurshid 50% (1).csv line 63,,,,,,,
STU-01243,2026-04-01,270000,UZS,Cash,,RCPT-N-03317,Completed,Tuition,Aprel tuition; source: TEMURBEK SCHOOL - Sodiqov Xurshid 50% (1).csv line 63,,,,,,,
STU-01243,2026-05-01,270000,UZS,Cash,,RCPT-N-03318,Completed,Tuition,May tuition; source: TEMURBEK SCHOOL - Sodiqov Xurshid 50% (1).csv line 63,,,,,,,
STU-01244,2026-02-01,270000,UZS,Cash,,RCPT-N-03319,Completed,Tuition,Fevral tuition; source: TEMURBEK SCHOOL - Sodiqov Xurshid 50% (1).csv line 64,,,,,,,
STU-01244,2026-03-01,270000,UZS,Cash,,RCPT-N-03320,Completed,Tuition,Mart tuition; source: TEMURBEK SCHOOL - Sodiqov Xurshid 50% (1).csv line 64,,,,,,,
STU-01244,2026-04-01,270000,UZS,Cash,,RCPT-N-03321,Completed,Tuition,Aprel tuition; source: TEMURBEK SCHOOL - Sodiqov Xurshid 50% (1).csv line 64,,,,,,,
STU-01244,2026-05-01,270000,UZS,Cash,,RCPT-N-03322,Completed,Tuition,May tuition; source: TEMURBEK SCHOOL - Sodiqov Xurshid 50% (1).csv line 64,,,,,,,
STU-01245,2026-02-01,270000,UZS,Cash,,RCPT-N-03323,Completed,Tuition,Fevral tuition; source: TEMURBEK SCHOOL - Sodiqov Xurshid 50% (1).csv line 65,,,,,,,
STU-01245,2026-03-01,270000,UZS,Cash,,RCPT-N-03324,Completed,Tuition,Mart tuition; source: TEMURBEK SCHOOL - Sodiqov Xurshid 50% (1).csv line 65,,,,,,,
STU-01245,2026-04-01,270000,UZS,Cash,,RCPT-N-03325,Completed,Tuition,Aprel tuition; source: TEMURBEK SCHOOL - Sodiqov Xurshid 50% (1).csv line 65,,,,,,,
STU-01245,2026-05-01,270000,UZS,Cash,,RCPT-N-03326,Completed,Tuition,May tuition; source: TEMURBEK SCHOOL - Sodiqov Xurshid 50% (1).csv line 65,,,,,,,
STU-01246,2026-02-01,270000,UZS,Cash,,RCPT-N-03327,Completed,Tuition,Fevral tuition; source: TEMURBEK SCHOOL - Sodiqov Xurshid 50% (1).csv line 66,,,,,,,
STU-01246,2026-03-01,270000,UZS,Cash,,RCPT-N-03328,Completed,Tuition,Mart tuition; source: TEMURBEK SCHOOL - Sodiqov Xurshid 50% (1).csv line 66,,,,,,,
STU-01246,2026-04-01,270000,UZS,Cash,,RCPT-N-03329,Completed,Tuition,Aprel tuition; source: TEMURBEK SCHOOL - Sodiqov Xurshid 50% (1).csv line 66,,,,,,,
STU-01246,2026-05-01,280000,UZS,Cash,,RCPT-N-03330,Completed,Tuition,May tuition; source: TEMURBEK SCHOOL - Sodiqov Xurshid 50% (1).csv line 66,,,,,,,
STU-01247,2026-02-01,270000,UZS,Cash,,RCPT-N-03331,Completed,Tuition,Fevral tuition; source: TEMURBEK SCHOOL - Sodiqov Xurshid 50% (1).csv line 67,,,,,,,
STU-01247,2026-03-01,270000,UZS,Cash,,RCPT-N-03332,Completed,Tuition,Mart tuition; source: TEMURBEK SCHOOL - Sodiqov Xurshid 50% (1).csv line 67,,,,,,,
STU-01247,2026-04-01,270000,UZS,Cash,,RCPT-N-03333,Completed,Tuition,Aprel tuition; source: TEMURBEK SCHOOL - Sodiqov Xurshid 50% (1).csv line 67,,,,,,,
STU-01247,2026-05-01,280000,UZS,Cash,,RCPT-N-03334,Completed,Tuition,May tuition; source: TEMURBEK SCHOOL - Sodiqov Xurshid 50% (1).csv line 67,,,,,,,
STU-01248,2026-02-01,270000,UZS,Cash,,RCPT-N-03335,Completed,Tuition,Fevral tuition; source: TEMURBEK SCHOOL - Sodiqov Xurshid 50% (1).csv line 68,,,,,,,
STU-01248,2026-03-01,270000,UZS,Cash,,RCPT-N-03336,Completed,Tuition,Mart tuition; source: TEMURBEK SCHOOL - Sodiqov Xurshid 50% (1).csv line 68,,,,,,,
STU-01248,2026-04-01,270000,UZS,Cash,,RCPT-N-03337,Completed,Tuition,Aprel tuition; source: TEMURBEK SCHOOL - Sodiqov Xurshid 50% (1).csv line 68,,,,,,,
STU-01248,2026-05-01,270000,UZS,Cash,,RCPT-N-03338,Completed,Tuition,May tuition; source: TEMURBEK SCHOOL - Sodiqov Xurshid 50% (1).csv line 68,,,,,,,
STU-01249,2026-02-01,180000,UZS,Cash,,RCPT-N-03339,Completed,Tuition,Fevral tuition; source: TEMURBEK SCHOOL - Sodiqov Xurshid 50% (1).csv line 69,monthly_discount,fixed,90000,270000,90000,180000,true
STU-01249,2026-03-01,270000,UZS,Cash,,RCPT-N-03340,Completed,Tuition,Mart tuition; source: TEMURBEK SCHOOL - Sodiqov Xurshid 50% (1).csv line 69,,,,,,,
STU-01249,2026-04-01,270000,UZS,Cash,,RCPT-N-03341,Completed,Tuition,Aprel tuition; source: TEMURBEK SCHOOL - Sodiqov Xurshid 50% (1).csv line 69,,,,,,,
STU-01249,2026-05-01,270000,UZS,Cash,,RCPT-N-03342,Completed,Tuition,May tuition; source: TEMURBEK SCHOOL - Sodiqov Xurshid 50% (1).csv line 69,,,,,,,
STU-01250,2026-02-01,270000,UZS,Cash,,RCPT-N-03343,Completed,Tuition,Fevral tuition; source: TEMURBEK SCHOOL - Sodiqov Xurshid 50% (1).csv line 70,,,,,,,
STU-01250,2026-03-01,270000,UZS,Cash,,RCPT-N-03344,Completed,Tuition,Mart tuition; source: TEMURBEK SCHOOL - Sodiqov Xurshid 50% (1).csv line 70,,,,,,,
STU-01250,2026-04-01,270000,UZS,Cash,,RCPT-N-03345,Completed,Tuition,Aprel tuition; source: TEMURBEK SCHOOL - Sodiqov Xurshid 50% (1).csv line 70,,,,,,,
STU-01250,2026-05-01,270000,UZS,Cash,,RCPT-N-03346,Completed,Tuition,May tuition; source: TEMURBEK SCHOOL - Sodiqov Xurshid 50% (1).csv line 70,,,,,,,
STU-01251,2026-03-01,135000,UZS,Cash,,RCPT-N-03347,Completed,Tuition,Mart tuition; source: TEMURBEK SCHOOL - Sodiqov Xurshid 50% (1).csv line 71,monthly_discount,fixed,135000,270000,135000,135000,true
STU-01251,2026-04-01,270000,UZS,Cash,,RCPT-N-03348,Completed,Tuition,Aprel tuition; source: TEMURBEK SCHOOL - Sodiqov Xurshid 50% (1).csv line 71,,,,,,,
STU-01251,2026-05-01,270000,UZS,Cash,,RCPT-N-03349,Completed,Tuition,May tuition; source: TEMURBEK SCHOOL - Sodiqov Xurshid 50% (1).csv line 71,,,,,,,
STU-01252,2026-03-01,200000,UZS,Cash,,RCPT-N-03350,Completed,Tuition,Mart tuition; source: TEMURBEK SCHOOL - Sodiqov Xurshid 50% (1).csv line 72,monthly_discount,fixed,70000,270000,70000,200000,true
STU-01252,2026-04-01,270000,UZS,Cash,,RCPT-N-03351,Completed,Tuition,Aprel tuition; source: TEMURBEK SCHOOL - Sodiqov Xurshid 50% (1).csv line 72,,,,,,,
STU-01252,2026-05-01,270000,UZS,Cash,,RCPT-N-03352,Completed,Tuition,May tuition; source: TEMURBEK SCHOOL - Sodiqov Xurshid 50% (1).csv line 72,,,,,,,
STU-01253,2026-03-01,270000,UZS,Cash,,RCPT-N-03353,Completed,Tuition,Mart tuition; source: TEMURBEK SCHOOL - Sodiqov Xurshid 50% (1).csv line 73,,,,,,,
STU-01253,2026-04-01,270000,UZS,Cash,,RCPT-N-03354,Completed,Tuition,Aprel tuition; source: TEMURBEK SCHOOL - Sodiqov Xurshid 50% (1).csv line 73,,,,,,,
STU-01253,2026-05-01,270000,UZS,Cash,,RCPT-N-03355,Completed,Tuition,May tuition; source: TEMURBEK SCHOOL - Sodiqov Xurshid 50% (1).csv line 73,,,,,,,
STU-01254,2026-05-01,270000,UZS,Cash,,RCPT-N-03356,Completed,Tuition,May tuition; source: TEMURBEK SCHOOL - Sodiqov Xurshid 50% (1).csv line 74,,,,,,,
STU-01255,2026-05-01,270000,UZS,Cash,,RCPT-N-03357,Completed,Tuition,May tuition; source: TEMURBEK SCHOOL - Sodiqov Xurshid 50% (1).csv line 75,,,,,,,
STU-01256,2026-09-01,250000,UZS,Cash,,RCPT-N-03358,Completed,Tuition,Sentabr tuition; source: TEMURBEK SCHOOL - Sodiqov Xurshid 50% (1).csv line 77,monthly_discount,fixed,20000,270000,20000,250000,true
STU-01261,2026-09-01,270000,UZS,Cash,,RCPT-N-03359,Completed,Tuition,Sentabr tuition; source: TEMURBEK SCHOOL - Sodiqov Xurshid 50% (1).csv line 82,,,,,,,
STU-01264,2026-09-01,270000,UZS,Cash,,RCPT-N-03360,Completed,Tuition,Sentabr tuition; source: TEMURBEK SCHOOL - Sodiqov Xurshid 50% (1).csv line 85,,,,,,,
STU-01276,2026-06-01,250000,UZS,Cash,,RCPT-N-03361,Completed,Tuition,Iyun tuition; source: TEMURBEK SCHOOL - Sodiqov Xurshid 50% (1).csv line 207,monthly_discount,fixed,20000,270000,20000,250000,true
STU-01276,2026-07-01,270000,UZS,Cash,,RCPT-N-03362,Completed,Tuition,Iyul tuition; source: TEMURBEK SCHOOL - Sodiqov Xurshid 50% (1).csv line 207,,,,,,,
STU-01276,2026-08-01,270000,UZS,Cash,,RCPT-N-03363,Completed,Tuition,Avgust tuition; source: TEMURBEK SCHOOL - Sodiqov Xurshid 50% (1).csv line 207,,,,,,,
STU-01277,2026-06-01,250000,UZS,Cash,,RCPT-N-03364,Completed,Tuition,Iyun tuition; source: TEMURBEK SCHOOL - Sodiqov Xurshid 50% (1).csv line 208,serial_discount,fixed,20000,270000,20000,250000,true
STU-01277,2026-07-01,250000,UZS,Cash,,RCPT-N-03365,Completed,Tuition,Iyul tuition; source: TEMURBEK SCHOOL - Sodiqov Xurshid 50% (1).csv line 208,serial_discount,fixed,20000,270000,20000,250000,true
STU-01278,2026-06-01,225000,UZS,Cash,,RCPT-N-03366,Completed,Tuition,Iyun tuition; source: TEMURBEK SCHOOL - Sodiqov Xurshid 50% (1).csv line 209,monthly_discount,fixed,45000,270000,45000,225000,true
STU-01278,2026-07-01,270000,UZS,Cash,,RCPT-N-03367,Completed,Tuition,Iyul tuition; source: TEMURBEK SCHOOL - Sodiqov Xurshid 50% (1).csv line 209,,,,,,,
STU-01278,2026-08-01,270000,UZS,Cash,,RCPT-N-03368,Completed,Tuition,Avgust tuition; source: TEMURBEK SCHOOL - Sodiqov Xurshid 50% (1).csv line 209,,,,,,,
STU-01279,2026-06-01,225000,UZS,Cash,,RCPT-N-03369,Completed,Tuition,Iyun tuition; source: TEMURBEK SCHOOL - Sodiqov Xurshid 50% (1).csv line 210,monthly_discount,fixed,45000,270000,45000,225000,true
STU-01279,2026-07-01,220000,UZS,Cash,,RCPT-N-03370,Completed,Tuition,Iyul tuition; source: TEMURBEK SCHOOL - Sodiqov Xurshid 50% (1).csv line 210,monthly_discount,fixed,50000,270000,50000,220000,true
STU-01279,2026-08-01,230000,UZS,Cash,,RCPT-N-03371,Completed,Tuition,Avgust tuition; source: TEMURBEK SCHOOL - Sodiqov Xurshid 50% (1).csv line 210,monthly_discount,fixed,40000,270000,40000,230000,true
STU-01280,2026-06-01,270000,UZS,Cash,,RCPT-N-03372,Completed,Tuition,Iyun tuition; source: TEMURBEK SCHOOL - Sodiqov Xurshid 50% (1).csv line 211,,,,,,,
STU-01280,2026-07-01,270000,UZS,Cash,,RCPT-N-03373,Completed,Tuition,Iyul tuition; source: TEMURBEK SCHOOL - Sodiqov Xurshid 50% (1).csv line 211,,,,,,,
STU-01280,2026-08-01,270000,UZS,Cash,,RCPT-N-03374,Completed,Tuition,Avgust tuition; source: TEMURBEK SCHOOL - Sodiqov Xurshid 50% (1).csv line 211,,,,,,,
STU-01281,2026-06-01,270000,UZS,Cash,,RCPT-N-03375,Completed,Tuition,Iyun tuition; source: TEMURBEK SCHOOL - Sodiqov Xurshid 50% (1).csv line 212,,,,,,,
STU-01281,2026-07-01,270000,UZS,Cash,,RCPT-N-03376,Completed,Tuition,Iyul tuition; source: TEMURBEK SCHOOL - Sodiqov Xurshid 50% (1).csv line 212,,,,,,,
STU-01281,2026-08-01,270000,UZS,Cash,,RCPT-N-03377,Completed,Tuition,Avgust tuition; source: TEMURBEK SCHOOL - Sodiqov Xurshid 50% (1).csv line 212,,,,,,,
STU-01282,2026-06-01,260000,UZS,Cash,,RCPT-N-03378,Completed,Tuition,Iyun tuition; source: TEMURBEK SCHOOL - Sodiqov Xurshid 50% (1).csv line 213,monthly_discount,fixed,10000,270000,10000,260000,true
STU-01282,2026-07-01,270000,UZS,Cash,,RCPT-N-03379,Completed,Tuition,Iyul tuition; source: TEMURBEK SCHOOL - Sodiqov Xurshid 50% (1).csv line 213,,,,,,,
STU-01282,2026-08-01,270000,UZS,Cash,,RCPT-N-03380,Completed,Tuition,Avgust tuition; source: TEMURBEK SCHOOL - Sodiqov Xurshid 50% (1).csv line 213,,,,,,,
STU-01282,2026-09-01,270000,UZS,Cash,,RCPT-N-03381,Completed,Tuition,Sentabr tuition; source: TEMURBEK SCHOOL - Sodiqov Xurshid 50% (1).csv line 213,,,,,,,
STU-01283,2026-06-01,270000,UZS,Cash,,RCPT-N-03382,Completed,Tuition,Iyun tuition; source: TEMURBEK SCHOOL - Sodiqov Xurshid 50% (1).csv line 214,,,,,,,
STU-01283,2026-07-01,270000,UZS,Cash,,RCPT-N-03383,Completed,Tuition,Iyul tuition; source: TEMURBEK SCHOOL - Sodiqov Xurshid 50% (1).csv line 214,,,,,,,
STU-01283,2026-08-01,180000,UZS,Cash,,RCPT-N-03384,Completed,Tuition,Avgust tuition; source: TEMURBEK SCHOOL - Sodiqov Xurshid 50% (1).csv line 214,monthly_discount,fixed,90000,270000,90000,180000,true
STU-01284,2026-06-01,270000,UZS,Cash,,RCPT-N-03385,Completed,Tuition,Iyun tuition; source: TEMURBEK SCHOOL - Sodiqov Xurshid 50% (1).csv line 215,,,,,,,
STU-01284,2026-07-01,270000,UZS,Cash,,RCPT-N-03386,Completed,Tuition,Iyul tuition; source: TEMURBEK SCHOOL - Sodiqov Xurshid 50% (1).csv line 215,,,,,,,
STU-01285,2026-06-01,270000,UZS,Cash,,RCPT-N-03387,Completed,Tuition,Iyun tuition; source: TEMURBEK SCHOOL - Sodiqov Xurshid 50% (1).csv line 216,,,,,,,
STU-01285,2026-07-01,270000,UZS,Cash,,RCPT-N-03388,Completed,Tuition,Iyul tuition; source: TEMURBEK SCHOOL - Sodiqov Xurshid 50% (1).csv line 216,,,,,,,
STU-01285,2026-08-01,270000,UZS,Cash,,RCPT-N-03389,Completed,Tuition,Avgust tuition; source: TEMURBEK SCHOOL - Sodiqov Xurshid 50% (1).csv line 216,,,,,,,
STU-01285,2026-09-01,270000,UZS,Cash,,RCPT-N-03390,Completed,Tuition,Sentabr tuition; source: TEMURBEK SCHOOL - Sodiqov Xurshid 50% (1).csv line 216,,,,,,,
STU-01286,2026-06-01,250000,UZS,Cash,,RCPT-N-03391,Completed,Tuition,Iyun tuition; source: TEMURBEK SCHOOL - Sodiqov Xurshid 50% (1).csv line 217,monthly_discount,fixed,20000,270000,20000,250000,true
STU-01286,2026-07-01,270000,UZS,Cash,,RCPT-N-03392,Completed,Tuition,Iyul tuition; source: TEMURBEK SCHOOL - Sodiqov Xurshid 50% (1).csv line 217,,,,,,,
STU-01286,2026-08-01,270000,UZS,Cash,,RCPT-N-03393,Completed,Tuition,Avgust tuition; source: TEMURBEK SCHOOL - Sodiqov Xurshid 50% (1).csv line 217,,,,,,,
STU-01287,2026-06-01,270000,UZS,Cash,,RCPT-N-03394,Completed,Tuition,Iyun tuition; source: TEMURBEK SCHOOL - Sodiqov Xurshid 50% (1).csv line 218,,,,,,,
STU-01287,2026-07-01,270000,UZS,Cash,,RCPT-N-03395,Completed,Tuition,Iyul tuition; source: TEMURBEK SCHOOL - Sodiqov Xurshid 50% (1).csv line 218,,,,,,,
STU-01287,2026-08-01,270000,UZS,Cash,,RCPT-N-03396,Completed,Tuition,Avgust tuition; source: TEMURBEK SCHOOL - Sodiqov Xurshid 50% (1).csv line 218,,,,,,,
STU-01288,2026-06-01,270000,UZS,Cash,,RCPT-N-03397,Completed,Tuition,Iyun tuition; source: TEMURBEK SCHOOL - Sodiqov Xurshid 50% (1).csv line 219,,,,,,,
STU-01288,2026-07-01,270000,UZS,Cash,,RCPT-N-03398,Completed,Tuition,Iyul tuition; source: TEMURBEK SCHOOL - Sodiqov Xurshid 50% (1).csv line 219,,,,,,,
STU-01288,2026-08-01,270000,UZS,Cash,,RCPT-N-03399,Completed,Tuition,Avgust tuition; source: TEMURBEK SCHOOL - Sodiqov Xurshid 50% (1).csv line 219,,,,,,,
STU-01289,2026-06-01,250000,UZS,Cash,,RCPT-N-03400,Completed,Tuition,Iyun tuition; source: TEMURBEK SCHOOL - Sodiqov Xurshid 50% (1).csv line 220,monthly_discount,fixed,20000,270000,20000,250000,true
STU-01289,2026-07-01,270000,UZS,Cash,,RCPT-N-03401,Completed,Tuition,Iyul tuition; source: TEMURBEK SCHOOL - Sodiqov Xurshid 50% (1).csv line 220,,,,,,,
STU-01289,2026-08-01,270000,UZS,Cash,,RCPT-N-03402,Completed,Tuition,Avgust tuition; source: TEMURBEK SCHOOL - Sodiqov Xurshid 50% (1).csv line 220,,,,,,,
STU-01290,2026-06-01,270000,UZS,Cash,,RCPT-N-03403,Completed,Tuition,Iyun tuition; source: TEMURBEK SCHOOL - Sodiqov Xurshid 50% (1).csv line 221,,,,,,,
STU-01290,2026-07-01,270000,UZS,Cash,,RCPT-N-03404,Completed,Tuition,Iyul tuition; source: TEMURBEK SCHOOL - Sodiqov Xurshid 50% (1).csv line 221,,,,,,,
STU-01290,2026-08-01,270000,UZS,Cash,,RCPT-N-03405,Completed,Tuition,Avgust tuition; source: TEMURBEK SCHOOL - Sodiqov Xurshid 50% (1).csv line 221,,,,,,,
STU-01291,2026-06-01,250000,UZS,Cash,,RCPT-N-03406,Completed,Tuition,Iyun tuition; source: TEMURBEK SCHOOL - Sodiqov Xurshid 50% (1).csv line 222,serial_discount,fixed,20000,270000,20000,250000,true
STU-01291,2026-07-01,250000,UZS,Cash,,RCPT-N-03407,Completed,Tuition,Iyul tuition; source: TEMURBEK SCHOOL - Sodiqov Xurshid 50% (1).csv line 222,serial_discount,fixed,20000,270000,20000,250000,true
STU-01291,2026-08-01,250000,UZS,Cash,,RCPT-N-03408,Completed,Tuition,Avgust tuition; source: TEMURBEK SCHOOL - Sodiqov Xurshid 50% (1).csv line 222,serial_discount,fixed,20000,270000,20000,250000,true
STU-01292,2026-06-01,270000,UZS,Cash,,RCPT-N-03409,Completed,Tuition,Iyun tuition; source: TEMURBEK SCHOOL - Sodiqov Xurshid 50% (1).csv line 223,,,,,,,
STU-01292,2026-07-01,270000,UZS,Cash,,RCPT-N-03410,Completed,Tuition,Iyul tuition; source: TEMURBEK SCHOOL - Sodiqov Xurshid 50% (1).csv line 223,,,,,,,
STU-01292,2026-08-01,270000,UZS,Cash,,RCPT-N-03411,Completed,Tuition,Avgust tuition; source: TEMURBEK SCHOOL - Sodiqov Xurshid 50% (1).csv line 223,,,,,,,
STU-01293,2026-06-01,270000,UZS,Cash,,RCPT-N-03412,Completed,Tuition,Iyun tuition; source: TEMURBEK SCHOOL - Sodiqov Xurshid 50% (1).csv line 224,,,,,,,
STU-01293,2026-07-01,270000,UZS,Cash,,RCPT-N-03413,Completed,Tuition,Iyul tuition; source: TEMURBEK SCHOOL - Sodiqov Xurshid 50% (1).csv line 224,,,,,,,
STU-01293,2026-08-01,270000,UZS,Cash,,RCPT-N-03414,Completed,Tuition,Avgust tuition; source: TEMURBEK SCHOOL - Sodiqov Xurshid 50% (1).csv line 224,,,,,,,
STU-01294,2026-06-01,270000,UZS,Cash,,RCPT-N-03415,Completed,Tuition,Iyun tuition; source: TEMURBEK SCHOOL - Sodiqov Xurshid 50% (1).csv line 225,,,,,,,
STU-01294,2026-07-01,270000,UZS,Cash,,RCPT-N-03416,Completed,Tuition,Iyul tuition; source: TEMURBEK SCHOOL - Sodiqov Xurshid 50% (1).csv line 225,,,,,,,
STU-01294,2026-08-01,270000,UZS,Cash,,RCPT-N-03417,Completed,Tuition,Avgust tuition; source: TEMURBEK SCHOOL - Sodiqov Xurshid 50% (1).csv line 225,,,,,,,
STU-01295,2026-06-01,135000,UZS,Cash,,RCPT-N-03418,Completed,Tuition,Iyun tuition; source: TEMURBEK SCHOOL - Sodiqov Xurshid 50% (1).csv line 226,monthly_discount,fixed,135000,270000,135000,135000,true
STU-01295,2026-07-01,250000,UZS,Cash,,RCPT-N-03419,Completed,Tuition,Iyul tuition; source: TEMURBEK SCHOOL - Sodiqov Xurshid 50% (1).csv line 226,serial_discount,fixed,20000,270000,20000,250000,true
STU-01295,2026-08-01,250000,UZS,Cash,,RCPT-N-03420,Completed,Tuition,Avgust tuition; source: TEMURBEK SCHOOL - Sodiqov Xurshid 50% (1).csv line 226,serial_discount,fixed,20000,270000,20000,250000,true
STU-01296,2026-06-01,135000,UZS,Cash,,RCPT-N-03421,Completed,Tuition,Iyun tuition; source: TEMURBEK SCHOOL - Sodiqov Xurshid 50% (1).csv line 227,monthly_discount,fixed,135000,270000,135000,135000,true
STU-01296,2026-07-01,250000,UZS,Cash,,RCPT-N-03422,Completed,Tuition,Iyul tuition; source: TEMURBEK SCHOOL - Sodiqov Xurshid 50% (1).csv line 227,serial_discount,fixed,20000,270000,20000,250000,true
STU-01296,2026-08-01,250000,UZS,Cash,,RCPT-N-03423,Completed,Tuition,Avgust tuition; source: TEMURBEK SCHOOL - Sodiqov Xurshid 50% (1).csv line 227,serial_discount,fixed,20000,270000,20000,250000,true
STU-01297,2026-06-01,270000,UZS,Cash,,RCPT-N-03424,Completed,Tuition,Iyun tuition; source: TEMURBEK SCHOOL - Sodiqov Xurshid 50% (1).csv line 228,,,,,,,
STU-01297,2026-07-01,45000,UZS,Cash,,RCPT-N-03425,Completed,Tuition,Iyul tuition; source: TEMURBEK SCHOOL - Sodiqov Xurshid 50% (1).csv line 228,monthly_discount,fixed,225000,270000,225000,45000,true
STU-01297,2026-08-01,270000,UZS,Cash,,RCPT-N-03426,Completed,Tuition,Avgust tuition; source: TEMURBEK SCHOOL - Sodiqov Xurshid 50% (1).csv line 228,,,,,,,
STU-01298,2026-06-01,130000,UZS,Cash,,RCPT-N-03427,Completed,Tuition,Iyun tuition; source: TEMURBEK SCHOOL - Sodiqov Xurshid 50% (1).csv line 229,monthly_discount,fixed,140000,270000,140000,130000,true
STU-01298,2026-07-01,260000,UZS,Cash,,RCPT-N-03428,Completed,Tuition,Iyul tuition; source: TEMURBEK SCHOOL - Sodiqov Xurshid 50% (1).csv line 229,monthly_discount,fixed,10000,270000,10000,260000,true
STU-01299,2026-06-01,250000,UZS,Cash,,RCPT-N-03429,Completed,Tuition,Iyun tuition; source: TEMURBEK SCHOOL - Sodiqov Xurshid 50% (1).csv line 235,monthly_discount,fixed,50000,300000,50000,250000,true
STU-01299,2026-07-01,300000,UZS,Cash,,RCPT-N-03430,Completed,Tuition,Iyul tuition; source: TEMURBEK SCHOOL - Sodiqov Xurshid 50% (1).csv line 235,,,,,,,
STU-01299,2026-08-01,200000,UZS,Cash,,RCPT-N-03431,Completed,Tuition,Avgust tuition; source: TEMURBEK SCHOOL - Sodiqov Xurshid 50% (1).csv line 235,monthly_discount,fixed,100000,300000,100000,200000,true
STU-01300,2026-06-01,300000,UZS,Cash,,RCPT-N-03432,Completed,Tuition,Iyun tuition; source: TEMURBEK SCHOOL - Sodiqov Xurshid 50% (1).csv line 236,,,,,,,
STU-01300,2026-07-01,300000,UZS,Cash,,RCPT-N-03433,Completed,Tuition,Iyul tuition; source: TEMURBEK SCHOOL - Sodiqov Xurshid 50% (1).csv line 236,,,,,,,
STU-01300,2026-08-01,300000,UZS,Cash,,RCPT-N-03434,Completed,Tuition,Avgust tuition; source: TEMURBEK SCHOOL - Sodiqov Xurshid 50% (1).csv line 236,,,,,,,
STU-01301,2026-06-01,300000,UZS,Cash,,RCPT-N-03435,Completed,Tuition,Iyun tuition; source: TEMURBEK SCHOOL - Sodiqov Xurshid 50% (1).csv line 237,,,,,,,
STU-01301,2026-07-01,300000,UZS,Cash,,RCPT-N-03436,Completed,Tuition,Iyul tuition; source: TEMURBEK SCHOOL - Sodiqov Xurshid 50% (1).csv line 237,,,,,,,
STU-01301,2026-08-01,300000,UZS,Cash,,RCPT-N-03437,Completed,Tuition,Avgust tuition; source: TEMURBEK SCHOOL - Sodiqov Xurshid 50% (1).csv line 237,,,,,,,
STU-01302,2026-06-01,300000,UZS,Cash,,RCPT-N-03438,Completed,Tuition,Iyun tuition; source: TEMURBEK SCHOOL - Sodiqov Xurshid 50% (1).csv line 238,,,,,,,
STU-01302,2026-07-01,300000,UZS,Cash,,RCPT-N-03439,Completed,Tuition,Iyul tuition; source: TEMURBEK SCHOOL - Sodiqov Xurshid 50% (1).csv line 238,,,,,,,
STU-01303,2026-06-01,225000,UZS,Cash,,RCPT-N-03440,Completed,Tuition,Iyun tuition; source: TEMURBEK SCHOOL - Sodiqov Xurshid 50% (1).csv line 239,monthly_discount,fixed,75000,300000,75000,225000,true
STU-01303,2026-07-01,300000,UZS,Cash,,RCPT-N-03441,Completed,Tuition,Iyul tuition; source: TEMURBEK SCHOOL - Sodiqov Xurshid 50% (1).csv line 239,,,,,,,
STU-01303,2026-08-01,300000,UZS,Cash,,RCPT-N-03442,Completed,Tuition,Avgust tuition; source: TEMURBEK SCHOOL - Sodiqov Xurshid 50% (1).csv line 239,,,,,,,
STU-01304,2026-06-01,300000,UZS,Cash,,RCPT-N-03443,Completed,Tuition,Iyun tuition; source: TEMURBEK SCHOOL - Sodiqov Xurshid 50% (1).csv line 240,,,,,,,
STU-01304,2026-07-01,300000,UZS,Cash,,RCPT-N-03444,Completed,Tuition,Iyul tuition; source: TEMURBEK SCHOOL - Sodiqov Xurshid 50% (1).csv line 240,,,,,,,
STU-01304,2026-08-01,300000,UZS,Cash,,RCPT-N-03445,Completed,Tuition,Avgust tuition; source: TEMURBEK SCHOOL - Sodiqov Xurshid 50% (1).csv line 240,,,,,,,
STU-01305,2026-06-01,300000,UZS,Cash,,RCPT-N-03446,Completed,Tuition,Iyun tuition; source: TEMURBEK SCHOOL - Sodiqov Xurshid 50% (1).csv line 241,,,,,,,
STU-01305,2026-07-01,300000,UZS,Cash,,RCPT-N-03447,Completed,Tuition,Iyul tuition; source: TEMURBEK SCHOOL - Sodiqov Xurshid 50% (1).csv line 241,,,,,,,
STU-01305,2026-08-01,300000,UZS,Cash,,RCPT-N-03448,Completed,Tuition,Avgust tuition; source: TEMURBEK SCHOOL - Sodiqov Xurshid 50% (1).csv line 241,,,,,,,
STU-01306,2026-06-01,300000,UZS,Cash,,RCPT-N-03449,Completed,Tuition,Iyun tuition; source: TEMURBEK SCHOOL - Sodiqov Xurshid 50% (1).csv line 242,,,,,,,
STU-01306,2026-07-01,300000,UZS,Cash,,RCPT-N-03450,Completed,Tuition,Iyul tuition; source: TEMURBEK SCHOOL - Sodiqov Xurshid 50% (1).csv line 242,,,,,,,
STU-01306,2026-08-01,300000,UZS,Cash,,RCPT-N-03451,Completed,Tuition,Avgust tuition; source: TEMURBEK SCHOOL - Sodiqov Xurshid 50% (1).csv line 242,,,,,,,
STU-01307,2026-06-01,300000,UZS,Cash,,RCPT-N-03452,Completed,Tuition,Iyun tuition; source: TEMURBEK SCHOOL - Sodiqov Xurshid 50% (1).csv line 243,,,,,,,
STU-01307,2026-07-01,300000,UZS,Cash,,RCPT-N-03453,Completed,Tuition,Iyul tuition; source: TEMURBEK SCHOOL - Sodiqov Xurshid 50% (1).csv line 243,,,,,,,
STU-01307,2026-08-01,300000,UZS,Cash,,RCPT-N-03454,Completed,Tuition,Avgust tuition; source: TEMURBEK SCHOOL - Sodiqov Xurshid 50% (1).csv line 243,,,,,,,
STU-01307,2026-09-01,300000,UZS,Cash,,RCPT-N-03455,Completed,Tuition,Sentabr tuition; source: TEMURBEK SCHOOL - Sodiqov Xurshid 50% (1).csv line 243,,,,,,,
STU-01308,2026-06-01,300000,UZS,Cash,,RCPT-N-03456,Completed,Tuition,Iyun tuition; source: TEMURBEK SCHOOL - Sodiqov Xurshid 50% (1).csv line 244,,,,,,,
STU-01308,2026-07-01,300000,UZS,Cash,,RCPT-N-03457,Completed,Tuition,Iyul tuition; source: TEMURBEK SCHOOL - Sodiqov Xurshid 50% (1).csv line 244,,,,,,,
STU-01309,2026-06-01,270000,UZS,Cash,,RCPT-N-03458,Completed,Tuition,Iyun tuition; source: TEMURBEK SCHOOL - Sodiqov Xurshid 50% (1).csv line 245,monthly_discount,fixed,30000,300000,30000,270000,true
STU-01309,2026-07-01,340000,UZS,Cash,,RCPT-N-03459,Completed,Tuition,Iyul tuition; source: TEMURBEK SCHOOL - Sodiqov Xurshid 50% (1).csv line 245,,,,,,,
STU-01309,2026-08-01,340000,UZS,Cash,,RCPT-N-03460,Completed,Tuition,Avgust tuition; source: TEMURBEK SCHOOL - Sodiqov Xurshid 50% (1).csv line 245,,,,,,,
STU-01310,2026-06-01,300000,UZS,Cash,,RCPT-N-03461,Completed,Tuition,Iyun tuition; source: TEMURBEK SCHOOL - Sodiqov Xurshid 50% (1).csv line 246,,,,,,,
STU-01310,2026-07-01,300000,UZS,Cash,,RCPT-N-03462,Completed,Tuition,Iyul tuition; source: TEMURBEK SCHOOL - Sodiqov Xurshid 50% (1).csv line 246,,,,,,,
STU-01310,2026-08-01,300000,UZS,Cash,,RCPT-N-03463,Completed,Tuition,Avgust tuition; source: TEMURBEK SCHOOL - Sodiqov Xurshid 50% (1).csv line 246,,,,,,,
STU-01311,2026-07-01,300000,UZS,Cash,,RCPT-N-03464,Completed,Tuition,Iyul tuition; source: TEMURBEK SCHOOL - Sodiqov Xurshid 50% (1).csv line 247,,,,,,,
STU-01311,2026-08-01,300000,UZS,Cash,,RCPT-N-03465,Completed,Tuition,Avgust tuition; source: TEMURBEK SCHOOL - Sodiqov Xurshid 50% (1).csv line 247,,,,,,,
STU-01312,2026-07-01,300000,UZS,Cash,,RCPT-N-03466,Completed,Tuition,Iyul tuition; source: TEMURBEK SCHOOL - Sodiqov Xurshid 50% (1).csv line 248,,,,,,,
STU-01312,2026-08-01,300000,UZS,Cash,,RCPT-N-03467,Completed,Tuition,Avgust tuition; source: TEMURBEK SCHOOL - Sodiqov Xurshid 50% (1).csv line 248,,,,,,,
STU-01313,2026-06-01,300000,UZS,Cash,,RCPT-N-03468,Completed,Tuition,Iyun tuition; source: TEMURBEK SCHOOL - Sodiqov Xurshid 50% (1).csv line 249,,,,,,,
STU-01313,2026-08-01,300000,UZS,Cash,,RCPT-N-03469,Completed,Tuition,Avgust tuition; source: TEMURBEK SCHOOL - Sodiqov Xurshid 50% (1).csv line 249,,,,,,,
STU-01314,2026-05-01,270000,UZS,Cash,,RCPT-N-03470,Completed,Tuition,May tuition; source: TEMURBEK SCHOOL - Sodiqov Xurshid 50% (1).csv line 256,monthly_discount,fixed,30000,300000,30000,270000,true
STU-01314,2026-06-01,300000,UZS,Cash,,RCPT-N-03471,Completed,Tuition,Iyun tuition; source: TEMURBEK SCHOOL - Sodiqov Xurshid 50% (1).csv line 256,,,,,,,
STU-01314,2026-07-01,300000,UZS,Cash,,RCPT-N-03472,Completed,Tuition,Iyul tuition; source: TEMURBEK SCHOOL - Sodiqov Xurshid 50% (1).csv line 256,,,,,,,
STU-01315,2026-05-01,270000,UZS,Cash,,RCPT-N-03473,Completed,Tuition,May tuition; source: TEMURBEK SCHOOL - Sodiqov Xurshid 50% (1).csv line 257,monthly_discount,fixed,30000,300000,30000,270000,true
STU-01315,2026-06-01,300000,UZS,Cash,,RCPT-N-03474,Completed,Tuition,Iyun tuition; source: TEMURBEK SCHOOL - Sodiqov Xurshid 50% (1).csv line 257,,,,,,,
STU-01315,2026-07-01,300000,UZS,Cash,,RCPT-N-03475,Completed,Tuition,Iyul tuition; source: TEMURBEK SCHOOL - Sodiqov Xurshid 50% (1).csv line 257,,,,,,,
STU-01315,2026-08-01,300000,UZS,Cash,,RCPT-N-03476,Completed,Tuition,Avgust tuition; source: TEMURBEK SCHOOL - Sodiqov Xurshid 50% (1).csv line 257,,,,,,,
STU-01316,2026-05-01,270000,UZS,Cash,,RCPT-N-03477,Completed,Tuition,May tuition; source: TEMURBEK SCHOOL - Sodiqov Xurshid 50% (1).csv line 258,monthly_discount,fixed,30000,300000,30000,270000,true
STU-01316,2026-06-01,300000,UZS,Cash,,RCPT-N-03478,Completed,Tuition,Iyun tuition; source: TEMURBEK SCHOOL - Sodiqov Xurshid 50% (1).csv line 258,,,,,,,
STU-01316,2026-07-01,300000,UZS,Cash,,RCPT-N-03479,Completed,Tuition,Iyul tuition; source: TEMURBEK SCHOOL - Sodiqov Xurshid 50% (1).csv line 258,,,,,,,
STU-01316,2026-08-01,300000,UZS,Cash,,RCPT-N-03480,Completed,Tuition,Avgust tuition; source: TEMURBEK SCHOOL - Sodiqov Xurshid 50% (1).csv line 258,,,,,,,
STU-01317,2026-05-01,270000,UZS,Cash,,RCPT-N-03481,Completed,Tuition,May tuition; source: TEMURBEK SCHOOL - Sodiqov Xurshid 50% (1).csv line 259,monthly_discount,fixed,30000,300000,30000,270000,true
STU-01317,2026-06-01,270000,UZS,Cash,,RCPT-N-03482,Completed,Tuition,Iyun tuition; source: TEMURBEK SCHOOL - Sodiqov Xurshid 50% (1).csv line 259,monthly_discount,fixed,30000,300000,30000,270000,true
STU-01317,2026-07-01,300000,UZS,Cash,,RCPT-N-03483,Completed,Tuition,Iyul tuition; source: TEMURBEK SCHOOL - Sodiqov Xurshid 50% (1).csv line 259,,,,,,,
STU-01317,2026-08-01,300000,UZS,Cash,,RCPT-N-03484,Completed,Tuition,Avgust tuition; source: TEMURBEK SCHOOL - Sodiqov Xurshid 50% (1).csv line 259,,,,,,,
STU-01318,2026-05-01,270000,UZS,Cash,,RCPT-N-03485,Completed,Tuition,May tuition; source: TEMURBEK SCHOOL - Sodiqov Xurshid 50% (1).csv line 260,monthly_discount,fixed,30000,300000,30000,270000,true
STU-01318,2026-06-01,270000,UZS,Cash,,RCPT-N-03486,Completed,Tuition,Iyun tuition; source: TEMURBEK SCHOOL - Sodiqov Xurshid 50% (1).csv line 260,monthly_discount,fixed,30000,300000,30000,270000,true
STU-01318,2026-07-01,300000,UZS,Cash,,RCPT-N-03487,Completed,Tuition,Iyul tuition; source: TEMURBEK SCHOOL - Sodiqov Xurshid 50% (1).csv line 260,,,,,,,
STU-01318,2026-08-01,300000,UZS,Cash,,RCPT-N-03488,Completed,Tuition,Avgust tuition; source: TEMURBEK SCHOOL - Sodiqov Xurshid 50% (1).csv line 260,,,,,,,
STU-01319,2026-05-01,267000,UZS,Cash,,RCPT-N-03489,Completed,Tuition,May tuition; source: TEMURBEK SCHOOL - Sodiqov Xurshid 50% (1).csv line 261,monthly_discount,fixed,33000,300000,33000,267000,true
STU-01319,2026-06-01,300000,UZS,Cash,,RCPT-N-03490,Completed,Tuition,Iyun tuition; source: TEMURBEK SCHOOL - Sodiqov Xurshid 50% (1).csv line 261,,,,,,,
STU-01319,2026-07-01,300000,UZS,Cash,,RCPT-N-03491,Completed,Tuition,Iyul tuition; source: TEMURBEK SCHOOL - Sodiqov Xurshid 50% (1).csv line 261,,,,,,,
STU-01319,2026-08-01,300000,UZS,Cash,,RCPT-N-03492,Completed,Tuition,Avgust tuition; source: TEMURBEK SCHOOL - Sodiqov Xurshid 50% (1).csv line 261,,,,,,,
STU-01320,2026-05-01,270000,UZS,Cash,,RCPT-N-03493,Completed,Tuition,May tuition; source: TEMURBEK SCHOOL - Sodiqov Xurshid 50% (1).csv line 262,monthly_discount,fixed,30000,300000,30000,270000,true
STU-01320,2026-06-01,300000,UZS,Cash,,RCPT-N-03494,Completed,Tuition,Iyun tuition; source: TEMURBEK SCHOOL - Sodiqov Xurshid 50% (1).csv line 262,,,,,,,
STU-01320,2026-07-01,300000,UZS,Cash,,RCPT-N-03495,Completed,Tuition,Iyul tuition; source: TEMURBEK SCHOOL - Sodiqov Xurshid 50% (1).csv line 262,,,,,,,
STU-01320,2026-08-01,150000,UZS,Cash,,RCPT-N-03496,Completed,Tuition,Avgust tuition; source: TEMURBEK SCHOOL - Sodiqov Xurshid 50% (1).csv line 262,monthly_discount,fixed,150000,300000,150000,150000,true
STU-01321,2026-05-01,270000,UZS,Cash,,RCPT-N-03497,Completed,Tuition,May tuition; source: TEMURBEK SCHOOL - Sodiqov Xurshid 50% (1).csv line 263,monthly_discount,fixed,30000,300000,30000,270000,true
STU-01321,2026-06-01,300000,UZS,Cash,,RCPT-N-03498,Completed,Tuition,Iyun tuition; source: TEMURBEK SCHOOL - Sodiqov Xurshid 50% (1).csv line 263,,,,,,,
STU-01321,2026-07-01,300000,UZS,Cash,,RCPT-N-03499,Completed,Tuition,Iyul tuition; source: TEMURBEK SCHOOL - Sodiqov Xurshid 50% (1).csv line 263,,,,,,,
STU-01321,2026-08-01,300000,UZS,Cash,,RCPT-N-03500,Completed,Tuition,Avgust tuition; source: TEMURBEK SCHOOL - Sodiqov Xurshid 50% (1).csv line 263,,,,,,,
STU-01322,2026-05-01,270000,UZS,Cash,,RCPT-N-03501,Completed,Tuition,May tuition; source: TEMURBEK SCHOOL - Sodiqov Xurshid 50% (1).csv line 264,monthly_discount,fixed,30000,300000,30000,270000,true
STU-01322,2026-06-01,270000,UZS,Cash,,RCPT-N-03502,Completed,Tuition,Iyun tuition; source: TEMURBEK SCHOOL - Sodiqov Xurshid 50% (1).csv line 264,monthly_discount,fixed,30000,300000,30000,270000,true
STU-01322,2026-07-01,300000,UZS,Cash,,RCPT-N-03503,Completed,Tuition,Iyul tuition; source: TEMURBEK SCHOOL - Sodiqov Xurshid 50% (1).csv line 264,,,,,,,
STU-01322,2026-08-01,300000,UZS,Cash,,RCPT-N-03504,Completed,Tuition,Avgust tuition; source: TEMURBEK SCHOOL - Sodiqov Xurshid 50% (1).csv line 264,,,,,,,
STU-01323,2026-05-01,270000,UZS,Cash,,RCPT-N-03505,Completed,Tuition,May tuition; source: TEMURBEK SCHOOL - Sodiqov Xurshid 50% (1).csv line 265,monthly_discount,fixed,30000,300000,30000,270000,true
STU-01323,2026-06-01,300000,UZS,Cash,,RCPT-N-03506,Completed,Tuition,Iyun tuition; source: TEMURBEK SCHOOL - Sodiqov Xurshid 50% (1).csv line 265,,,,,,,
STU-01323,2026-07-01,300000,UZS,Cash,,RCPT-N-03507,Completed,Tuition,Iyul tuition; source: TEMURBEK SCHOOL - Sodiqov Xurshid 50% (1).csv line 265,,,,,,,
STU-01323,2026-08-01,300000,UZS,Cash,,RCPT-N-03508,Completed,Tuition,Avgust tuition; source: TEMURBEK SCHOOL - Sodiqov Xurshid 50% (1).csv line 265,,,,,,,
STU-01324,2026-05-01,270000,UZS,Cash,,RCPT-N-03509,Completed,Tuition,May tuition; source: TEMURBEK SCHOOL - Sodiqov Xurshid 50% (1).csv line 266,monthly_discount,fixed,30000,300000,30000,270000,true
STU-01324,2026-06-01,300000,UZS,Cash,,RCPT-N-03510,Completed,Tuition,Iyun tuition; source: TEMURBEK SCHOOL - Sodiqov Xurshid 50% (1).csv line 266,,,,,,,
STU-01324,2026-07-01,300000,UZS,Cash,,RCPT-N-03511,Completed,Tuition,Iyul tuition; source: TEMURBEK SCHOOL - Sodiqov Xurshid 50% (1).csv line 266,,,,,,,
STU-01324,2026-08-01,175000,UZS,Cash,,RCPT-N-03512,Completed,Tuition,Avgust tuition; source: TEMURBEK SCHOOL - Sodiqov Xurshid 50% (1).csv line 266,monthly_discount,fixed,125000,300000,125000,175000,true
STU-01325,2026-05-01,270000,UZS,Cash,,RCPT-N-03513,Completed,Tuition,May tuition; source: TEMURBEK SCHOOL - Sodiqov Xurshid 50% (1).csv line 267,monthly_discount,fixed,30000,300000,30000,270000,true
STU-01325,2026-06-01,300000,UZS,Cash,,RCPT-N-03514,Completed,Tuition,Iyun tuition; source: TEMURBEK SCHOOL - Sodiqov Xurshid 50% (1).csv line 267,,,,,,,
STU-01325,2026-07-01,300000,UZS,Cash,,RCPT-N-03515,Completed,Tuition,Iyul tuition; source: TEMURBEK SCHOOL - Sodiqov Xurshid 50% (1).csv line 267,,,,,,,
STU-01325,2026-08-01,300000,UZS,Cash,,RCPT-N-03516,Completed,Tuition,Avgust tuition; source: TEMURBEK SCHOOL - Sodiqov Xurshid 50% (1).csv line 267,,,,,,,
STU-01326,2026-05-01,250000,UZS,Cash,,RCPT-N-03517,Completed,Tuition,May tuition; source: TEMURBEK SCHOOL - Sodiqov Xurshid 50% (1).csv line 268,monthly_discount,fixed,50000,300000,50000,250000,true
STU-01326,2026-06-01,250000,UZS,Cash,,RCPT-N-03518,Completed,Tuition,Iyun tuition; source: TEMURBEK SCHOOL - Sodiqov Xurshid 50% (1).csv line 268,monthly_discount,fixed,50000,300000,50000,250000,true
STU-01326,2026-07-01,270000,UZS,Cash,,RCPT-N-03519,Completed,Tuition,Iyul tuition; source: TEMURBEK SCHOOL - Sodiqov Xurshid 50% (1).csv line 268,serial_discount,fixed,30000,300000,30000,270000,true
STU-01326,2026-08-01,270000,UZS,Cash,,RCPT-N-03520,Completed,Tuition,Avgust tuition; source: TEMURBEK SCHOOL - Sodiqov Xurshid 50% (1).csv line 268,serial_discount,fixed,30000,300000,30000,270000,true
STU-01327,2026-05-01,250000,UZS,Cash,,RCPT-N-03521,Completed,Tuition,May tuition; source: TEMURBEK SCHOOL - Sodiqov Xurshid 50% (1).csv line 269,monthly_discount,fixed,50000,300000,50000,250000,true
STU-01327,2026-06-01,270000,UZS,Cash,,RCPT-N-03522,Completed,Tuition,Iyun tuition; source: TEMURBEK SCHOOL - Sodiqov Xurshid 50% (1).csv line 269,serial_discount,fixed,30000,300000,30000,270000,true
STU-01327,2026-07-01,270000,UZS,Cash,,RCPT-N-03523,Completed,Tuition,Iyul tuition; source: TEMURBEK SCHOOL - Sodiqov Xurshid 50% (1).csv line 269,serial_discount,fixed,30000,300000,30000,270000,true
STU-01327,2026-08-01,270000,UZS,Cash,,RCPT-N-03524,Completed,Tuition,Avgust tuition; source: TEMURBEK SCHOOL - Sodiqov Xurshid 50% (1).csv line 269,serial_discount,fixed,30000,300000,30000,270000,true
STU-01328,2026-05-01,270000,UZS,Cash,,RCPT-N-03525,Completed,Tuition,May tuition; source: TEMURBEK SCHOOL - Sodiqov Xurshid 50% (1).csv line 270,monthly_discount,fixed,30000,300000,30000,270000,true
STU-01328,2026-06-01,270000,UZS,Cash,,RCPT-N-03526,Completed,Tuition,Iyun tuition; source: TEMURBEK SCHOOL - Sodiqov Xurshid 50% (1).csv line 270,monthly_discount,fixed,30000,300000,30000,270000,true
STU-01328,2026-07-01,300000,UZS,Cash,,RCPT-N-03527,Completed,Tuition,Iyul tuition; source: TEMURBEK SCHOOL - Sodiqov Xurshid 50% (1).csv line 270,,,,,,,
STU-01328,2026-08-01,200000,UZS,Cash,,RCPT-N-03528,Completed,Tuition,Avgust tuition; source: TEMURBEK SCHOOL - Sodiqov Xurshid 50% (1).csv line 270,monthly_discount,fixed,100000,300000,100000,200000,true
STU-01329,2026-05-01,270000,UZS,Cash,,RCPT-N-03529,Completed,Tuition,May tuition; source: TEMURBEK SCHOOL - Sodiqov Xurshid 50% (1).csv line 271,monthly_discount,fixed,30000,300000,30000,270000,true
STU-01329,2026-06-01,300000,UZS,Cash,,RCPT-N-03530,Completed,Tuition,Iyun tuition; source: TEMURBEK SCHOOL - Sodiqov Xurshid 50% (1).csv line 271,,,,,,,
STU-01329,2026-07-01,300000,UZS,Cash,,RCPT-N-03531,Completed,Tuition,Iyul tuition; source: TEMURBEK SCHOOL - Sodiqov Xurshid 50% (1).csv line 271,,,,,,,
STU-01329,2026-08-01,300000,UZS,Cash,,RCPT-N-03532,Completed,Tuition,Avgust tuition; source: TEMURBEK SCHOOL - Sodiqov Xurshid 50% (1).csv line 271,,,,,,,
STU-01330,2026-05-01,270000,UZS,Cash,,RCPT-N-03533,Completed,Tuition,May tuition; source: TEMURBEK SCHOOL - Sodiqov Xurshid 50% (1).csv line 272,monthly_discount,fixed,30000,300000,30000,270000,true
STU-01330,2026-06-01,270000,UZS,Cash,,RCPT-N-03534,Completed,Tuition,Iyun tuition; source: TEMURBEK SCHOOL - Sodiqov Xurshid 50% (1).csv line 272,monthly_discount,fixed,30000,300000,30000,270000,true
STU-01330,2026-07-01,300000,UZS,Cash,,RCPT-N-03535,Completed,Tuition,Iyul tuition; source: TEMURBEK SCHOOL - Sodiqov Xurshid 50% (1).csv line 272,,,,,,,
STU-01330,2026-08-01,300000,UZS,Cash,,RCPT-N-03536,Completed,Tuition,Avgust tuition; source: TEMURBEK SCHOOL - Sodiqov Xurshid 50% (1).csv line 272,,,,,,,
STU-01332,2026-05-01,270000,UZS,Cash,,RCPT-N-03537,Completed,Tuition,May tuition; source: TEMURBEK SCHOOL - Sodiqov Xurshid 50% (1).csv line 274,monthly_discount,fixed,30000,300000,30000,270000,true
STU-01332,2026-06-01,300000,UZS,Cash,,RCPT-N-03538,Completed,Tuition,Iyun tuition; source: TEMURBEK SCHOOL - Sodiqov Xurshid 50% (1).csv line 274,,,,,,,
STU-01332,2026-07-01,300000,UZS,Cash,,RCPT-N-03539,Completed,Tuition,Iyul tuition; source: TEMURBEK SCHOOL - Sodiqov Xurshid 50% (1).csv line 274,,,,,,,
STU-01332,2026-08-01,300000,UZS,Cash,,RCPT-N-03540,Completed,Tuition,Avgust tuition; source: TEMURBEK SCHOOL - Sodiqov Xurshid 50% (1).csv line 274,,,,,,,
STU-01333,2026-08-01,135000,UZS,Cash,,RCPT-N-03541,Completed,Tuition,Avgust tuition; source: TEMURBEK SCHOOL - Sodiqov Xurshid 50% (1).csv line 280,monthly_discount,fixed,135000,270000,135000,135000,true
STU-01334,2026-08-01,200000,UZS,Cash,,RCPT-N-03542,Completed,Tuition,Avgust tuition; source: TEMURBEK SCHOOL - Sodiqov Xurshid 50% (1).csv line 281,monthly_discount,fixed,70000,270000,70000,200000,true
STU-01335,2026-08-01,200000,UZS,Cash,,RCPT-N-03543,Completed,Tuition,Avgust tuition; source: TEMURBEK SCHOOL - Sodiqov Xurshid 50% (1).csv line 282,monthly_discount,fixed,70000,270000,70000,200000,true
STU-01336,2026-08-01,250000,UZS,Cash,,RCPT-N-03544,Completed,Tuition,Avgust tuition; source: TEMURBEK SCHOOL - Sodiqov Xurshid 50% (1).csv line 283,monthly_discount,fixed,20000,270000,20000,250000,true
STU-01338,2026-08-01,250000,UZS,Cash,,RCPT-N-03545,Completed,Tuition,Avgust tuition; source: TEMURBEK SCHOOL - Sodiqov Xurshid 50% (1).csv line 285,monthly_discount,fixed,20000,270000,20000,250000,true
STU-01339,2026-08-01,270000,UZS,Cash,,RCPT-N-03546,Completed,Tuition,Avgust tuition; source: TEMURBEK SCHOOL - Sodiqov Xurshid 50% (1).csv line 286,,,,,,,
STU-01340,2026-08-01,270000,UZS,Cash,,RCPT-N-03547,Completed,Tuition,Avgust tuition; source: TEMURBEK SCHOOL - Sodiqov Xurshid 50% (1).csv line 287,,,,,,,
STU-01341,2026-08-01,270000,UZS,Cash,,RCPT-N-03548,Completed,Tuition,Avgust tuition; source: TEMURBEK SCHOOL - Sodiqov Xurshid 50% (1).csv line 288,,,,,,,
STU-01342,2026-08-01,270000,UZS,Cash,,RCPT-N-03549,Completed,Tuition,Avgust tuition; source: TEMURBEK SCHOOL - Sodiqov Xurshid 50% (1).csv line 289,,,,,,,
STU-01343,2026-08-01,270000,UZS,Cash,,RCPT-N-03550,Completed,Tuition,Avgust tuition; source: TEMURBEK SCHOOL - Sodiqov Xurshid 50% (1).csv line 290,,,,,,,
STU-01343,2026-09-01,270000,UZS,Cash,,RCPT-N-03551,Completed,Tuition,Sentabr tuition; source: TEMURBEK SCHOOL - Sodiqov Xurshid 50% (1).csv line 290,,,,,,,
STU-01344,2026-08-01,270000,UZS,Cash,,RCPT-N-03552,Completed,Tuition,Avgust tuition; source: TEMURBEK SCHOOL - Sodiqov Xurshid 50% (1).csv line 291,,,,,,,
STU-01345,2026-08-01,270000,UZS,Cash,,RCPT-N-03553,Completed,Tuition,Avgust tuition; source: TEMURBEK SCHOOL - Sodiqov Xurshid 50% (1).csv line 292,,,,,,,
STU-01346,2026-08-01,208000,UZS,Cash,,RCPT-N-03554,Completed,Tuition,Avgust tuition; source: TEMURBEK SCHOOL - Sodiqov Xurshid 50% (1).csv line 293,monthly_discount,fixed,62000,270000,62000,208000,true
STU-01347,2026-08-01,208000,UZS,Cash,,RCPT-N-03555,Completed,Tuition,Avgust tuition; source: TEMURBEK SCHOOL - Sodiqov Xurshid 50% (1).csv line 294,monthly_discount,fixed,62000,270000,62000,208000,true
STU-01348,2026-08-01,270000,UZS,Cash,,RCPT-N-03556,Completed,Tuition,Avgust tuition; source: TEMURBEK SCHOOL - Sodiqov Xurshid 50% (1).csv line 295,,,,,,,
STU-01349,2026-08-01,270000,UZS,Cash,,RCPT-N-03557,Completed,Tuition,Avgust tuition; source: TEMURBEK SCHOOL - Sodiqov Xurshid 50% (1).csv line 296,,,,,,,
STU-01350,2026-08-01,270000,UZS,Cash,,RCPT-N-03558,Completed,Tuition,Avgust tuition; source: TEMURBEK SCHOOL - Sodiqov Xurshid 50% (1).csv line 297,,,,,,,
STU-01351,2026-08-01,270000,UZS,Cash,,RCPT-N-03559,Completed,Tuition,Avgust tuition; source: TEMURBEK SCHOOL - Sodiqov Xurshid 50% (1).csv line 298,,,,,,,
STU-01352,2026-08-01,270000,UZS,Cash,,RCPT-N-03560,Completed,Tuition,Avgust tuition; source: TEMURBEK SCHOOL - Sodiqov Xurshid 50% (1).csv line 299,,,,,,,
STU-01353,2026-08-01,270000,UZS,Cash,,RCPT-N-03561,Completed,Tuition,Avgust tuition; source: TEMURBEK SCHOOL - Sodiqov Xurshid 50% (1).csv line 300,,,,,,,
STU-01354,2026-08-01,270000,UZS,Cash,,RCPT-N-03562,Completed,Tuition,Avgust tuition; source: TEMURBEK SCHOOL - Sodiqov Xurshid 50% (1).csv line 301,,,,,,,
STU-01355,2026-08-01,270000,UZS,Cash,,RCPT-N-03563,Completed,Tuition,Avgust tuition; source: TEMURBEK SCHOOL - Sodiqov Xurshid 50% (1).csv line 302,,,,,,,
STU-01356,2026-08-01,270000,UZS,Cash,,RCPT-N-03564,Completed,Tuition,Avgust tuition; source: TEMURBEK SCHOOL - Sodiqov Xurshid 50% (1).csv line 303,,,,,,,
STU-01358,2026-08-01,135000,UZS,Cash,,RCPT-N-03565,Completed,Tuition,Avgust tuition; source: TEMURBEK SCHOOL - Sodiqov Xurshid 50% (1).csv line 305,monthly_discount,fixed,135000,270000,135000,135000,true
STU-01359,2026-08-01,450000,UZS,Cash,,RCPT-N-03566,Completed,Tuition,Avgust tuition; source: TEMURBEK SCHOOL - Sodiqov Xurshid 50% (1).csv line 311,,,,,,,
STU-01360,2026-08-01,450000,UZS,Cash,,RCPT-N-03567,Completed,Tuition,Avgust tuition; source: TEMURBEK SCHOOL - Sodiqov Xurshid 50% (1).csv line 312,,,,,,,
STU-01361,2026-08-01,450000,UZS,Cash,,RCPT-N-03568,Completed,Tuition,Avgust tuition; source: TEMURBEK SCHOOL - Sodiqov Xurshid 50% (1).csv line 313,,,,,,,
STU-01362,2025-12-01,270000,UZS,Cash,,RCPT-N-03569,Completed,Tuition,Dekabr tuition; source: TEMURBEK SCHOOL - Tursunov Islomjon 45% (1).csv line 4,,,,,,,
STU-01362,2026-01-01,270000,UZS,Cash,,RCPT-N-03570,Completed,Tuition,Yanvar tuition; source: TEMURBEK SCHOOL - Tursunov Islomjon 45% (1).csv line 4,,,,,,,
STU-01362,2026-02-01,270000,UZS,Cash,,RCPT-N-03571,Completed,Tuition,Fevral tuition; source: TEMURBEK SCHOOL - Tursunov Islomjon 45% (1).csv line 4,,,,,,,
STU-01362,2026-03-01,270000,UZS,Cash,,RCPT-N-03572,Completed,Tuition,Mart tuition; source: TEMURBEK SCHOOL - Tursunov Islomjon 45% (1).csv line 4,,,,,,,
STU-01362,2026-04-01,270000,UZS,Cash,,RCPT-N-03573,Completed,Tuition,Aprel tuition; source: TEMURBEK SCHOOL - Tursunov Islomjon 45% (1).csv line 4,,,,,,,
STU-01362,2026-05-01,270000,UZS,Cash,,RCPT-N-03574,Completed,Tuition,May tuition; source: TEMURBEK SCHOOL - Tursunov Islomjon 45% (1).csv line 4,,,,,,,
STU-01363,2025-12-01,250000,UZS,Cash,,RCPT-N-03575,Completed,Tuition,Dekabr tuition; source: TEMURBEK SCHOOL - Tursunov Islomjon 45% (1).csv line 5,serial_discount,fixed,20000,270000,20000,250000,true
STU-01363,2026-01-01,250000,UZS,Cash,,RCPT-N-03576,Completed,Tuition,Yanvar tuition; source: TEMURBEK SCHOOL - Tursunov Islomjon 45% (1).csv line 5,serial_discount,fixed,20000,270000,20000,250000,true
STU-01363,2026-02-01,250000,UZS,Cash,,RCPT-N-03577,Completed,Tuition,Fevral tuition; source: TEMURBEK SCHOOL - Tursunov Islomjon 45% (1).csv line 5,serial_discount,fixed,20000,270000,20000,250000,true
STU-01363,2026-03-01,250000,UZS,Cash,,RCPT-N-03578,Completed,Tuition,Mart tuition; source: TEMURBEK SCHOOL - Tursunov Islomjon 45% (1).csv line 5,serial_discount,fixed,20000,270000,20000,250000,true
STU-01363,2026-04-01,250000,UZS,Cash,,RCPT-N-03579,Completed,Tuition,Aprel tuition; source: TEMURBEK SCHOOL - Tursunov Islomjon 45% (1).csv line 5,serial_discount,fixed,20000,270000,20000,250000,true
STU-01363,2026-05-01,250000,UZS,Cash,,RCPT-N-03580,Completed,Tuition,May tuition; source: TEMURBEK SCHOOL - Tursunov Islomjon 45% (1).csv line 5,serial_discount,fixed,20000,270000,20000,250000,true
STU-01364,2025-12-01,200000,UZS,Cash,,RCPT-N-03581,Completed,Tuition,Dekabr tuition; source: TEMURBEK SCHOOL - Tursunov Islomjon 45% (1).csv line 6,monthly_discount,fixed,70000,270000,70000,200000,true
STU-01364,2026-01-01,270000,UZS,Cash,,RCPT-N-03582,Completed,Tuition,Yanvar tuition; source: TEMURBEK SCHOOL - Tursunov Islomjon 45% (1).csv line 6,,,,,,,
STU-01364,2026-02-01,270000,UZS,Cash,,RCPT-N-03583,Completed,Tuition,Fevral tuition; source: TEMURBEK SCHOOL - Tursunov Islomjon 45% (1).csv line 6,,,,,,,
STU-01364,2026-03-01,270000,UZS,Cash,,RCPT-N-03584,Completed,Tuition,Mart tuition; source: TEMURBEK SCHOOL - Tursunov Islomjon 45% (1).csv line 6,,,,,,,
STU-01364,2026-04-01,270000,UZS,Cash,,RCPT-N-03585,Completed,Tuition,Aprel tuition; source: TEMURBEK SCHOOL - Tursunov Islomjon 45% (1).csv line 6,,,,,,,
STU-01364,2026-05-01,270000,UZS,Cash,,RCPT-N-03586,Completed,Tuition,May tuition; source: TEMURBEK SCHOOL - Tursunov Islomjon 45% (1).csv line 6,,,,,,,
STU-01365,2026-01-01,270000,UZS,Cash,,RCPT-N-03587,Completed,Tuition,Yanvar tuition; source: TEMURBEK SCHOOL - Tursunov Islomjon 45% (1).csv line 7,,,,,,,
STU-01365,2026-02-01,270000,UZS,Cash,,RCPT-N-03588,Completed,Tuition,Fevral tuition; source: TEMURBEK SCHOOL - Tursunov Islomjon 45% (1).csv line 7,,,,,,,
STU-01365,2026-03-01,270000,UZS,Cash,,RCPT-N-03589,Completed,Tuition,Mart tuition; source: TEMURBEK SCHOOL - Tursunov Islomjon 45% (1).csv line 7,,,,,,,
STU-01365,2026-04-01,270000,UZS,Cash,,RCPT-N-03590,Completed,Tuition,Aprel tuition; source: TEMURBEK SCHOOL - Tursunov Islomjon 45% (1).csv line 7,,,,,,,
STU-01365,2026-05-01,270000,UZS,Cash,,RCPT-N-03591,Completed,Tuition,May tuition; source: TEMURBEK SCHOOL - Tursunov Islomjon 45% (1).csv line 7,,,,,,,
STU-01366,2026-01-01,270000,UZS,Cash,,RCPT-N-03592,Completed,Tuition,Yanvar tuition; source: TEMURBEK SCHOOL - Tursunov Islomjon 45% (1).csv line 8,,,,,,,
STU-01366,2026-02-01,270000,UZS,Cash,,RCPT-N-03593,Completed,Tuition,Fevral tuition; source: TEMURBEK SCHOOL - Tursunov Islomjon 45% (1).csv line 8,,,,,,,
STU-01366,2026-03-01,270000,UZS,Cash,,RCPT-N-03594,Completed,Tuition,Mart tuition; source: TEMURBEK SCHOOL - Tursunov Islomjon 45% (1).csv line 8,,,,,,,
STU-01366,2026-04-01,270000,UZS,Cash,,RCPT-N-03595,Completed,Tuition,Aprel tuition; source: TEMURBEK SCHOOL - Tursunov Islomjon 45% (1).csv line 8,,,,,,,
STU-01366,2026-05-01,270000,UZS,Cash,,RCPT-N-03596,Completed,Tuition,May tuition; source: TEMURBEK SCHOOL - Tursunov Islomjon 45% (1).csv line 8,,,,,,,
STU-01367,2025-12-01,270000,UZS,Cash,,RCPT-N-03597,Completed,Tuition,Dekabr tuition; source: TEMURBEK SCHOOL - Tursunov Islomjon 45% (1).csv line 9,,,,,,,
STU-01367,2026-01-01,270000,UZS,Cash,,RCPT-N-03598,Completed,Tuition,Yanvar tuition; source: TEMURBEK SCHOOL - Tursunov Islomjon 45% (1).csv line 9,,,,,,,
STU-01367,2026-02-01,270000,UZS,Cash,,RCPT-N-03599,Completed,Tuition,Fevral tuition; source: TEMURBEK SCHOOL - Tursunov Islomjon 45% (1).csv line 9,,,,,,,
STU-01367,2026-03-01,180000,UZS,Cash,,RCPT-N-03600,Completed,Tuition,Mart tuition; source: TEMURBEK SCHOOL - Tursunov Islomjon 45% (1).csv line 9,monthly_discount,fixed,90000,270000,90000,180000,true
STU-01367,2026-04-01,270000,UZS,Cash,,RCPT-N-03601,Completed,Tuition,Aprel tuition; source: TEMURBEK SCHOOL - Tursunov Islomjon 45% (1).csv line 9,,,,,,,
STU-01367,2026-05-01,270000,UZS,Cash,,RCPT-N-03602,Completed,Tuition,May tuition; source: TEMURBEK SCHOOL - Tursunov Islomjon 45% (1).csv line 9,,,,,,,
STU-01368,2026-02-01,30000,UZS,Cash,,RCPT-N-03603,Completed,Tuition,Fevral tuition; source: TEMURBEK SCHOOL - Tursunov Islomjon 45% (1).csv line 10,monthly_discount,fixed,240000,270000,240000,30000,true
STU-01368,2026-03-01,200000,UZS,Cash,,RCPT-N-03604,Completed,Tuition,Mart tuition; source: TEMURBEK SCHOOL - Tursunov Islomjon 45% (1).csv line 10,serial_discount,fixed,70000,270000,70000,200000,true
STU-01368,2026-04-01,200000,UZS,Cash,,RCPT-N-03605,Completed,Tuition,Aprel tuition; source: TEMURBEK SCHOOL - Tursunov Islomjon 45% (1).csv line 10,serial_discount,fixed,70000,270000,70000,200000,true
STU-01368,2026-05-01,200000,UZS,Cash,,RCPT-N-03606,Completed,Tuition,May tuition; source: TEMURBEK SCHOOL - Tursunov Islomjon 45% (1).csv line 10,serial_discount,fixed,70000,270000,70000,200000,true
STU-01369,2026-02-01,135000,UZS,Cash,,RCPT-N-03607,Completed,Tuition,Fevral tuition; source: TEMURBEK SCHOOL - Tursunov Islomjon 45% (1).csv line 11,monthly_discount,fixed,135000,270000,135000,135000,true
STU-01369,2026-03-01,270000,UZS,Cash,,RCPT-N-03608,Completed,Tuition,Mart tuition; source: TEMURBEK SCHOOL - Tursunov Islomjon 45% (1).csv line 11,,,,,,,
STU-01369,2026-04-01,270000,UZS,Cash,,RCPT-N-03609,Completed,Tuition,Aprel tuition; source: TEMURBEK SCHOOL - Tursunov Islomjon 45% (1).csv line 11,,,,,,,
STU-01369,2026-05-01,270000,UZS,Cash,,RCPT-N-03610,Completed,Tuition,May tuition; source: TEMURBEK SCHOOL - Tursunov Islomjon 45% (1).csv line 11,,,,,,,
STU-01370,2026-03-01,225000,UZS,Cash,,RCPT-N-03611,Completed,Tuition,Mart tuition; source: TEMURBEK SCHOOL - Tursunov Islomjon 45% (1).csv line 12,serial_discount,fixed,45000,270000,45000,225000,true
STU-01370,2026-04-01,225000,UZS,Cash,,RCPT-N-03612,Completed,Tuition,Aprel tuition; source: TEMURBEK SCHOOL - Tursunov Islomjon 45% (1).csv line 12,serial_discount,fixed,45000,270000,45000,225000,true
STU-01370,2026-05-01,225000,UZS,Cash,,RCPT-N-03613,Completed,Tuition,May tuition; source: TEMURBEK SCHOOL - Tursunov Islomjon 45% (1).csv line 12,serial_discount,fixed,45000,270000,45000,225000,true
STU-01371,2026-03-01,270000,UZS,Cash,,RCPT-N-03614,Completed,Tuition,Mart tuition; source: TEMURBEK SCHOOL - Tursunov Islomjon 45% (1).csv line 13,,,,,,,
STU-01371,2026-04-01,270000,UZS,Cash,,RCPT-N-03615,Completed,Tuition,Aprel tuition; source: TEMURBEK SCHOOL - Tursunov Islomjon 45% (1).csv line 13,,,,,,,
STU-01371,2026-05-01,270000,UZS,Cash,,RCPT-N-03616,Completed,Tuition,May tuition; source: TEMURBEK SCHOOL - Tursunov Islomjon 45% (1).csv line 13,,,,,,,
STU-01372,2026-03-01,270000,UZS,Cash,,RCPT-N-03617,Completed,Tuition,Mart tuition; source: TEMURBEK SCHOOL - Tursunov Islomjon 45% (1).csv line 14,,,,,,,
STU-01372,2026-04-01,270000,UZS,Cash,,RCPT-N-03618,Completed,Tuition,Aprel tuition; source: TEMURBEK SCHOOL - Tursunov Islomjon 45% (1).csv line 14,,,,,,,
STU-01372,2026-05-01,280000,UZS,Cash,,RCPT-N-03619,Completed,Tuition,May tuition; source: TEMURBEK SCHOOL - Tursunov Islomjon 45% (1).csv line 14,,,,,,,
STU-01373,2026-03-01,270000,UZS,Cash,,RCPT-N-03620,Completed,Tuition,Mart tuition; source: TEMURBEK SCHOOL - Tursunov Islomjon 45% (1).csv line 15,,,,,,,
STU-01373,2026-04-01,270000,UZS,Cash,,RCPT-N-03621,Completed,Tuition,Aprel tuition; source: TEMURBEK SCHOOL - Tursunov Islomjon 45% (1).csv line 15,,,,,,,
STU-01373,2026-05-01,270000,UZS,Cash,,RCPT-N-03622,Completed,Tuition,May tuition; source: TEMURBEK SCHOOL - Tursunov Islomjon 45% (1).csv line 15,,,,,,,
STU-01374,2026-03-01,270000,UZS,Cash,,RCPT-N-03623,Completed,Tuition,Mart tuition; source: TEMURBEK SCHOOL - Tursunov Islomjon 45% (1).csv line 16,,,,,,,
STU-01374,2026-04-01,270000,UZS,Cash,,RCPT-N-03624,Completed,Tuition,Aprel tuition; source: TEMURBEK SCHOOL - Tursunov Islomjon 45% (1).csv line 16,,,,,,,
STU-01374,2026-05-01,270000,UZS,Cash,,RCPT-N-03625,Completed,Tuition,May tuition; source: TEMURBEK SCHOOL - Tursunov Islomjon 45% (1).csv line 16,,,,,,,
STU-01375,2026-03-01,90000,UZS,Cash,,RCPT-N-03626,Completed,Tuition,Mart tuition; source: TEMURBEK SCHOOL - Tursunov Islomjon 45% (1).csv line 17,monthly_discount,fixed,180000,270000,180000,90000,true
STU-01375,2026-04-01,270000,UZS,Cash,,RCPT-N-03627,Completed,Tuition,Aprel tuition; source: TEMURBEK SCHOOL - Tursunov Islomjon 45% (1).csv line 17,,,,,,,
STU-01375,2026-05-01,270000,UZS,Cash,,RCPT-N-03628,Completed,Tuition,May tuition; source: TEMURBEK SCHOOL - Tursunov Islomjon 45% (1).csv line 17,,,,,,,
STU-01376,2026-03-01,90000,UZS,Cash,,RCPT-N-03629,Completed,Tuition,Mart tuition; source: TEMURBEK SCHOOL - Tursunov Islomjon 45% (1).csv line 18,monthly_discount,fixed,180000,270000,180000,90000,true
STU-01376,2026-04-01,270000,UZS,Cash,,RCPT-N-03630,Completed,Tuition,Aprel tuition; source: TEMURBEK SCHOOL - Tursunov Islomjon 45% (1).csv line 18,,,,,,,
STU-01376,2026-05-01,270000,UZS,Cash,,RCPT-N-03631,Completed,Tuition,May tuition; source: TEMURBEK SCHOOL - Tursunov Islomjon 45% (1).csv line 18,,,,,,,
STU-01377,2026-03-01,90000,UZS,Cash,,RCPT-N-03632,Completed,Tuition,Mart tuition; source: TEMURBEK SCHOOL - Tursunov Islomjon 45% (1).csv line 19,monthly_discount,fixed,180000,270000,180000,90000,true
STU-01377,2026-04-01,270000,UZS,Cash,,RCPT-N-03633,Completed,Tuition,Aprel tuition; source: TEMURBEK SCHOOL - Tursunov Islomjon 45% (1).csv line 19,,,,,,,
STU-01377,2026-05-01,270000,UZS,Cash,,RCPT-N-03634,Completed,Tuition,May tuition; source: TEMURBEK SCHOOL - Tursunov Islomjon 45% (1).csv line 19,,,,,,,
STU-01378,2026-04-01,270000,UZS,Cash,,RCPT-N-03635,Completed,Tuition,Aprel tuition; source: TEMURBEK SCHOOL - Tursunov Islomjon 45% (1).csv line 20,,,,,,,
STU-01378,2026-05-01,270000,UZS,Cash,,RCPT-N-03636,Completed,Tuition,May tuition; source: TEMURBEK SCHOOL - Tursunov Islomjon 45% (1).csv line 20,,,,,,,
STU-01379,2026-04-01,270000,UZS,Cash,,RCPT-N-03637,Completed,Tuition,Aprel tuition; source: TEMURBEK SCHOOL - Tursunov Islomjon 45% (1).csv line 21,,,,,,,
STU-01379,2026-05-01,270000,UZS,Cash,,RCPT-N-03638,Completed,Tuition,May tuition; source: TEMURBEK SCHOOL - Tursunov Islomjon 45% (1).csv line 21,,,,,,,
STU-01380,2026-04-01,112000,UZS,Cash,,RCPT-N-03639,Completed,Tuition,Aprel tuition; source: TEMURBEK SCHOOL - Tursunov Islomjon 45% (1).csv line 22,monthly_discount,fixed,158000,270000,158000,112000,true
STU-01380,2026-05-01,270000,UZS,Cash,,RCPT-N-03640,Completed,Tuition,May tuition; source: TEMURBEK SCHOOL - Tursunov Islomjon 45% (1).csv line 22,,,,,,,
STU-01381,2026-05-01,270000,UZS,Cash,,RCPT-N-03641,Completed,Tuition,May tuition; source: TEMURBEK SCHOOL - Tursunov Islomjon 45% (1).csv line 23,,,,,,,
STU-01382,2026-02-01,80000,UZS,Cash,,RCPT-N-03642,Completed,Tuition,Fevral tuition; source: TEMURBEK SCHOOL - Tursunov Islomjon 45% (1).csv line 28,monthly_discount,fixed,200000,280000,200000,80000,true
STU-01382,2026-03-01,280000,UZS,Cash,,RCPT-N-03643,Completed,Tuition,Mart tuition; source: TEMURBEK SCHOOL - Tursunov Islomjon 45% (1).csv line 28,,,,,,,
STU-01382,2026-04-01,280000,UZS,Cash,,RCPT-N-03644,Completed,Tuition,Aprel tuition; source: TEMURBEK SCHOOL - Tursunov Islomjon 45% (1).csv line 28,,,,,,,
STU-01382,2026-05-01,280000,UZS,Cash,,RCPT-N-03645,Completed,Tuition,May tuition; source: TEMURBEK SCHOOL - Tursunov Islomjon 45% (1).csv line 28,,,,,,,
STU-01383,2025-12-01,270000,UZS,Cash,,RCPT-N-03646,Completed,Tuition,Dekabr tuition; source: TEMURBEK SCHOOL - Tursunov Islomjon 45% (1).csv line 29,monthly_discount,fixed,10000,280000,10000,270000,true
STU-01383,2026-01-01,270000,UZS,Cash,,RCPT-N-03647,Completed,Tuition,Yanvar tuition; source: TEMURBEK SCHOOL - Tursunov Islomjon 45% (1).csv line 29,monthly_discount,fixed,10000,280000,10000,270000,true
STU-01383,2026-02-01,270000,UZS,Cash,,RCPT-N-03648,Completed,Tuition,Fevral tuition; source: TEMURBEK SCHOOL - Tursunov Islomjon 45% (1).csv line 29,monthly_discount,fixed,10000,280000,10000,270000,true
STU-01383,2026-03-01,280000,UZS,Cash,,RCPT-N-03649,Completed,Tuition,Mart tuition; source: TEMURBEK SCHOOL - Tursunov Islomjon 45% (1).csv line 29,,,,,,,
STU-01383,2026-04-01,280000,UZS,Cash,,RCPT-N-03650,Completed,Tuition,Aprel tuition; source: TEMURBEK SCHOOL - Tursunov Islomjon 45% (1).csv line 29,,,,,,,
STU-01383,2026-05-01,280000,UZS,Cash,,RCPT-N-03651,Completed,Tuition,May tuition; source: TEMURBEK SCHOOL - Tursunov Islomjon 45% (1).csv line 29,,,,,,,
STU-01384,2025-12-01,270000,UZS,Cash,,RCPT-N-03652,Completed,Tuition,Dekabr tuition; source: TEMURBEK SCHOOL - Tursunov Islomjon 45% (1).csv line 30,monthly_discount,fixed,10000,280000,10000,270000,true
STU-01384,2026-01-01,270000,UZS,Cash,,RCPT-N-03653,Completed,Tuition,Yanvar tuition; source: TEMURBEK SCHOOL - Tursunov Islomjon 45% (1).csv line 30,monthly_discount,fixed,10000,280000,10000,270000,true
STU-01384,2026-02-01,270000,UZS,Cash,,RCPT-N-03654,Completed,Tuition,Fevral tuition; source: TEMURBEK SCHOOL - Tursunov Islomjon 45% (1).csv line 30,monthly_discount,fixed,10000,280000,10000,270000,true
STU-01384,2026-03-01,280000,UZS,Cash,,RCPT-N-03655,Completed,Tuition,Mart tuition; source: TEMURBEK SCHOOL - Tursunov Islomjon 45% (1).csv line 30,,,,,,,
STU-01384,2026-04-01,280000,UZS,Cash,,RCPT-N-03656,Completed,Tuition,Aprel tuition; source: TEMURBEK SCHOOL - Tursunov Islomjon 45% (1).csv line 30,,,,,,,
STU-01384,2026-05-01,280000,UZS,Cash,,RCPT-N-03657,Completed,Tuition,May tuition; source: TEMURBEK SCHOOL - Tursunov Islomjon 45% (1).csv line 30,,,,,,,
STU-01385,2025-12-01,270000,UZS,Cash,,RCPT-N-03658,Completed,Tuition,Dekabr tuition; source: TEMURBEK SCHOOL - Tursunov Islomjon 45% (1).csv line 31,monthly_discount,fixed,10000,280000,10000,270000,true
STU-01385,2026-01-01,270000,UZS,Cash,,RCPT-N-03659,Completed,Tuition,Yanvar tuition; source: TEMURBEK SCHOOL - Tursunov Islomjon 45% (1).csv line 31,monthly_discount,fixed,10000,280000,10000,270000,true
STU-01385,2026-02-01,270000,UZS,Cash,,RCPT-N-03660,Completed,Tuition,Fevral tuition; source: TEMURBEK SCHOOL - Tursunov Islomjon 45% (1).csv line 31,monthly_discount,fixed,10000,280000,10000,270000,true
STU-01385,2026-03-01,280000,UZS,Cash,,RCPT-N-03661,Completed,Tuition,Mart tuition; source: TEMURBEK SCHOOL - Tursunov Islomjon 45% (1).csv line 31,,,,,,,
STU-01385,2026-04-01,280000,UZS,Cash,,RCPT-N-03662,Completed,Tuition,Aprel tuition; source: TEMURBEK SCHOOL - Tursunov Islomjon 45% (1).csv line 31,,,,,,,
STU-01385,2026-05-01,280000,UZS,Cash,,RCPT-N-03663,Completed,Tuition,May tuition; source: TEMURBEK SCHOOL - Tursunov Islomjon 45% (1).csv line 31,,,,,,,
STU-01386,2025-12-01,270000,UZS,Cash,,RCPT-N-03664,Completed,Tuition,Dekabr tuition; source: TEMURBEK SCHOOL - Tursunov Islomjon 45% (1).csv line 32,monthly_discount,fixed,10000,280000,10000,270000,true
STU-01386,2026-01-01,260000,UZS,Cash,,RCPT-N-03665,Completed,Tuition,Yanvar tuition; source: TEMURBEK SCHOOL - Tursunov Islomjon 45% (1).csv line 32,monthly_discount,fixed,20000,280000,20000,260000,true
STU-01386,2026-02-01,270000,UZS,Cash,,RCPT-N-03666,Completed,Tuition,Fevral tuition; source: TEMURBEK SCHOOL - Tursunov Islomjon 45% (1).csv line 32,monthly_discount,fixed,10000,280000,10000,270000,true
STU-01386,2026-03-01,280000,UZS,Cash,,RCPT-N-03667,Completed,Tuition,Mart tuition; source: TEMURBEK SCHOOL - Tursunov Islomjon 45% (1).csv line 32,,,,,,,
STU-01386,2026-04-01,280000,UZS,Cash,,RCPT-N-03668,Completed,Tuition,Aprel tuition; source: TEMURBEK SCHOOL - Tursunov Islomjon 45% (1).csv line 32,,,,,,,
STU-01386,2026-05-01,280000,UZS,Cash,,RCPT-N-03669,Completed,Tuition,May tuition; source: TEMURBEK SCHOOL - Tursunov Islomjon 45% (1).csv line 32,,,,,,,
STU-01387,2025-12-01,270000,UZS,Cash,,RCPT-N-03670,Completed,Tuition,Dekabr tuition; source: TEMURBEK SCHOOL - Tursunov Islomjon 45% (1).csv line 33,monthly_discount,fixed,10000,280000,10000,270000,true
STU-01387,2026-01-01,270000,UZS,Cash,,RCPT-N-03671,Completed,Tuition,Yanvar tuition; source: TEMURBEK SCHOOL - Tursunov Islomjon 45% (1).csv line 33,monthly_discount,fixed,10000,280000,10000,270000,true
STU-01387,2026-02-01,270000,UZS,Cash,,RCPT-N-03672,Completed,Tuition,Fevral tuition; source: TEMURBEK SCHOOL - Tursunov Islomjon 45% (1).csv line 33,monthly_discount,fixed,10000,280000,10000,270000,true
STU-01387,2026-03-01,280000,UZS,Cash,,RCPT-N-03673,Completed,Tuition,Mart tuition; source: TEMURBEK SCHOOL - Tursunov Islomjon 45% (1).csv line 33,,,,,,,
STU-01387,2026-04-01,280000,UZS,Cash,,RCPT-N-03674,Completed,Tuition,Aprel tuition; source: TEMURBEK SCHOOL - Tursunov Islomjon 45% (1).csv line 33,,,,,,,
STU-01387,2026-05-01,280000,UZS,Cash,,RCPT-N-03675,Completed,Tuition,May tuition; source: TEMURBEK SCHOOL - Tursunov Islomjon 45% (1).csv line 33,,,,,,,
STU-01388,2025-12-01,150000,UZS,Cash,,RCPT-N-03676,Completed,Tuition,Dekabr tuition; source: TEMURBEK SCHOOL - Tursunov Islomjon 45% (1).csv line 34,monthly_discount,fixed,130000,280000,130000,150000,true
STU-01388,2026-01-01,270000,UZS,Cash,,RCPT-N-03677,Completed,Tuition,Yanvar tuition; source: TEMURBEK SCHOOL - Tursunov Islomjon 45% (1).csv line 34,monthly_discount,fixed,10000,280000,10000,270000,true
STU-01388,2026-02-01,270000,UZS,Cash,,RCPT-N-03678,Completed,Tuition,Fevral tuition; source: TEMURBEK SCHOOL - Tursunov Islomjon 45% (1).csv line 34,monthly_discount,fixed,10000,280000,10000,270000,true
STU-01388,2026-03-01,280000,UZS,Cash,,RCPT-N-03679,Completed,Tuition,Mart tuition; source: TEMURBEK SCHOOL - Tursunov Islomjon 45% (1).csv line 34,,,,,,,
STU-01388,2026-04-01,280000,UZS,Cash,,RCPT-N-03680,Completed,Tuition,Aprel tuition; source: TEMURBEK SCHOOL - Tursunov Islomjon 45% (1).csv line 34,,,,,,,
STU-01388,2026-05-01,280000,UZS,Cash,,RCPT-N-03681,Completed,Tuition,May tuition; source: TEMURBEK SCHOOL - Tursunov Islomjon 45% (1).csv line 34,,,,,,,
STU-01389,2025-12-01,270000,UZS,Cash,,RCPT-N-03682,Completed,Tuition,Dekabr tuition; source: TEMURBEK SCHOOL - Tursunov Islomjon 45% (1).csv line 35,monthly_discount,fixed,10000,280000,10000,270000,true
STU-01389,2026-01-01,270000,UZS,Cash,,RCPT-N-03683,Completed,Tuition,Yanvar tuition; source: TEMURBEK SCHOOL - Tursunov Islomjon 45% (1).csv line 35,monthly_discount,fixed,10000,280000,10000,270000,true
STU-01389,2026-02-01,250000,UZS,Cash,,RCPT-N-03684,Completed,Tuition,Fevral tuition; source: TEMURBEK SCHOOL - Tursunov Islomjon 45% (1).csv line 35,serial_discount,fixed,30000,280000,30000,250000,true
STU-01389,2026-03-01,250000,UZS,Cash,,RCPT-N-03685,Completed,Tuition,Mart tuition; source: TEMURBEK SCHOOL - Tursunov Islomjon 45% (1).csv line 35,serial_discount,fixed,30000,280000,30000,250000,true
STU-01389,2026-04-01,250000,UZS,Cash,,RCPT-N-03686,Completed,Tuition,Aprel tuition; source: TEMURBEK SCHOOL - Tursunov Islomjon 45% (1).csv line 35,serial_discount,fixed,30000,280000,30000,250000,true
STU-01389,2026-05-01,250000,UZS,Cash,,RCPT-N-03687,Completed,Tuition,May tuition; source: TEMURBEK SCHOOL - Tursunov Islomjon 45% (1).csv line 35,serial_discount,fixed,30000,280000,30000,250000,true
STU-01397,2025-12-01,270000,UZS,Cash,,RCPT-N-03688,Completed,Tuition,Dekabr tuition; source: TEMURBEK SCHOOL - Tursunov Islomjon 45% (1).csv line 46,monthly_discount,fixed,10000,280000,10000,270000,true
STU-01397,2026-01-01,270000,UZS,Cash,,RCPT-N-03689,Completed,Tuition,Yanvar tuition; source: TEMURBEK SCHOOL - Tursunov Islomjon 45% (1).csv line 46,monthly_discount,fixed,10000,280000,10000,270000,true
STU-01397,2026-02-01,270000,UZS,Cash,,RCPT-N-03690,Completed,Tuition,Fevral tuition; source: TEMURBEK SCHOOL - Tursunov Islomjon 45% (1).csv line 46,monthly_discount,fixed,10000,280000,10000,270000,true
STU-01397,2026-03-01,280000,UZS,Cash,,RCPT-N-03691,Completed,Tuition,Mart tuition; source: TEMURBEK SCHOOL - Tursunov Islomjon 45% (1).csv line 46,,,,,,,
STU-01397,2026-04-01,280000,UZS,Cash,,RCPT-N-03692,Completed,Tuition,Aprel tuition; source: TEMURBEK SCHOOL - Tursunov Islomjon 45% (1).csv line 46,,,,,,,
STU-01397,2026-05-01,280000,UZS,Cash,,RCPT-N-03693,Completed,Tuition,May tuition; source: TEMURBEK SCHOOL - Tursunov Islomjon 45% (1).csv line 46,,,,,,,
STU-01398,2025-12-01,270000,UZS,Cash,,RCPT-N-03694,Completed,Tuition,Dekabr tuition; source: TEMURBEK SCHOOL - Tursunov Islomjon 45% (1).csv line 47,monthly_discount,fixed,10000,280000,10000,270000,true
STU-01398,2026-01-01,270000,UZS,Cash,,RCPT-N-03695,Completed,Tuition,Yanvar tuition; source: TEMURBEK SCHOOL - Tursunov Islomjon 45% (1).csv line 47,monthly_discount,fixed,10000,280000,10000,270000,true
STU-01398,2026-02-01,270000,UZS,Cash,,RCPT-N-03696,Completed,Tuition,Fevral tuition; source: TEMURBEK SCHOOL - Tursunov Islomjon 45% (1).csv line 47,monthly_discount,fixed,10000,280000,10000,270000,true
STU-01398,2026-03-01,280000,UZS,Cash,,RCPT-N-03697,Completed,Tuition,Mart tuition; source: TEMURBEK SCHOOL - Tursunov Islomjon 45% (1).csv line 47,,,,,,,
STU-01398,2026-04-01,280000,UZS,Cash,,RCPT-N-03698,Completed,Tuition,Aprel tuition; source: TEMURBEK SCHOOL - Tursunov Islomjon 45% (1).csv line 47,,,,,,,
STU-01398,2026-05-01,280000,UZS,Cash,,RCPT-N-03699,Completed,Tuition,May tuition; source: TEMURBEK SCHOOL - Tursunov Islomjon 45% (1).csv line 47,,,,,,,
STU-01399,2025-12-01,270000,UZS,Cash,,RCPT-N-03700,Completed,Tuition,Dekabr tuition; source: TEMURBEK SCHOOL - Tursunov Islomjon 45% (1).csv line 48,monthly_discount,fixed,10000,280000,10000,270000,true
STU-01399,2026-01-01,270000,UZS,Cash,,RCPT-N-03701,Completed,Tuition,Yanvar tuition; source: TEMURBEK SCHOOL - Tursunov Islomjon 45% (1).csv line 48,monthly_discount,fixed,10000,280000,10000,270000,true
STU-01399,2026-02-01,270000,UZS,Cash,,RCPT-N-03702,Completed,Tuition,Fevral tuition; source: TEMURBEK SCHOOL - Tursunov Islomjon 45% (1).csv line 48,monthly_discount,fixed,10000,280000,10000,270000,true
STU-01399,2026-03-01,280000,UZS,Cash,,RCPT-N-03703,Completed,Tuition,Mart tuition; source: TEMURBEK SCHOOL - Tursunov Islomjon 45% (1).csv line 48,,,,,,,
STU-01399,2026-04-01,280000,UZS,Cash,,RCPT-N-03704,Completed,Tuition,Aprel tuition; source: TEMURBEK SCHOOL - Tursunov Islomjon 45% (1).csv line 48,,,,,,,
STU-01399,2026-05-01,280000,UZS,Cash,,RCPT-N-03705,Completed,Tuition,May tuition; source: TEMURBEK SCHOOL - Tursunov Islomjon 45% (1).csv line 48,,,,,,,
STU-01400,2026-03-01,135000,UZS,Cash,,RCPT-N-03706,Completed,Tuition,Mart tuition; source: TEMURBEK SCHOOL - Tursunov Islomjon 45% (1).csv line 49,monthly_discount,fixed,145000,280000,145000,135000,true
STU-01400,2026-04-01,270000,UZS,Cash,,RCPT-N-03707,Completed,Tuition,Aprel tuition; source: TEMURBEK SCHOOL - Tursunov Islomjon 45% (1).csv line 49,serial_discount,fixed,10000,280000,10000,270000,true
STU-01400,2026-05-01,270000,UZS,Cash,,RCPT-N-03708,Completed,Tuition,May tuition; source: TEMURBEK SCHOOL - Tursunov Islomjon 45% (1).csv line 49,serial_discount,fixed,10000,280000,10000,270000,true
STU-01401,2026-03-01,225000,UZS,Cash,,RCPT-N-03709,Completed,Tuition,Mart tuition; source: TEMURBEK SCHOOL - Tursunov Islomjon 45% (1).csv line 55,serial_discount,fixed,45000,270000,45000,225000,true
STU-01401,2026-04-01,225000,UZS,Cash,,RCPT-N-03710,Completed,Tuition,Aprel tuition; source: TEMURBEK SCHOOL - Tursunov Islomjon 45% (1).csv line 55,serial_discount,fixed,45000,270000,45000,225000,true
STU-01401,2026-05-01,225000,UZS,Cash,,RCPT-N-03711,Completed,Tuition,May tuition; source: TEMURBEK SCHOOL - Tursunov Islomjon 45% (1).csv line 55,serial_discount,fixed,45000,270000,45000,225000,true
STU-01402,2025-12-01,200000,UZS,Cash,,RCPT-N-03712,Completed,Tuition,Dekabr tuition; source: TEMURBEK SCHOOL - Tursunov Islomjon 45% (1).csv line 56,monthly_discount,fixed,70000,270000,70000,200000,true
STU-01402,2026-01-01,270000,UZS,Cash,,RCPT-N-03713,Completed,Tuition,Yanvar tuition; source: TEMURBEK SCHOOL - Tursunov Islomjon 45% (1).csv line 56,,,,,,,
STU-01402,2026-02-01,270000,UZS,Cash,,RCPT-N-03714,Completed,Tuition,Fevral tuition; source: TEMURBEK SCHOOL - Tursunov Islomjon 45% (1).csv line 56,,,,,,,
STU-01402,2026-03-01,270000,UZS,Cash,,RCPT-N-03715,Completed,Tuition,Mart tuition; source: TEMURBEK SCHOOL - Tursunov Islomjon 45% (1).csv line 56,,,,,,,
STU-01402,2026-04-01,180000,UZS,Cash,,RCPT-N-03716,Completed,Tuition,Aprel tuition; source: TEMURBEK SCHOOL - Tursunov Islomjon 45% (1).csv line 56,monthly_discount,fixed,90000,270000,90000,180000,true
STU-01402,2026-05-01,270000,UZS,Cash,,RCPT-N-03717,Completed,Tuition,May tuition; source: TEMURBEK SCHOOL - Tursunov Islomjon 45% (1).csv line 56,,,,,,,
STU-01403,2025-12-01,270000,UZS,Cash,,RCPT-N-03718,Completed,Tuition,Dekabr tuition; source: TEMURBEK SCHOOL - Tursunov Islomjon 45% (1).csv line 57,,,,,,,
STU-01403,2026-01-01,270000,UZS,Cash,,RCPT-N-03719,Completed,Tuition,Yanvar tuition; source: TEMURBEK SCHOOL - Tursunov Islomjon 45% (1).csv line 57,,,,,,,
STU-01403,2026-02-01,270000,UZS,Cash,,RCPT-N-03720,Completed,Tuition,Fevral tuition; source: TEMURBEK SCHOOL - Tursunov Islomjon 45% (1).csv line 57,,,,,,,
STU-01403,2026-03-01,270000,UZS,Cash,,RCPT-N-03721,Completed,Tuition,Mart tuition; source: TEMURBEK SCHOOL - Tursunov Islomjon 45% (1).csv line 57,,,,,,,
STU-01403,2026-04-01,200000,UZS,Cash,,RCPT-N-03722,Completed,Tuition,Aprel tuition; source: TEMURBEK SCHOOL - Tursunov Islomjon 45% (1).csv line 57,monthly_discount,fixed,70000,270000,70000,200000,true
STU-01403,2026-05-01,270000,UZS,Cash,,RCPT-N-03723,Completed,Tuition,May tuition; source: TEMURBEK SCHOOL - Tursunov Islomjon 45% (1).csv line 57,,,,,,,
STU-01404,2025-12-01,270000,UZS,Cash,,RCPT-N-03724,Completed,Tuition,Dekabr tuition; source: TEMURBEK SCHOOL - Tursunov Islomjon 45% (1).csv line 58,,,,,,,
STU-01404,2026-01-01,270000,UZS,Cash,,RCPT-N-03725,Completed,Tuition,Yanvar tuition; source: TEMURBEK SCHOOL - Tursunov Islomjon 45% (1).csv line 58,,,,,,,
STU-01404,2026-02-01,270000,UZS,Cash,,RCPT-N-03726,Completed,Tuition,Fevral tuition; source: TEMURBEK SCHOOL - Tursunov Islomjon 45% (1).csv line 58,,,,,,,
STU-01404,2026-03-01,270000,UZS,Cash,,RCPT-N-03727,Completed,Tuition,Mart tuition; source: TEMURBEK SCHOOL - Tursunov Islomjon 45% (1).csv line 58,,,,,,,
STU-01404,2026-04-01,270000,UZS,Cash,,RCPT-N-03728,Completed,Tuition,Aprel tuition; source: TEMURBEK SCHOOL - Tursunov Islomjon 45% (1).csv line 58,,,,,,,
STU-01404,2026-05-01,270000,UZS,Cash,,RCPT-N-03729,Completed,Tuition,May tuition; source: TEMURBEK SCHOOL - Tursunov Islomjon 45% (1).csv line 58,,,,,,,
STU-01405,2025-12-01,270000,UZS,Cash,,RCPT-N-03730,Completed,Tuition,Dekabr tuition; source: TEMURBEK SCHOOL - Tursunov Islomjon 45% (1).csv line 59,,,,,,,
STU-01405,2026-01-01,270000,UZS,Cash,,RCPT-N-03731,Completed,Tuition,Yanvar tuition; source: TEMURBEK SCHOOL - Tursunov Islomjon 45% (1).csv line 59,,,,,,,
STU-01405,2026-02-01,270000,UZS,Cash,,RCPT-N-03732,Completed,Tuition,Fevral tuition; source: TEMURBEK SCHOOL - Tursunov Islomjon 45% (1).csv line 59,,,,,,,
STU-01405,2026-03-01,115000,UZS,Cash,,RCPT-N-03733,Completed,Tuition,Mart tuition; source: TEMURBEK SCHOOL - Tursunov Islomjon 45% (1).csv line 59,monthly_discount,fixed,155000,270000,155000,115000,true
STU-01405,2026-04-01,270000,UZS,Cash,,RCPT-N-03734,Completed,Tuition,Aprel tuition; source: TEMURBEK SCHOOL - Tursunov Islomjon 45% (1).csv line 59,,,,,,,
STU-01405,2026-05-01,270000,UZS,Cash,,RCPT-N-03735,Completed,Tuition,May tuition; source: TEMURBEK SCHOOL - Tursunov Islomjon 45% (1).csv line 59,,,,,,,
STU-01406,2025-12-01,270000,UZS,Cash,,RCPT-N-03736,Completed,Tuition,Dekabr tuition; source: TEMURBEK SCHOOL - Tursunov Islomjon 45% (1).csv line 60,,,,,,,
STU-01406,2026-01-01,270000,UZS,Cash,,RCPT-N-03737,Completed,Tuition,Yanvar tuition; source: TEMURBEK SCHOOL - Tursunov Islomjon 45% (1).csv line 60,,,,,,,
STU-01406,2026-02-01,270000,UZS,Cash,,RCPT-N-03738,Completed,Tuition,Fevral tuition; source: TEMURBEK SCHOOL - Tursunov Islomjon 45% (1).csv line 60,,,,,,,
STU-01406,2026-03-01,200000,UZS,Cash,,RCPT-N-03739,Completed,Tuition,Mart tuition; source: TEMURBEK SCHOOL - Tursunov Islomjon 45% (1).csv line 60,monthly_discount,fixed,70000,270000,70000,200000,true
STU-01406,2026-04-01,270000,UZS,Cash,,RCPT-N-03740,Completed,Tuition,Aprel tuition; source: TEMURBEK SCHOOL - Tursunov Islomjon 45% (1).csv line 60,,,,,,,
STU-01406,2026-05-01,270000,UZS,Cash,,RCPT-N-03741,Completed,Tuition,May tuition; source: TEMURBEK SCHOOL - Tursunov Islomjon 45% (1).csv line 60,,,,,,,
STU-01407,2026-03-01,135000,UZS,Cash,,RCPT-N-03742,Completed,Tuition,Mart tuition; source: TEMURBEK SCHOOL - Tursunov Islomjon 45% (1).csv line 61,monthly_discount,fixed,135000,270000,135000,135000,true
STU-01407,2026-04-01,270000,UZS,Cash,,RCPT-N-03743,Completed,Tuition,Aprel tuition; source: TEMURBEK SCHOOL - Tursunov Islomjon 45% (1).csv line 61,,,,,,,
STU-01407,2026-05-01,270000,UZS,Cash,,RCPT-N-03744,Completed,Tuition,May tuition; source: TEMURBEK SCHOOL - Tursunov Islomjon 45% (1).csv line 61,,,,,,,
STU-01408,2025-12-01,270000,UZS,Cash,,RCPT-N-03745,Completed,Tuition,Dekabr tuition; source: TEMURBEK SCHOOL - Tursunov Islomjon 45% (1).csv line 62,,,,,,,
STU-01408,2026-01-01,270000,UZS,Cash,,RCPT-N-03746,Completed,Tuition,Yanvar tuition; source: TEMURBEK SCHOOL - Tursunov Islomjon 45% (1).csv line 62,,,,,,,
STU-01408,2026-02-01,270000,UZS,Cash,,RCPT-N-03747,Completed,Tuition,Fevral tuition; source: TEMURBEK SCHOOL - Tursunov Islomjon 45% (1).csv line 62,,,,,,,
STU-01408,2026-03-01,200000,UZS,Cash,,RCPT-N-03748,Completed,Tuition,Mart tuition; source: TEMURBEK SCHOOL - Tursunov Islomjon 45% (1).csv line 62,monthly_discount,fixed,70000,270000,70000,200000,true
STU-01408,2026-04-01,270000,UZS,Cash,,RCPT-N-03749,Completed,Tuition,Aprel tuition; source: TEMURBEK SCHOOL - Tursunov Islomjon 45% (1).csv line 62,,,,,,,
STU-01408,2026-05-01,270000,UZS,Cash,,RCPT-N-03750,Completed,Tuition,May tuition; source: TEMURBEK SCHOOL - Tursunov Islomjon 45% (1).csv line 62,,,,,,,
STU-01409,2026-03-01,270000,UZS,Cash,,RCPT-N-03751,Completed,Tuition,Mart tuition; source: TEMURBEK SCHOOL - Tursunov Islomjon 45% (1).csv line 63,,,,,,,
STU-01409,2026-04-01,270000,UZS,Cash,,RCPT-N-03752,Completed,Tuition,Aprel tuition; source: TEMURBEK SCHOOL - Tursunov Islomjon 45% (1).csv line 63,,,,,,,
STU-01409,2026-05-01,270000,UZS,Cash,,RCPT-N-03753,Completed,Tuition,May tuition; source: TEMURBEK SCHOOL - Tursunov Islomjon 45% (1).csv line 63,,,,,,,
STU-01410,2026-03-01,65000,UZS,Cash,,RCPT-N-03754,Completed,Tuition,Mart tuition; source: TEMURBEK SCHOOL - Tursunov Islomjon 45% (1).csv line 64,monthly_discount,fixed,205000,270000,205000,65000,true
STU-01410,2026-04-01,270000,UZS,Cash,,RCPT-N-03755,Completed,Tuition,Aprel tuition; source: TEMURBEK SCHOOL - Tursunov Islomjon 45% (1).csv line 64,,,,,,,
STU-01410,2026-05-01,270000,UZS,Cash,,RCPT-N-03756,Completed,Tuition,May tuition; source: TEMURBEK SCHOOL - Tursunov Islomjon 45% (1).csv line 64,,,,,,,
STU-01411,2026-03-01,65000,UZS,Cash,,RCPT-N-03757,Completed,Tuition,Mart tuition; source: TEMURBEK SCHOOL - Tursunov Islomjon 45% (1).csv line 65,monthly_discount,fixed,205000,270000,205000,65000,true
STU-01411,2026-04-01,270000,UZS,Cash,,RCPT-N-03758,Completed,Tuition,Aprel tuition; source: TEMURBEK SCHOOL - Tursunov Islomjon 45% (1).csv line 65,,,,,,,
STU-01411,2026-05-01,270000,UZS,Cash,,RCPT-N-03759,Completed,Tuition,May tuition; source: TEMURBEK SCHOOL - Tursunov Islomjon 45% (1).csv line 65,,,,,,,
STU-01412,2026-03-01,65000,UZS,Cash,,RCPT-N-03760,Completed,Tuition,Mart tuition; source: TEMURBEK SCHOOL - Tursunov Islomjon 45% (1).csv line 66,monthly_discount,fixed,205000,270000,205000,65000,true
STU-01412,2026-04-01,270000,UZS,Cash,,RCPT-N-03761,Completed,Tuition,Aprel tuition; source: TEMURBEK SCHOOL - Tursunov Islomjon 45% (1).csv line 66,,,,,,,
STU-01412,2026-05-01,270000,UZS,Cash,,RCPT-N-03762,Completed,Tuition,May tuition; source: TEMURBEK SCHOOL - Tursunov Islomjon 45% (1).csv line 66,,,,,,,
STU-01413,2026-05-01,270000,UZS,Cash,,RCPT-N-03763,Completed,Tuition,May tuition; source: TEMURBEK SCHOOL - Tursunov Islomjon 45% (1).csv line 67,,,,,,,
STU-01414,2025-12-01,270000,UZS,Cash,,RCPT-N-03764,Completed,Tuition,Dekabr tuition; source: TEMURBEK SCHOOL - Tursunov Islomjon 45% (1).csv line 68,,,,,,,
STU-01414,2026-01-01,270000,UZS,Cash,,RCPT-N-03765,Completed,Tuition,Yanvar tuition; source: TEMURBEK SCHOOL - Tursunov Islomjon 45% (1).csv line 68,,,,,,,
STU-01414,2026-02-01,270000,UZS,Cash,,RCPT-N-03766,Completed,Tuition,Fevral tuition; source: TEMURBEK SCHOOL - Tursunov Islomjon 45% (1).csv line 68,,,,,,,
STU-01414,2026-03-01,280000,UZS,Cash,,RCPT-N-03767,Completed,Tuition,Mart tuition; source: TEMURBEK SCHOOL - Tursunov Islomjon 45% (1).csv line 68,,,,,,,
STU-01414,2026-04-01,280000,UZS,Cash,,RCPT-N-03768,Completed,Tuition,Aprel tuition; source: TEMURBEK SCHOOL - Tursunov Islomjon 45% (1).csv line 68,,,,,,,
STU-01414,2026-05-01,280000,UZS,Cash,,RCPT-N-03769,Completed,Tuition,May tuition; source: TEMURBEK SCHOOL - Tursunov Islomjon 45% (1).csv line 68,,,,,,,
STU-01415,2025-12-01,270000,UZS,Cash,,RCPT-N-03770,Completed,Tuition,Dekabr tuition; source: TEMURBEK SCHOOL - Tursunov Islomjon 45% (1).csv line 69,,,,,,,
STU-01415,2026-01-01,270000,UZS,Cash,,RCPT-N-03771,Completed,Tuition,Yanvar tuition; source: TEMURBEK SCHOOL - Tursunov Islomjon 45% (1).csv line 69,,,,,,,
STU-01415,2026-02-01,270000,UZS,Cash,,RCPT-N-03772,Completed,Tuition,Fevral tuition; source: TEMURBEK SCHOOL - Tursunov Islomjon 45% (1).csv line 69,,,,,,,
STU-01415,2026-03-01,280000,UZS,Cash,,RCPT-N-03773,Completed,Tuition,Mart tuition; source: TEMURBEK SCHOOL - Tursunov Islomjon 45% (1).csv line 69,,,,,,,
STU-01415,2026-04-01,280000,UZS,Cash,,RCPT-N-03774,Completed,Tuition,Aprel tuition; source: TEMURBEK SCHOOL - Tursunov Islomjon 45% (1).csv line 69,,,,,,,
STU-01415,2026-05-01,280000,UZS,Cash,,RCPT-N-03775,Completed,Tuition,May tuition; source: TEMURBEK SCHOOL - Tursunov Islomjon 45% (1).csv line 69,,,,,,,
STU-01422,2026-05-01,270000,UZS,Cash,,RCPT-N-03776,Completed,Tuition,May tuition; source: TEMURBEK SCHOOL - Tursunov Islomjon 45% (1).csv line 79,,,,,,,
STU-01423,2026-05-01,270000,UZS,Cash,,RCPT-N-03777,Completed,Tuition,May tuition; source: TEMURBEK SCHOOL - Tursunov Islomjon 45% (1).csv line 80,,,,,,,
STU-01424,2026-05-01,270000,UZS,Cash,,RCPT-N-03778,Completed,Tuition,May tuition; source: TEMURBEK SCHOOL - Tursunov Islomjon 45% (1).csv line 81,,,,,,,
STU-01425,2026-05-01,270000,UZS,Cash,,RCPT-N-03779,Completed,Tuition,May tuition; source: TEMURBEK SCHOOL - Tursunov Islomjon 45% (1).csv line 82,,,,,,,
STU-01426,2026-05-01,270000,UZS,Cash,,RCPT-N-03780,Completed,Tuition,May tuition; source: TEMURBEK SCHOOL - Tursunov Islomjon 45% (1).csv line 83,,,,,,,
STU-01427,2026-05-01,270000,UZS,Cash,,RCPT-N-03781,Completed,Tuition,May tuition; source: TEMURBEK SCHOOL - Tursunov Islomjon 45% (1).csv line 84,,,,,,,
STU-01428,2026-05-01,280000,UZS,Cash,,RCPT-N-03782,Completed,Tuition,May tuition; source: TEMURBEK SCHOOL - Tursunov Islomjon 45% (1).csv line 85,,,,,,,
STU-01429,2026-05-01,125000,UZS,Cash,,RCPT-N-03783,Completed,Tuition,May tuition; source: TEMURBEK SCHOOL - Tursunov Islomjon 45% (1).csv line 86,monthly_discount,fixed,145000,270000,145000,125000,true
STU-01430,2026-05-01,125000,UZS,Cash,,RCPT-N-03784,Completed,Tuition,May tuition; source: TEMURBEK SCHOOL - Tursunov Islomjon 45% (1).csv line 87,monthly_discount,fixed,145000,270000,145000,125000,true
STU-01431,2026-05-01,125000,UZS,Cash,,RCPT-N-03785,Completed,Tuition,May tuition; source: TEMURBEK SCHOOL - Tursunov Islomjon 45% (1).csv line 88,monthly_discount,fixed,145000,270000,145000,125000,true
STU-01432,2026-05-01,100000,UZS,Cash,,RCPT-N-03786,Completed,Tuition,May tuition; source: TEMURBEK SCHOOL - Tursunov Islomjon 45% (1).csv line 89,monthly_discount,fixed,170000,270000,170000,100000,true
STU-01433,2026-05-01,110000,UZS,Cash,,RCPT-N-03787,Completed,Tuition,May tuition; source: TEMURBEK SCHOOL - Tursunov Islomjon 45% (1).csv line 90,monthly_discount,fixed,160000,270000,160000,110000,true
STU-01434,2026-05-01,110000,UZS,Cash,,RCPT-N-03788,Completed,Tuition,May tuition; source: TEMURBEK SCHOOL - Tursunov Islomjon 45% (1).csv line 91,monthly_discount,fixed,160000,270000,160000,110000,true
STU-01436,2026-05-01,100000,UZS,Cash,,RCPT-N-03789,Completed,Tuition,May tuition; source: TEMURBEK SCHOOL - Tursunov Islomjon 45% (1).csv line 93,monthly_discount,fixed,170000,270000,170000,100000,true
STU-01437,2026-05-01,125000,UZS,Cash,,RCPT-N-03790,Completed,Tuition,May tuition; source: TEMURBEK SCHOOL - Tursunov Islomjon 45% (1).csv line 94,monthly_discount,fixed,145000,270000,145000,125000,true
STU-01438,2026-05-01,100000,UZS,Cash,,RCPT-N-03791,Completed,Tuition,May tuition; source: TEMURBEK SCHOOL - Tursunov Islomjon 45% (1).csv line 95,monthly_discount,fixed,170000,270000,170000,100000,true
STU-01439,2026-05-01,75000,UZS,Cash,,RCPT-N-03792,Completed,Tuition,May tuition; source: TEMURBEK SCHOOL - Tursunov Islomjon 45% (1).csv line 96,monthly_discount,fixed,195000,270000,195000,75000,true
STU-01441,2025-12-01,270000,UZS,Cash,,RCPT-N-03793,Completed,Tuition,Dekabr tuition; source: TEMURBEK SCHOOL - Tursunov Islomjon 45% (1).csv line 101,monthly_discount,fixed,380000,650000,380000,270000,true
STU-01441,2026-01-01,200000,UZS,Cash,,RCPT-N-03794,Completed,Tuition,Yanvar tuition; source: TEMURBEK SCHOOL - Tursunov Islomjon 45% (1).csv line 101,monthly_discount,fixed,450000,650000,450000,200000,true
STU-01441,2026-02-01,600000,UZS,Cash,,RCPT-N-03795,Completed,Tuition,Fevral tuition; source: TEMURBEK SCHOOL - Tursunov Islomjon 45% (1).csv line 101,monthly_discount,fixed,50000,650000,50000,600000,true
STU-01441,2026-03-01,650000,UZS,Cash,,RCPT-N-03796,Completed,Tuition,Mart tuition; source: TEMURBEK SCHOOL - Tursunov Islomjon 45% (1).csv line 101,,,,,,,
STU-01441,2026-04-01,650000,UZS,Cash,,RCPT-N-03797,Completed,Tuition,Aprel tuition; source: TEMURBEK SCHOOL - Tursunov Islomjon 45% (1).csv line 101,,,,,,,
STU-01441,2026-05-01,650000,UZS,Cash,,RCPT-N-03798,Completed,Tuition,May tuition; source: TEMURBEK SCHOOL - Tursunov Islomjon 45% (1).csv line 101,,,,,,,
STU-01442,2026-04-01,216000,UZS,Cash,,RCPT-N-03799,Completed,Tuition,Aprel tuition; source: TEMURBEK SCHOOL - Tursunov Islomjon 45% (1).csv line 102,monthly_discount,fixed,434000,650000,434000,216000,true
STU-01442,2026-05-01,385000,UZS,Cash,,RCPT-N-03800,Completed,Tuition,May tuition; source: TEMURBEK SCHOOL - Tursunov Islomjon 45% (1).csv line 102,monthly_discount,fixed,265000,650000,265000,385000,true
STU-01443,2026-01-01,490000,UZS,Cash,,RCPT-N-03801,Completed,Tuition,Yanvar tuition; source: TEMURBEK SCHOOL - Tursunov Islomjon 45% (1).csv line 103,monthly_discount,fixed,160000,650000,160000,490000,true
STU-01443,2026-02-01,650000,UZS,Cash,,RCPT-N-03802,Completed,Tuition,Fevral tuition; source: TEMURBEK SCHOOL - Tursunov Islomjon 45% (1).csv line 103,,,,,,,
STU-01443,2026-03-01,650000,UZS,Cash,,RCPT-N-03803,Completed,Tuition,Mart tuition; source: TEMURBEK SCHOOL - Tursunov Islomjon 45% (1).csv line 103,,,,,,,
STU-01443,2026-04-01,650000,UZS,Cash,,RCPT-N-03804,Completed,Tuition,Aprel tuition; source: TEMURBEK SCHOOL - Tursunov Islomjon 45% (1).csv line 103,,,,,,,
STU-01443,2026-05-01,650000,UZS,Cash,,RCPT-N-03805,Completed,Tuition,May tuition; source: TEMURBEK SCHOOL - Tursunov Islomjon 45% (1).csv line 103,,,,,,,
STU-01444,2026-01-01,435000,UZS,Cash,,RCPT-N-03806,Completed,Tuition,Yanvar tuition; source: TEMURBEK SCHOOL - Tursunov Islomjon 45% (1).csv line 104,monthly_discount,fixed,215000,650000,215000,435000,true
STU-01444,2026-02-01,650000,UZS,Cash,,RCPT-N-03807,Completed,Tuition,Fevral tuition; source: TEMURBEK SCHOOL - Tursunov Islomjon 45% (1).csv line 104,,,,,,,
STU-01444,2026-03-01,650000,UZS,Cash,,RCPT-N-03808,Completed,Tuition,Mart tuition; source: TEMURBEK SCHOOL - Tursunov Islomjon 45% (1).csv line 104,,,,,,,
STU-01444,2026-04-01,160000,UZS,Cash,,RCPT-N-03809,Completed,Tuition,Aprel tuition; source: TEMURBEK SCHOOL - Tursunov Islomjon 45% (1).csv line 104,monthly_discount,fixed,490000,650000,490000,160000,true
STU-01444,2026-05-01,650000,UZS,Cash,,RCPT-N-03810,Completed,Tuition,May tuition; source: TEMURBEK SCHOOL - Tursunov Islomjon 45% (1).csv line 104,,,,,,,
STU-01445,2026-01-01,160000,UZS,Cash,,RCPT-N-03811,Completed,Tuition,Yanvar tuition; source: TEMURBEK SCHOOL - Tursunov Islomjon 45% (1).csv line 105,monthly_discount,fixed,490000,650000,490000,160000,true
STU-01445,2026-02-01,650000,UZS,Cash,,RCPT-N-03812,Completed,Tuition,Fevral tuition; source: TEMURBEK SCHOOL - Tursunov Islomjon 45% (1).csv line 105,,,,,,,
STU-01445,2026-03-01,650000,UZS,Cash,,RCPT-N-03813,Completed,Tuition,Mart tuition; source: TEMURBEK SCHOOL - Tursunov Islomjon 45% (1).csv line 105,,,,,,,
STU-01445,2026-04-01,650000,UZS,Cash,,RCPT-N-03814,Completed,Tuition,Aprel tuition; source: TEMURBEK SCHOOL - Tursunov Islomjon 45% (1).csv line 105,,,,,,,
STU-01445,2026-05-01,650000,UZS,Cash,,RCPT-N-03815,Completed,Tuition,May tuition; source: TEMURBEK SCHOOL - Tursunov Islomjon 45% (1).csv line 105,,,,,,,
STU-01445,2026-06-01,650000,UZS,Cash,,RCPT-N-03816,Completed,Tuition,Iyun tuition; source: TEMURBEK SCHOOL - Tursunov Islomjon 45% (1).csv line 105,,,,,,,
STU-01446,2026-02-01,650000,UZS,Cash,,RCPT-N-03817,Completed,Tuition,Fevral tuition; source: TEMURBEK SCHOOL - Tursunov Islomjon 45% (1).csv line 106,,,,,,,
STU-01446,2026-03-01,650000,UZS,Cash,,RCPT-N-03818,Completed,Tuition,Mart tuition; source: TEMURBEK SCHOOL - Tursunov Islomjon 45% (1).csv line 106,,,,,,,
STU-01446,2026-04-01,650000,UZS,Cash,,RCPT-N-03819,Completed,Tuition,Aprel tuition; source: TEMURBEK SCHOOL - Tursunov Islomjon 45% (1).csv line 106,,,,,,,
STU-01446,2026-05-01,108000,UZS,Cash,,RCPT-N-03820,Completed,Tuition,May tuition; source: TEMURBEK SCHOOL - Tursunov Islomjon 45% (1).csv line 106,monthly_discount,fixed,542000,650000,542000,108000,true
STU-01447,2026-02-01,650000,UZS,Cash,,RCPT-N-03821,Completed,Tuition,Fevral tuition; source: TEMURBEK SCHOOL - Tursunov Islomjon 45% (1).csv line 107,,,,,,,
STU-01447,2026-03-01,650000,UZS,Cash,,RCPT-N-03822,Completed,Tuition,Mart tuition; source: TEMURBEK SCHOOL - Tursunov Islomjon 45% (1).csv line 107,,,,,,,
STU-01447,2026-04-01,650000,UZS,Cash,,RCPT-N-03823,Completed,Tuition,Aprel tuition; source: TEMURBEK SCHOOL - Tursunov Islomjon 45% (1).csv line 107,,,,,,,
STU-01447,2026-05-01,150000,UZS,Cash,,RCPT-N-03824,Completed,Tuition,May tuition; source: TEMURBEK SCHOOL - Tursunov Islomjon 45% (1).csv line 107,monthly_discount,fixed,500000,650000,500000,150000,true
STU-01448,2026-04-01,650000,UZS,Cash,,RCPT-N-03825,Completed,Tuition,Aprel tuition; source: TEMURBEK SCHOOL - Tursunov Islomjon 45% (1).csv line 108,,,,,,,
STU-01448,2026-05-01,160000,UZS,Cash,,RCPT-N-03826,Completed,Tuition,May tuition; source: TEMURBEK SCHOOL - Tursunov Islomjon 45% (1).csv line 108,monthly_discount,fixed,490000,650000,490000,160000,true
STU-01449,2026-05-01,215000,UZS,Cash,,RCPT-N-03827,Completed,Tuition,May tuition; source: TEMURBEK SCHOOL - Tursunov Islomjon 45% (1).csv line 109,monthly_discount,fixed,435000,650000,435000,215000,true
STU-01464,2026-04-01,280000,UZS,Cash,,RCPT-N-03828,Completed,Tuition,Aprel tuition; source: TEMURBEK SCHOOL - Uktamov Alisher 50% (1).csv line 22,,,,,,,
STU-01464,2026-05-01,280000,UZS,Cash,,RCPT-N-03829,Completed,Tuition,May tuition; source: TEMURBEK SCHOOL - Uktamov Alisher 50% (1).csv line 22,,,,,,,
STU-01465,2026-04-01,270000,UZS,Cash,,RCPT-N-03830,Completed,Tuition,Aprel tuition; source: TEMURBEK SCHOOL - Uktamov Alisher 50% (1).csv line 23,monthly_discount,fixed,10000,280000,10000,270000,true
STU-01465,2026-05-01,280000,UZS,Cash,,RCPT-N-03831,Completed,Tuition,May tuition; source: TEMURBEK SCHOOL - Uktamov Alisher 50% (1).csv line 23,,,,,,,
STU-01466,2026-04-01,280000,UZS,Cash,,RCPT-N-03832,Completed,Tuition,Aprel tuition; source: TEMURBEK SCHOOL - Uktamov Alisher 50% (1).csv line 24,,,,,,,
STU-01466,2026-05-01,280000,UZS,Cash,,RCPT-N-03833,Completed,Tuition,May tuition; source: TEMURBEK SCHOOL - Uktamov Alisher 50% (1).csv line 24,,,,,,,
STU-01467,2026-04-01,280000,UZS,Cash,,RCPT-N-03834,Completed,Tuition,Aprel tuition; source: TEMURBEK SCHOOL - Uktamov Alisher 50% (1).csv line 25,,,,,,,
STU-01467,2026-05-01,280000,UZS,Cash,,RCPT-N-03835,Completed,Tuition,May tuition; source: TEMURBEK SCHOOL - Uktamov Alisher 50% (1).csv line 25,,,,,,,
STU-01468,2026-04-01,250000,UZS,Cash,,RCPT-N-03836,Completed,Tuition,Aprel tuition; source: TEMURBEK SCHOOL - Uktamov Alisher 50% (1).csv line 26,serial_discount,fixed,30000,280000,30000,250000,true
STU-01468,2026-05-01,250000,UZS,Cash,,RCPT-N-03837,Completed,Tuition,May tuition; source: TEMURBEK SCHOOL - Uktamov Alisher 50% (1).csv line 26,serial_discount,fixed,30000,280000,30000,250000,true
STU-01470,2026-04-01,280000,UZS,Cash,,RCPT-N-03838,Completed,Tuition,Aprel tuition; source: TEMURBEK SCHOOL - Uktamov Alisher 50% (1).csv line 28,,,,,,,
STU-01470,2026-05-01,280000,UZS,Cash,,RCPT-N-03839,Completed,Tuition,May tuition; source: TEMURBEK SCHOOL - Uktamov Alisher 50% (1).csv line 28,,,,,,,
STU-01471,2026-04-01,280000,UZS,Cash,,RCPT-N-03840,Completed,Tuition,Aprel tuition; source: TEMURBEK SCHOOL - Uktamov Alisher 50% (1).csv line 29,,,,,,,
STU-01471,2026-05-01,280000,UZS,Cash,,RCPT-N-03841,Completed,Tuition,May tuition; source: TEMURBEK SCHOOL - Uktamov Alisher 50% (1).csv line 29,,,,,,,
STU-01472,2026-04-01,280000,UZS,Cash,,RCPT-N-03842,Completed,Tuition,Aprel tuition; source: TEMURBEK SCHOOL - Uktamov Alisher 50% (1).csv line 30,,,,,,,
STU-01474,2026-05-01,280000,UZS,Cash,,RCPT-N-03843,Completed,Tuition,May tuition; source: TEMURBEK SCHOOL - Uktamov Alisher 50% (1).csv line 32,,,,,,,
STU-01488,2025-12-01,270000,UZS,Cash,,RCPT-N-03844,Completed,Tuition,Dekabr tuition; source: TEMURBEK SCHOOL - Xursandmurodova Shamsiya 45% (1).csv line 6,,,,,,,
STU-01488,2026-01-01,270000,UZS,Cash,,RCPT-N-03845,Completed,Tuition,Yanvar tuition; source: TEMURBEK SCHOOL - Xursandmurodova Shamsiya 45% (1).csv line 6,,,,,,,
STU-01488,2026-02-01,270000,UZS,Cash,,RCPT-N-03846,Completed,Tuition,Fevral tuition; source: TEMURBEK SCHOOL - Xursandmurodova Shamsiya 45% (1).csv line 6,,,,,,,
STU-01488,2026-03-01,270000,UZS,Cash,,RCPT-N-03847,Completed,Tuition,Mart tuition; source: TEMURBEK SCHOOL - Xursandmurodova Shamsiya 45% (1).csv line 6,,,,,,,
STU-01488,2026-04-01,270000,UZS,Cash,,RCPT-N-03848,Completed,Tuition,Aprel tuition; source: TEMURBEK SCHOOL - Xursandmurodova Shamsiya 45% (1).csv line 6,,,,,,,
STU-01488,2026-05-01,270000,UZS,Cash,,RCPT-N-03849,Completed,Tuition,May tuition; source: TEMURBEK SCHOOL - Xursandmurodova Shamsiya 45% (1).csv line 6,,,,,,,
STU-01489,2025-12-01,260000,UZS,Cash,,RCPT-N-03850,Completed,Tuition,Dekabr tuition; source: TEMURBEK SCHOOL - Xursandmurodova Shamsiya 45% (1).csv line 7,monthly_discount,fixed,10000,270000,10000,260000,true
STU-01489,2026-01-01,260000,UZS,Cash,,RCPT-N-03851,Completed,Tuition,Yanvar tuition; source: TEMURBEK SCHOOL - Xursandmurodova Shamsiya 45% (1).csv line 7,monthly_discount,fixed,10000,270000,10000,260000,true
STU-01489,2026-02-01,270000,UZS,Cash,,RCPT-N-03852,Completed,Tuition,Fevral tuition; source: TEMURBEK SCHOOL - Xursandmurodova Shamsiya 45% (1).csv line 7,,,,,,,
STU-01489,2026-03-01,260000,UZS,Cash,,RCPT-N-03853,Completed,Tuition,Mart tuition; source: TEMURBEK SCHOOL - Xursandmurodova Shamsiya 45% (1).csv line 7,monthly_discount,fixed,10000,270000,10000,260000,true
STU-01489,2026-04-01,270000,UZS,Cash,,RCPT-N-03854,Completed,Tuition,Aprel tuition; source: TEMURBEK SCHOOL - Xursandmurodova Shamsiya 45% (1).csv line 7,,,,,,,
STU-01489,2026-05-01,270000,UZS,Cash,,RCPT-N-03855,Completed,Tuition,May tuition; source: TEMURBEK SCHOOL - Xursandmurodova Shamsiya 45% (1).csv line 7,,,,,,,
STU-01490,2026-02-01,270000,UZS,Cash,,RCPT-N-03856,Completed,Tuition,Fevral tuition; source: TEMURBEK SCHOOL - Xursandmurodova Shamsiya 45% (1).csv line 8,,,,,,,
STU-01490,2026-03-01,270000,UZS,Cash,,RCPT-N-03857,Completed,Tuition,Mart tuition; source: TEMURBEK SCHOOL - Xursandmurodova Shamsiya 45% (1).csv line 8,,,,,,,
STU-01490,2026-04-01,270000,UZS,Cash,,RCPT-N-03858,Completed,Tuition,Aprel tuition; source: TEMURBEK SCHOOL - Xursandmurodova Shamsiya 45% (1).csv line 8,,,,,,,
STU-01490,2026-05-01,270000,UZS,Cash,,RCPT-N-03859,Completed,Tuition,May tuition; source: TEMURBEK SCHOOL - Xursandmurodova Shamsiya 45% (1).csv line 8,,,,,,,
STU-01491,2026-02-01,270000,UZS,Cash,,RCPT-N-03860,Completed,Tuition,Fevral tuition; source: TEMURBEK SCHOOL - Xursandmurodova Shamsiya 45% (1).csv line 9,,,,,,,
STU-01491,2026-03-01,270000,UZS,Cash,,RCPT-N-03861,Completed,Tuition,Mart tuition; source: TEMURBEK SCHOOL - Xursandmurodova Shamsiya 45% (1).csv line 9,,,,,,,
STU-01491,2026-04-01,270000,UZS,Cash,,RCPT-N-03862,Completed,Tuition,Aprel tuition; source: TEMURBEK SCHOOL - Xursandmurodova Shamsiya 45% (1).csv line 9,,,,,,,
STU-01491,2026-05-01,270000,UZS,Cash,,RCPT-N-03863,Completed,Tuition,May tuition; source: TEMURBEK SCHOOL - Xursandmurodova Shamsiya 45% (1).csv line 9,,,,,,,
STU-01492,2026-02-01,270000,UZS,Cash,,RCPT-N-03864,Completed,Tuition,Fevral tuition; source: TEMURBEK SCHOOL - Xursandmurodova Shamsiya 45% (1).csv line 10,,,,,,,
STU-01492,2026-03-01,270000,UZS,Cash,,RCPT-N-03865,Completed,Tuition,Mart tuition; source: TEMURBEK SCHOOL - Xursandmurodova Shamsiya 45% (1).csv line 10,,,,,,,
STU-01492,2026-04-01,270000,UZS,Cash,,RCPT-N-03866,Completed,Tuition,Aprel tuition; source: TEMURBEK SCHOOL - Xursandmurodova Shamsiya 45% (1).csv line 10,,,,,,,
STU-01492,2026-05-01,270000,UZS,Cash,,RCPT-N-03867,Completed,Tuition,May tuition; source: TEMURBEK SCHOOL - Xursandmurodova Shamsiya 45% (1).csv line 10,,,,,,,
STU-01493,2026-02-01,155000,UZS,Cash,,RCPT-N-03868,Completed,Tuition,Fevral tuition; source: TEMURBEK SCHOOL - Xursandmurodova Shamsiya 45% (1).csv line 11,monthly_discount,fixed,115000,270000,115000,155000,true
STU-01493,2026-03-01,270000,UZS,Cash,,RCPT-N-03869,Completed,Tuition,Mart tuition; source: TEMURBEK SCHOOL - Xursandmurodova Shamsiya 45% (1).csv line 11,,,,,,,
STU-01493,2026-04-01,270000,UZS,Cash,,RCPT-N-03870,Completed,Tuition,Aprel tuition; source: TEMURBEK SCHOOL - Xursandmurodova Shamsiya 45% (1).csv line 11,,,,,,,
STU-01493,2026-05-01,270000,UZS,Cash,,RCPT-N-03871,Completed,Tuition,May tuition; source: TEMURBEK SCHOOL - Xursandmurodova Shamsiya 45% (1).csv line 11,,,,,,,
STU-01494,2026-02-01,135000,UZS,Cash,,RCPT-N-03872,Completed,Tuition,Fevral tuition; source: TEMURBEK SCHOOL - Xursandmurodova Shamsiya 45% (1).csv line 12,monthly_discount,fixed,135000,270000,135000,135000,true
STU-01494,2026-03-01,270000,UZS,Cash,,RCPT-N-03873,Completed,Tuition,Mart tuition; source: TEMURBEK SCHOOL - Xursandmurodova Shamsiya 45% (1).csv line 12,,,,,,,
STU-01494,2026-04-01,270000,UZS,Cash,,RCPT-N-03874,Completed,Tuition,Aprel tuition; source: TEMURBEK SCHOOL - Xursandmurodova Shamsiya 45% (1).csv line 12,,,,,,,
STU-01494,2026-05-01,270000,UZS,Cash,,RCPT-N-03875,Completed,Tuition,May tuition; source: TEMURBEK SCHOOL - Xursandmurodova Shamsiya 45% (1).csv line 12,,,,,,,
STU-01494,2026-06-01,270000,UZS,Cash,,RCPT-N-03876,Completed,Tuition,Iyun tuition; source: TEMURBEK SCHOOL - Xursandmurodova Shamsiya 45% (1).csv line 12,,,,,,,
STU-01495,2026-02-01,135000,UZS,Cash,,RCPT-N-03877,Completed,Tuition,Fevral tuition; source: TEMURBEK SCHOOL - Xursandmurodova Shamsiya 45% (1).csv line 13,monthly_discount,fixed,135000,270000,135000,135000,true
STU-01495,2026-03-01,270000,UZS,Cash,,RCPT-N-03878,Completed,Tuition,Mart tuition; source: TEMURBEK SCHOOL - Xursandmurodova Shamsiya 45% (1).csv line 13,,,,,,,
STU-01495,2026-04-01,270000,UZS,Cash,,RCPT-N-03879,Completed,Tuition,Aprel tuition; source: TEMURBEK SCHOOL - Xursandmurodova Shamsiya 45% (1).csv line 13,,,,,,,
STU-01495,2026-05-01,270000,UZS,Cash,,RCPT-N-03880,Completed,Tuition,May tuition; source: TEMURBEK SCHOOL - Xursandmurodova Shamsiya 45% (1).csv line 13,,,,,,,
STU-01495,2026-06-01,270000,UZS,Cash,,RCPT-N-03881,Completed,Tuition,Iyun tuition; source: TEMURBEK SCHOOL - Xursandmurodova Shamsiya 45% (1).csv line 13,,,,,,,
STU-01496,2026-02-01,135000,UZS,Cash,,RCPT-N-03882,Completed,Tuition,Fevral tuition; source: TEMURBEK SCHOOL - Xursandmurodova Shamsiya 45% (1).csv line 14,monthly_discount,fixed,135000,270000,135000,135000,true
STU-01496,2026-03-01,270000,UZS,Cash,,RCPT-N-03883,Completed,Tuition,Mart tuition; source: TEMURBEK SCHOOL - Xursandmurodova Shamsiya 45% (1).csv line 14,,,,,,,
STU-01496,2026-04-01,270000,UZS,Cash,,RCPT-N-03884,Completed,Tuition,Aprel tuition; source: TEMURBEK SCHOOL - Xursandmurodova Shamsiya 45% (1).csv line 14,,,,,,,
STU-01496,2026-05-01,270000,UZS,Cash,,RCPT-N-03885,Completed,Tuition,May tuition; source: TEMURBEK SCHOOL - Xursandmurodova Shamsiya 45% (1).csv line 14,,,,,,,
STU-01496,2026-06-01,270000,UZS,Cash,,RCPT-N-03886,Completed,Tuition,Iyun tuition; source: TEMURBEK SCHOOL - Xursandmurodova Shamsiya 45% (1).csv line 14,,,,,,,
STU-01497,2026-03-01,270000,UZS,Cash,,RCPT-N-03887,Completed,Tuition,Mart tuition; source: TEMURBEK SCHOOL - Xursandmurodova Shamsiya 45% (1).csv line 15,,,,,,,
STU-01497,2026-04-01,270000,UZS,Cash,,RCPT-N-03888,Completed,Tuition,Aprel tuition; source: TEMURBEK SCHOOL - Xursandmurodova Shamsiya 45% (1).csv line 15,,,,,,,
STU-01497,2026-05-01,270000,UZS,Cash,,RCPT-N-03889,Completed,Tuition,May tuition; source: TEMURBEK SCHOOL - Xursandmurodova Shamsiya 45% (1).csv line 15,,,,,,,
STU-01498,2025-12-01,270000,UZS,Cash,,RCPT-N-03890,Completed,Tuition,Dekabr tuition; source: TEMURBEK SCHOOL - Xursandmurodova Shamsiya 45% (1).csv line 16,,,,,,,
STU-01498,2026-01-01,270000,UZS,Cash,,RCPT-N-03891,Completed,Tuition,Yanvar tuition; source: TEMURBEK SCHOOL - Xursandmurodova Shamsiya 45% (1).csv line 16,,,,,,,
STU-01498,2026-02-01,270000,UZS,Cash,,RCPT-N-03892,Completed,Tuition,Fevral tuition; source: TEMURBEK SCHOOL - Xursandmurodova Shamsiya 45% (1).csv line 16,,,,,,,
STU-01498,2026-03-01,270000,UZS,Cash,,RCPT-N-03893,Completed,Tuition,Mart tuition; source: TEMURBEK SCHOOL - Xursandmurodova Shamsiya 45% (1).csv line 16,,,,,,,
STU-01498,2026-04-01,270000,UZS,Cash,,RCPT-N-03894,Completed,Tuition,Aprel tuition; source: TEMURBEK SCHOOL - Xursandmurodova Shamsiya 45% (1).csv line 16,,,,,,,
STU-01498,2026-05-01,270000,UZS,Cash,,RCPT-N-03895,Completed,Tuition,May tuition; source: TEMURBEK SCHOOL - Xursandmurodova Shamsiya 45% (1).csv line 16,,,,,,,
STU-01498,2026-06-01,270000,UZS,Cash,,RCPT-N-03896,Completed,Tuition,Iyun tuition; source: TEMURBEK SCHOOL - Xursandmurodova Shamsiya 45% (1).csv line 16,,,,,,,
STU-01499,2026-03-01,270000,UZS,Cash,,RCPT-N-03897,Completed,Tuition,Mart tuition; source: TEMURBEK SCHOOL - Xursandmurodova Shamsiya 45% (1).csv line 17,,,,,,,
STU-01499,2026-04-01,270000,UZS,Cash,,RCPT-N-03898,Completed,Tuition,Aprel tuition; source: TEMURBEK SCHOOL - Xursandmurodova Shamsiya 45% (1).csv line 17,,,,,,,
STU-01499,2026-05-01,270000,UZS,Cash,,RCPT-N-03899,Completed,Tuition,May tuition; source: TEMURBEK SCHOOL - Xursandmurodova Shamsiya 45% (1).csv line 17,,,,,,,
STU-01499,2026-06-01,270000,UZS,Cash,,RCPT-N-03900,Completed,Tuition,Iyun tuition; source: TEMURBEK SCHOOL - Xursandmurodova Shamsiya 45% (1).csv line 17,,,,,,,
STU-01501,2026-06-01,270000,UZS,Cash,,RCPT-N-03901,Completed,Tuition,Iyun tuition; source: TEMURBEK SCHOOL - Xursandmurodova Shamsiya 45% (1).csv line 19,,,,,,,
STU-01502,2026-06-01,270000,UZS,Cash,,RCPT-N-03902,Completed,Tuition,Iyun tuition; source: TEMURBEK SCHOOL - Xursandmurodova Shamsiya 45% (1).csv line 20,,,,,,,
STU-01503,2026-06-01,270000,UZS,Cash,,RCPT-N-03903,Completed,Tuition,Iyun tuition; source: TEMURBEK SCHOOL - Xursandmurodova Shamsiya 45% (1).csv line 21,,,,,,,
STU-01504,2025-12-01,270000,UZS,Cash,,RCPT-N-03904,Completed,Tuition,Dekabr tuition; source: TEMURBEK SCHOOL - Xursandmurodova Shamsiya 45% (1).csv line 29,,,,,,,
STU-01504,2026-01-01,250000,UZS,Cash,,RCPT-N-03905,Completed,Tuition,Yanvar tuition; source: TEMURBEK SCHOOL - Xursandmurodova Shamsiya 45% (1).csv line 29,monthly_discount,fixed,20000,270000,20000,250000,true
STU-01504,2026-02-01,260000,UZS,Cash,,RCPT-N-03906,Completed,Tuition,Fevral tuition; source: TEMURBEK SCHOOL - Xursandmurodova Shamsiya 45% (1).csv line 29,serial_discount,fixed,10000,270000,10000,260000,true
STU-01504,2026-03-01,260000,UZS,Cash,,RCPT-N-03907,Completed,Tuition,Mart tuition; source: TEMURBEK SCHOOL - Xursandmurodova Shamsiya 45% (1).csv line 29,serial_discount,fixed,10000,270000,10000,260000,true
STU-01504,2026-04-01,260000,UZS,Cash,,RCPT-N-03908,Completed,Tuition,Aprel tuition; source: TEMURBEK SCHOOL - Xursandmurodova Shamsiya 45% (1).csv line 29,serial_discount,fixed,10000,270000,10000,260000,true
STU-01504,2026-05-01,260000,UZS,Cash,,RCPT-N-03909,Completed,Tuition,May tuition; source: TEMURBEK SCHOOL - Xursandmurodova Shamsiya 45% (1).csv line 29,serial_discount,fixed,10000,270000,10000,260000,true
STU-01505,2025-12-01,270000,UZS,Cash,,RCPT-N-03910,Completed,Tuition,Dekabr tuition; source: TEMURBEK SCHOOL - Xursandmurodova Shamsiya 45% (1).csv line 30,,,,,,,
STU-01505,2026-01-01,270000,UZS,Cash,,RCPT-N-03911,Completed,Tuition,Yanvar tuition; source: TEMURBEK SCHOOL - Xursandmurodova Shamsiya 45% (1).csv line 30,,,,,,,
STU-01505,2026-02-01,270000,UZS,Cash,,RCPT-N-03912,Completed,Tuition,Fevral tuition; source: TEMURBEK SCHOOL - Xursandmurodova Shamsiya 45% (1).csv line 30,,,,,,,
STU-01505,2026-03-01,270000,UZS,Cash,,RCPT-N-03913,Completed,Tuition,Mart tuition; source: TEMURBEK SCHOOL - Xursandmurodova Shamsiya 45% (1).csv line 30,,,,,,,
STU-01505,2026-04-01,270000,UZS,Cash,,RCPT-N-03914,Completed,Tuition,Aprel tuition; source: TEMURBEK SCHOOL - Xursandmurodova Shamsiya 45% (1).csv line 30,,,,,,,
STU-01505,2026-05-01,270000,UZS,Cash,,RCPT-N-03915,Completed,Tuition,May tuition; source: TEMURBEK SCHOOL - Xursandmurodova Shamsiya 45% (1).csv line 30,,,,,,,
STU-01506,2025-12-01,270000,UZS,Cash,,RCPT-N-03916,Completed,Tuition,Dekabr tuition; source: TEMURBEK SCHOOL - Xursandmurodova Shamsiya 45% (1).csv line 31,,,,,,,
STU-01506,2026-01-01,270000,UZS,Cash,,RCPT-N-03917,Completed,Tuition,Yanvar tuition; source: TEMURBEK SCHOOL - Xursandmurodova Shamsiya 45% (1).csv line 31,,,,,,,
STU-01506,2026-02-01,270000,UZS,Cash,,RCPT-N-03918,Completed,Tuition,Fevral tuition; source: TEMURBEK SCHOOL - Xursandmurodova Shamsiya 45% (1).csv line 31,,,,,,,
STU-01506,2026-03-01,270000,UZS,Cash,,RCPT-N-03919,Completed,Tuition,Mart tuition; source: TEMURBEK SCHOOL - Xursandmurodova Shamsiya 45% (1).csv line 31,,,,,,,
STU-01506,2026-04-01,270000,UZS,Cash,,RCPT-N-03920,Completed,Tuition,Aprel tuition; source: TEMURBEK SCHOOL - Xursandmurodova Shamsiya 45% (1).csv line 31,,,,,,,
STU-01506,2026-05-01,270000,UZS,Cash,,RCPT-N-03921,Completed,Tuition,May tuition; source: TEMURBEK SCHOOL - Xursandmurodova Shamsiya 45% (1).csv line 31,,,,,,,
STU-01506,2026-06-01,270000,UZS,Cash,,RCPT-N-03922,Completed,Tuition,Iyun tuition; source: TEMURBEK SCHOOL - Xursandmurodova Shamsiya 45% (1).csv line 31,,,,,,,
STU-01507,2025-12-01,270000,UZS,Cash,,RCPT-N-03923,Completed,Tuition,Dekabr tuition; source: TEMURBEK SCHOOL - Xursandmurodova Shamsiya 45% (1).csv line 32,,,,,,,
STU-01507,2026-01-01,265000,UZS,Cash,,RCPT-N-03924,Completed,Tuition,Yanvar tuition; source: TEMURBEK SCHOOL - Xursandmurodova Shamsiya 45% (1).csv line 32,monthly_discount,fixed,5000,270000,5000,265000,true
STU-01507,2026-02-01,270000,UZS,Cash,,RCPT-N-03925,Completed,Tuition,Fevral tuition; source: TEMURBEK SCHOOL - Xursandmurodova Shamsiya 45% (1).csv line 32,,,,,,,
STU-01507,2026-03-01,270000,UZS,Cash,,RCPT-N-03926,Completed,Tuition,Mart tuition; source: TEMURBEK SCHOOL - Xursandmurodova Shamsiya 45% (1).csv line 32,,,,,,,
STU-01507,2026-04-01,270000,UZS,Cash,,RCPT-N-03927,Completed,Tuition,Aprel tuition; source: TEMURBEK SCHOOL - Xursandmurodova Shamsiya 45% (1).csv line 32,,,,,,,
STU-01507,2026-05-01,270000,UZS,Cash,,RCPT-N-03928,Completed,Tuition,May tuition; source: TEMURBEK SCHOOL - Xursandmurodova Shamsiya 45% (1).csv line 32,,,,,,,
STU-01508,2025-12-01,270000,UZS,Cash,,RCPT-N-03929,Completed,Tuition,Dekabr tuition; source: TEMURBEK SCHOOL - Xursandmurodova Shamsiya 45% (1).csv line 33,,,,,,,
STU-01508,2026-01-01,270000,UZS,Cash,,RCPT-N-03930,Completed,Tuition,Yanvar tuition; source: TEMURBEK SCHOOL - Xursandmurodova Shamsiya 45% (1).csv line 33,,,,,,,
STU-01508,2026-02-01,270000,UZS,Cash,,RCPT-N-03931,Completed,Tuition,Fevral tuition; source: TEMURBEK SCHOOL - Xursandmurodova Shamsiya 45% (1).csv line 33,,,,,,,
STU-01508,2026-03-01,270000,UZS,Cash,,RCPT-N-03932,Completed,Tuition,Mart tuition; source: TEMURBEK SCHOOL - Xursandmurodova Shamsiya 45% (1).csv line 33,,,,,,,
STU-01508,2026-04-01,270000,UZS,Cash,,RCPT-N-03933,Completed,Tuition,Aprel tuition; source: TEMURBEK SCHOOL - Xursandmurodova Shamsiya 45% (1).csv line 33,,,,,,,
STU-01508,2026-05-01,270000,UZS,Cash,,RCPT-N-03934,Completed,Tuition,May tuition; source: TEMURBEK SCHOOL - Xursandmurodova Shamsiya 45% (1).csv line 33,,,,,,,
STU-01508,2026-06-01,270000,UZS,Cash,,RCPT-N-03935,Completed,Tuition,Iyun tuition; source: TEMURBEK SCHOOL - Xursandmurodova Shamsiya 45% (1).csv line 33,,,,,,,
STU-01509,2025-12-01,270000,UZS,Cash,,RCPT-N-03936,Completed,Tuition,Dekabr tuition; source: TEMURBEK SCHOOL - Xursandmurodova Shamsiya 45% (1).csv line 34,,,,,,,
STU-01509,2026-01-01,270000,UZS,Cash,,RCPT-N-03937,Completed,Tuition,Yanvar tuition; source: TEMURBEK SCHOOL - Xursandmurodova Shamsiya 45% (1).csv line 34,,,,,,,
STU-01509,2026-02-01,270000,UZS,Cash,,RCPT-N-03938,Completed,Tuition,Fevral tuition; source: TEMURBEK SCHOOL - Xursandmurodova Shamsiya 45% (1).csv line 34,,,,,,,
STU-01509,2026-03-01,270000,UZS,Cash,,RCPT-N-03939,Completed,Tuition,Mart tuition; source: TEMURBEK SCHOOL - Xursandmurodova Shamsiya 45% (1).csv line 34,,,,,,,
STU-01509,2026-04-01,270000,UZS,Cash,,RCPT-N-03940,Completed,Tuition,Aprel tuition; source: TEMURBEK SCHOOL - Xursandmurodova Shamsiya 45% (1).csv line 34,,,,,,,
STU-01509,2026-05-01,270000,UZS,Cash,,RCPT-N-03941,Completed,Tuition,May tuition; source: TEMURBEK SCHOOL - Xursandmurodova Shamsiya 45% (1).csv line 34,,,,,,,
STU-01509,2026-06-01,270000,UZS,Cash,,RCPT-N-03942,Completed,Tuition,Iyun tuition; source: TEMURBEK SCHOOL - Xursandmurodova Shamsiya 45% (1).csv line 34,,,,,,,
STU-01510,2025-12-01,270000,UZS,Cash,,RCPT-N-03943,Completed,Tuition,Dekabr tuition; source: TEMURBEK SCHOOL - Xursandmurodova Shamsiya 45% (1).csv line 35,,,,,,,
STU-01510,2026-01-01,270000,UZS,Cash,,RCPT-N-03944,Completed,Tuition,Yanvar tuition; source: TEMURBEK SCHOOL - Xursandmurodova Shamsiya 45% (1).csv line 35,,,,,,,
STU-01510,2026-02-01,270000,UZS,Cash,,RCPT-N-03945,Completed,Tuition,Fevral tuition; source: TEMURBEK SCHOOL - Xursandmurodova Shamsiya 45% (1).csv line 35,,,,,,,
STU-01510,2026-03-01,270000,UZS,Cash,,RCPT-N-03946,Completed,Tuition,Mart tuition; source: TEMURBEK SCHOOL - Xursandmurodova Shamsiya 45% (1).csv line 35,,,,,,,
STU-01510,2026-04-01,270000,UZS,Cash,,RCPT-N-03947,Completed,Tuition,Aprel tuition; source: TEMURBEK SCHOOL - Xursandmurodova Shamsiya 45% (1).csv line 35,,,,,,,
STU-01510,2026-05-01,270000,UZS,Cash,,RCPT-N-03948,Completed,Tuition,May tuition; source: TEMURBEK SCHOOL - Xursandmurodova Shamsiya 45% (1).csv line 35,,,,,,,
STU-01511,2025-12-01,270000,UZS,Cash,,RCPT-N-03949,Completed,Tuition,Dekabr tuition; source: TEMURBEK SCHOOL - Xursandmurodova Shamsiya 45% (1).csv line 36,,,,,,,
STU-01511,2026-01-01,270000,UZS,Cash,,RCPT-N-03950,Completed,Tuition,Yanvar tuition; source: TEMURBEK SCHOOL - Xursandmurodova Shamsiya 45% (1).csv line 36,,,,,,,
STU-01511,2026-02-01,270000,UZS,Cash,,RCPT-N-03951,Completed,Tuition,Fevral tuition; source: TEMURBEK SCHOOL - Xursandmurodova Shamsiya 45% (1).csv line 36,,,,,,,
STU-01511,2026-03-01,270000,UZS,Cash,,RCPT-N-03952,Completed,Tuition,Mart tuition; source: TEMURBEK SCHOOL - Xursandmurodova Shamsiya 45% (1).csv line 36,,,,,,,
STU-01511,2026-04-01,270000,UZS,Cash,,RCPT-N-03953,Completed,Tuition,Aprel tuition; source: TEMURBEK SCHOOL - Xursandmurodova Shamsiya 45% (1).csv line 36,,,,,,,
STU-01511,2026-05-01,250000,UZS,Cash,,RCPT-N-03954,Completed,Tuition,May tuition; source: TEMURBEK SCHOOL - Xursandmurodova Shamsiya 45% (1).csv line 36,serial_discount,fixed,20000,270000,20000,250000,true
STU-01511,2026-06-01,250000,UZS,Cash,,RCPT-N-03955,Completed,Tuition,Iyun tuition; source: TEMURBEK SCHOOL - Xursandmurodova Shamsiya 45% (1).csv line 36,serial_discount,fixed,20000,270000,20000,250000,true
STU-01513,2025-12-01,250000,UZS,Cash,,RCPT-N-03956,Completed,Tuition,Dekabr tuition; source: TEMURBEK SCHOOL - Xursandmurodova Shamsiya 45% (1).csv line 38,serial_discount,fixed,20000,270000,20000,250000,true
STU-01513,2026-01-01,250000,UZS,Cash,,RCPT-N-03957,Completed,Tuition,Yanvar tuition; source: TEMURBEK SCHOOL - Xursandmurodova Shamsiya 45% (1).csv line 38,serial_discount,fixed,20000,270000,20000,250000,true
STU-01513,2026-02-01,250000,UZS,Cash,,RCPT-N-03958,Completed,Tuition,Fevral tuition; source: TEMURBEK SCHOOL - Xursandmurodova Shamsiya 45% (1).csv line 38,serial_discount,fixed,20000,270000,20000,250000,true
STU-01513,2026-03-01,250000,UZS,Cash,,RCPT-N-03959,Completed,Tuition,Mart tuition; source: TEMURBEK SCHOOL - Xursandmurodova Shamsiya 45% (1).csv line 38,serial_discount,fixed,20000,270000,20000,250000,true
STU-01513,2026-04-01,250000,UZS,Cash,,RCPT-N-03960,Completed,Tuition,Aprel tuition; source: TEMURBEK SCHOOL - Xursandmurodova Shamsiya 45% (1).csv line 38,serial_discount,fixed,20000,270000,20000,250000,true
STU-01513,2026-05-01,250000,UZS,Cash,,RCPT-N-03961,Completed,Tuition,May tuition; source: TEMURBEK SCHOOL - Xursandmurodova Shamsiya 45% (1).csv line 38,serial_discount,fixed,20000,270000,20000,250000,true
STU-01513,2026-06-01,250000,UZS,Cash,,RCPT-N-03962,Completed,Tuition,Iyun tuition; source: TEMURBEK SCHOOL - Xursandmurodova Shamsiya 45% (1).csv line 38,serial_discount,fixed,20000,270000,20000,250000,true
STU-01515,2026-04-01,270000,UZS,Cash,,RCPT-N-03963,Completed,Tuition,Aprel tuition; source: TEMURBEK SCHOOL - Xursandmurodova Shamsiya 45% (1).csv line 40,,,,,,,
STU-01515,2026-05-01,270000,UZS,Cash,,RCPT-N-03964,Completed,Tuition,May tuition; source: TEMURBEK SCHOOL - Xursandmurodova Shamsiya 45% (1).csv line 40,,,,,,,
STU-01516,2026-05-01,270000,UZS,Cash,,RCPT-N-03965,Completed,Tuition,May tuition; source: TEMURBEK SCHOOL - Xursandmurodova Shamsiya 45% (1).csv line 41,,,,,,,
STU-01517,2026-05-01,200000,UZS,Cash,,RCPT-N-03966,Completed,Tuition,May tuition; source: TEMURBEK SCHOOL - Xursandmurodova Shamsiya 45% (1).csv line 42,monthly_discount,fixed,70000,270000,70000,200000,true
STU-01518,2026-06-01,270000,UZS,Cash,,RCPT-N-03967,Completed,Tuition,Iyun tuition; source: TEMURBEK SCHOOL - Xursandmurodova Shamsiya 45% (1).csv line 43,,,,,,,
STU-01519,2026-02-01,270000,UZS,Cash,,RCPT-N-03968,Completed,Tuition,Fevral tuition; source: TEMURBEK SCHOOL - Uktamov Alisher 50% (1).csv line 97,monthly_discount,fixed,10000,280000,10000,270000,true
STU-01519,2026-03-01,270000,UZS,Cash,,RCPT-N-03969,Completed,Tuition,Mart tuition; source: TEMURBEK SCHOOL - Uktamov Alisher 50% (1).csv line 97,monthly_discount,fixed,10000,280000,10000,270000,true
STU-01519,2026-04-01,270000,UZS,Cash,,RCPT-N-03970,Completed,Tuition,Aprel tuition; source: TEMURBEK SCHOOL - Uktamov Alisher 50% (1).csv line 97,monthly_discount,fixed,10000,280000,10000,270000,true
STU-01519,2026-05-01,280000,UZS,Cash,,RCPT-N-03971,Completed,Tuition,May tuition; source: TEMURBEK SCHOOL - Uktamov Alisher 50% (1).csv line 97,,,,,,,
STU-01520,2026-02-01,280000,UZS,Cash,,RCPT-N-03972,Completed,Tuition,Fevral tuition; source: TEMURBEK SCHOOL - Uktamov Alisher 50% (1).csv line 98,,,,,,,
STU-01520,2026-03-01,280000,UZS,Cash,,RCPT-N-03973,Completed,Tuition,Mart tuition; source: TEMURBEK SCHOOL - Uktamov Alisher 50% (1).csv line 98,,,,,,,
STU-01520,2026-04-01,280000,UZS,Cash,,RCPT-N-03974,Completed,Tuition,Aprel tuition; source: TEMURBEK SCHOOL - Uktamov Alisher 50% (1).csv line 98,,,,,,,
STU-01520,2026-05-01,280000,UZS,Cash,,RCPT-N-03975,Completed,Tuition,May tuition; source: TEMURBEK SCHOOL - Uktamov Alisher 50% (1).csv line 98,,,,,,,
STU-01521,2026-02-01,280000,UZS,Cash,,RCPT-N-03976,Completed,Tuition,Fevral tuition; source: TEMURBEK SCHOOL - Uktamov Alisher 50% (1).csv line 99,,,,,,,
STU-01521,2026-03-01,280000,UZS,Cash,,RCPT-N-03977,Completed,Tuition,Mart tuition; source: TEMURBEK SCHOOL - Uktamov Alisher 50% (1).csv line 99,,,,,,,
STU-01521,2026-04-01,280000,UZS,Cash,,RCPT-N-03978,Completed,Tuition,Aprel tuition; source: TEMURBEK SCHOOL - Uktamov Alisher 50% (1).csv line 99,,,,,,,
STU-01521,2026-05-01,280000,UZS,Cash,,RCPT-N-03979,Completed,Tuition,May tuition; source: TEMURBEK SCHOOL - Uktamov Alisher 50% (1).csv line 99,,,,,,,
STU-01522,2026-02-01,250000,UZS,Cash,,RCPT-N-03980,Completed,Tuition,Fevral tuition; source: TEMURBEK SCHOOL - Uktamov Alisher 50% (1).csv line 100,serial_discount,fixed,30000,280000,30000,250000,true
STU-01522,2026-03-01,250000,UZS,Cash,,RCPT-N-03981,Completed,Tuition,Mart tuition; source: TEMURBEK SCHOOL - Uktamov Alisher 50% (1).csv line 100,serial_discount,fixed,30000,280000,30000,250000,true
STU-01522,2026-04-01,250000,UZS,Cash,,RCPT-N-03982,Completed,Tuition,Aprel tuition; source: TEMURBEK SCHOOL - Uktamov Alisher 50% (1).csv line 100,serial_discount,fixed,30000,280000,30000,250000,true
STU-01522,2026-05-01,250000,UZS,Cash,,RCPT-N-03983,Completed,Tuition,May tuition; source: TEMURBEK SCHOOL - Uktamov Alisher 50% (1).csv line 100,serial_discount,fixed,30000,280000,30000,250000,true
STU-01523,2026-02-01,275000,UZS,Cash,,RCPT-N-03984,Completed,Tuition,Fevral tuition; source: TEMURBEK SCHOOL - Uktamov Alisher 50% (1).csv line 101,monthly_discount,fixed,5000,280000,5000,275000,true
STU-01523,2026-03-01,280000,UZS,Cash,,RCPT-N-03985,Completed,Tuition,Mart tuition; source: TEMURBEK SCHOOL - Uktamov Alisher 50% (1).csv line 101,,,,,,,
STU-01523,2026-04-01,280000,UZS,Cash,,RCPT-N-03986,Completed,Tuition,Aprel tuition; source: TEMURBEK SCHOOL - Uktamov Alisher 50% (1).csv line 101,,,,,,,
STU-01524,2026-02-01,280000,UZS,Cash,,RCPT-N-03987,Completed,Tuition,Fevral tuition; source: TEMURBEK SCHOOL - Uktamov Alisher 50% (1).csv line 102,,,,,,,
STU-01524,2026-03-01,280000,UZS,Cash,,RCPT-N-03988,Completed,Tuition,Mart tuition; source: TEMURBEK SCHOOL - Uktamov Alisher 50% (1).csv line 102,,,,,,,
STU-01524,2026-04-01,280000,UZS,Cash,,RCPT-N-03989,Completed,Tuition,Aprel tuition; source: TEMURBEK SCHOOL - Uktamov Alisher 50% (1).csv line 102,,,,,,,
STU-01525,2026-02-01,280000,UZS,Cash,,RCPT-N-03990,Completed,Tuition,Fevral tuition; source: TEMURBEK SCHOOL - Uktamov Alisher 50% (1).csv line 103,,,,,,,
STU-01525,2026-03-01,280000,UZS,Cash,,RCPT-N-03991,Completed,Tuition,Mart tuition; source: TEMURBEK SCHOOL - Uktamov Alisher 50% (1).csv line 103,,,,,,,
STU-01525,2026-04-01,280000,UZS,Cash,,RCPT-N-03992,Completed,Tuition,Aprel tuition; source: TEMURBEK SCHOOL - Uktamov Alisher 50% (1).csv line 103,,,,,,,
STU-01525,2026-05-01,280000,UZS,Cash,,RCPT-N-03993,Completed,Tuition,May tuition; source: TEMURBEK SCHOOL - Uktamov Alisher 50% (1).csv line 103,,,,,,,
STU-01526,2026-02-01,280000,UZS,Cash,,RCPT-N-03994,Completed,Tuition,Fevral tuition; source: TEMURBEK SCHOOL - Uktamov Alisher 50% (1).csv line 104,,,,,,,
STU-01526,2026-04-01,300000,UZS,Cash,,RCPT-N-03995,Completed,Tuition,Aprel tuition; source: TEMURBEK SCHOOL - Uktamov Alisher 50% (1).csv line 104,,,,,,,
STU-01527,2026-02-01,90000,UZS,Cash,,RCPT-N-03996,Completed,Tuition,Fevral tuition; source: TEMURBEK SCHOOL - Uktamov Alisher 50% (1).csv line 105,monthly_discount,fixed,190000,280000,190000,90000,true
STU-01527,2026-03-01,280000,UZS,Cash,,RCPT-N-03997,Completed,Tuition,Mart tuition; source: TEMURBEK SCHOOL - Uktamov Alisher 50% (1).csv line 105,,,,,,,
STU-01527,2026-04-01,280000,UZS,Cash,,RCPT-N-03998,Completed,Tuition,Aprel tuition; source: TEMURBEK SCHOOL - Uktamov Alisher 50% (1).csv line 105,,,,,,,
STU-01527,2026-05-01,280000,UZS,Cash,,RCPT-N-03999,Completed,Tuition,May tuition; source: TEMURBEK SCHOOL - Uktamov Alisher 50% (1).csv line 105,,,,,,,
STU-01529,2026-03-01,70000,UZS,Cash,,RCPT-N-04000,Completed,Tuition,Mart tuition; source: TEMURBEK SCHOOL - Uktamov Alisher 50% (1).csv line 107,monthly_discount,fixed,210000,280000,210000,70000,true
STU-01529,2026-04-01,280000,UZS,Cash,,RCPT-N-04001,Completed,Tuition,Aprel tuition; source: TEMURBEK SCHOOL - Uktamov Alisher 50% (1).csv line 107,,,,,,,
STU-01530,2026-03-01,70000,UZS,Cash,,RCPT-N-04002,Completed,Tuition,Mart tuition; source: TEMURBEK SCHOOL - Uktamov Alisher 50% (1).csv line 108,monthly_discount,fixed,210000,280000,210000,70000,true
STU-01530,2026-04-01,280000,UZS,Cash,,RCPT-N-04003,Completed,Tuition,Aprel tuition; source: TEMURBEK SCHOOL - Uktamov Alisher 50% (1).csv line 108,,,,,,,
STU-01530,2026-05-01,280000,UZS,Cash,,RCPT-N-04004,Completed,Tuition,May tuition; source: TEMURBEK SCHOOL - Uktamov Alisher 50% (1).csv line 108,,,,,,,
STU-01531,2026-03-01,280000,UZS,Cash,,RCPT-N-04005,Completed,Tuition,Mart tuition; source: TEMURBEK SCHOOL - Uktamov Alisher 50% (1).csv line 109,,,,,,,
STU-01531,2026-04-01,270000,UZS,Cash,,RCPT-N-04006,Completed,Tuition,Aprel tuition; source: TEMURBEK SCHOOL - Uktamov Alisher 50% (1).csv line 109,monthly_discount,fixed,10000,280000,10000,270000,true
STU-01532,2026-02-01,280000,UZS,Cash,,RCPT-N-04007,Completed,Tuition,Fevral tuition; source: TEMURBEK SCHOOL - Uktamov Alisher 50% (1).csv line 110,,,,,,,
STU-01533,2026-05-01,280000,UZS,Cash,,RCPT-N-04008,Completed,Tuition,May tuition; source: TEMURBEK SCHOOL - Uktamov Alisher 50% (1).csv line 111,,,,,,,
STU-01534,2026-05-01,270000,UZS,Cash,,RCPT-N-04009,Completed,Tuition,May tuition; source: TEMURBEK SCHOOL - Uktamov Alisher 50% (1).csv line 112,monthly_discount,fixed,10000,280000,10000,270000,true
